-5.326322e-07,0.04157221,0.035117507,1.42643321624e+12,1.42643321641e+12,888888,0,164
-0.7988887,0.77838135,9.542806,1.42643321624e+12,1.42643321642e+12,777777,1,172
-5.326322e-07,-5.326322e-07,-5.326322e-07,1.42643321651e+12,1.42643321651e+12,888888,267,2
-1.0481204,1.0177336,9.735904,1.42643321651e+12,1.42643321652e+12,777777,268,5
7.799988,-6,-45.59999,1.42643321651e+12,1.42643321652e+12,999999,267,7
-5.326322e-07,0.023356987,-0.026765568,1.42643321656e+12,1.42643321656e+12,888888,316,4
-1.051713,1.0309062,9.602681,1.42643321656e+12,1.42643321657e+12,777777,317,14
-0.59999084,-11.399994,-44.699997,1.42643321656e+12,1.42643321658e+12,999999,316,17
-5.326322e-07,-5.326322e-07,-5.326322e-07,1.42643321661e+12,1.42643321662e+12,888888,366,15
-1.1216176,0.9916878,9.524394,1.42643321661e+12,1.42643321663e+12,777777,366,21
-8.699997,-16.799988,-43.799988,1.42643321661e+12,1.42643321663e+12,999999,366,24
-0.022444323,-5.326322e-07,-5.326322e-07,1.42643321666e+12,1.42643321667e+12,888888,419,9
-1.1948154,1.0304571,9.547147,1.42643321666e+12,1.42643321668e+12,777777,419,19
-8.699997,-16.5,-42.59999,1.42643321666e+12,1.42643321668e+12,999999,418,23
-5.326322e-07,-5.326322e-07,-5.326322e-07,1.4264332167e+12,1.42643321671e+12,888888,458,12
-1.2476555,0.99468154,9.580677,1.4264332167e+12,1.42643321672e+12,777777,458,18
-7.799988,-16.799988,-40.799988,1.4264332167e+12,1.42643321672e+12,999999,457,20
-0.033066873,-5.326322e-07,-0.040522657,1.42643321676e+12,1.42643321676e+12,888888,516,4
-1.2304413,1.040636,9.503886,1.42643321676e+12,1.42643321677e+12,777777,516,10
-8.099991,-17.399994,-41.399994,1.42643321676e+12,1.42643321677e+12,999999,516,11
-5.326322e-07,-5.326322e-07,-0.024492027,1.42643321681e+12,1.42643321681e+12,888888,567,5
-1.228645,1.031505,9.606723,1.42643321681e+12,1.42643321682e+12,777777,566,9
-8.399994,-17.699997,-43.199997,1.42643321681e+12,1.42643321682e+12,999999,567,10
-0.020245884,-5.326322e-07,-5.326322e-07,1.42643321686e+12,1.42643321686e+12,888888,617,5
-1.3457016,1.0797048,9.461675,1.42643321686e+12,1.42643321687e+12,777777,617,10
-8.099991,-18,-42.899994,1.42643321686e+12,1.42643321687e+12,999999,617,11
-5.326322e-07,-0.04587162,-0.023390811,1.42643321691e+12,1.42643321691e+12,888888,667,1
-1.3698015,1.1249107,9.508227,1.42643321691e+12,1.42643321692e+12,777777,667,12
-8.699997,-17.399994,-43.5,1.42643321691e+12,1.42643321692e+12,999999,667,13
-5.326322e-07,-0.05648458,-0.03190174,1.42643321696e+12,1.42643321696e+12,888888,717,1
-1.3201048,1.1597883,9.58891,1.42643321696e+12,1.42643321697e+12,777777,717,11
-8.399994,-16.799988,-43.199997,1.42643321696e+12,1.42643321697e+12,999999,717,12
0.04903705,-0.074558124,-0.054253384,1.42643321701e+12,1.42643321701e+12,888888,766,2
-1.2904664,1.14931,9.605525,1.42643321701e+12,1.42643321702e+12,777777,767,8
-8.699997,-16.799988,-41.399994,1.42643321701e+12,1.42643321702e+12,999999,767,9
0.046876695,-0.037230726,-0.057419885,1.42643321706e+12,1.42643321706e+12,888888,817,1
-1.2648697,1.1280541,9.53128,1.42643321706e+12,1.42643321706e+12,777777,817,5
-9,-15.599991,-41.399994,1.42643321706e+12,1.42643321706e+12,999999,817,6
0.11826486,-0.031882033,-0.06165005,1.4264332171e+12,1.4264332171e+12,888888,857,1
-1.2301419,1.1005114,9.395661,1.4264332171e+12,1.4264332171e+12,777777,856,6
-8.699997,-15.599991,-40.799988,1.4264332171e+12,1.42643321711e+12,999999,857,7
0.1044087,-0.02122353,-0.11281097,1.42643321716e+12,1.42643321716e+12,888888,917,1
-1.133443,1.0023156,9.180409,1.42643321716e+12,1.42643321716e+12,777777,917,4
-8.699997,-15.899994,-41.09999,1.42643321716e+12,1.42643321716e+12,999999,917,5
-5.326322e-07,-0.19495697,-0.24497646,1.4264332172e+12,1.42643321720e+12,888888,962,1
-0.9139993,1.019979,9.12233,1.4264332172e+12,1.42643321721e+12,777777,962,4
-8.399994,-15.899994,-41.09999,1.4264332172e+12,1.42643321721e+12,999999,961,6
-5.326322e-07,-0.21307632,-0.28121516,1.42643321725e+12,1.42643321725e+12,888888,1011,1
-0.6700067,1.1442206,9.710157,1.42643321725e+12,1.42643321726e+12,777777,1011,4
-8.699997,-16.799988,-40.799988,1.42643321725e+12,1.42643321726e+12,999999,1011,5
-0.070390545,-0.090503804,-0.1884863,1.42643321731e+12,1.42643321731e+12,888888,1066,1
-0.37661684,1.4977853,9.898466,1.42643321731e+12,1.42643321731e+12,777777,1066,4
-8.399994,-17.09999,-41.09999,1.42643321731e+12,1.42643321731e+12,999999,1066,5
-0.100234725,0.12906131,-0.07550621,1.42643321736e+12,1.42643321736e+12,888888,1116,1
-0.43709105,2.1044738,9.6654005,1.42643321736e+12,1.42643321736e+12,777777,1117,4
-8.399994,-17.09999,-41.09999,1.42643321736e+12,1.42643321736e+12,999999,1116,6
-5.326322e-07,0.038456045,0.049193114,1.42643321741e+12,1.42643321741e+12,888888,1167,1
-0.7791298,2.1671934,9.378298,1.42643321741e+12,1.42643321741e+12,777777,1166,6
-8.399994,-16.799988,-41.09999,1.42643321741e+12,1.42643321742e+12,999999,1167,7
-5.326322e-07,-0.17150918,-0.021177191,1.42643321746e+12,1.42643321746e+12,888888,1217,1
-0.94139236,1.7973125,9.1378975,1.42643321746e+12,1.42643321746e+12,777777,1216,7
-8.099991,-16.799988,-41.699997,1.42643321746e+12,1.42643321747e+12,999999,1216,9
0.03619369,-0.040393494,-0.032890838,1.42643321751e+12,1.42643321751e+12,888888,1267,1
-0.5695656,1.4434483,9.079519,1.42643321751e+12,1.42643321752e+12,777777,1267,8
-8.099991,-16.799988,-42.299988,1.42643321751e+12,1.42643321752e+12,999999,1266,10
0.057474744,0.06938387,0.10566438,1.42643321756e+12,1.42643321756e+12,888888,1318,1
-0.36389327,1.5965799,8.775651,1.42643321756e+12,1.42643321757e+12,777777,1318,7
-7.799988,-17.09999,-42,1.42643321756e+12,1.42643321757e+12,999999,1318,9
0.15340127,0.1738373,0.19839352,1.42643321761e+12,1.42643321761e+12,888888,1367,2
-0.42676255,1.7598903,8.443791,1.42643321761e+12,1.42643321762e+12,777777,1367,9
-8.399994,-17.699997,-42,1.42643321761e+12,1.42643321762e+12,999999,1367,11
0.17684987,0.1546519,0.3039125,1.42643321766e+12,1.42643321766e+12,888888,1418,1
-0.7405101,1.7142352,7.8019257,1.42643321766e+12,1.42643321767e+12,777777,1418,7
-8.399994,-17.699997,-41.09999,1.42643321766e+12,1.42643321767e+12,999999,1418,8
0.19070603,-0.04359621,0.34974417,1.42643321771e+12,1.42643321771e+12,888888,1466,1
-0.79544586,1.8097366,7.3645353,1.42643321771e+12,1.42643321772e+12,777777,1467,6
-8.399994,-18.299988,-40.799988,1.42643321771e+12,1.42643321772e+12,999999,1466,8
0.23440585,0.029947512,0.3348222,1.42643321776e+12,1.42643321776e+12,888888,1517,1
-0.36943176,1.6988173,7.8612027,1.42643321776e+12,1.42643321776e+12,777777,1517,6
-9.299988,-18.299988,-40.5,1.42643321776e+12,1.42643321777e+12,999999,1517,7
0.27917174,-0.09582267,0.2889908,1.42643321781e+12,1.42643321781e+12,888888,1567,1
-0.42436752,1.5265256,8.144713,1.42643321781e+12,1.42643321782e+12,777777,1567,6
-9.299988,-18,-40.5,1.42643321781e+12,1.42643321782e+12,999999,1566,8
-0.06509804,-0.51470196,0.1696154,1.42643321786e+12,1.42643321786e+12,888888,1616,1
-0.38380188,1.0461745,9.321566,1.42643321786e+12,1.42643321787e+12,777777,1616,8
-9.299988,-18.299988,-41.399994,1.42643321786e+12,1.42643321787e+12,999999,1616,10
-0.15676112,-0.037201166,0.17281306,1.42643321791e+12,1.42643321791e+12,888888,1667,1
-1.2608281,-0.19429596,12.01761,1.42643321791e+12,1.42643321792e+12,777777,1666,10
-9.599991,-18,-41.399994,1.42643321791e+12,1.42643321792e+12,999999,1667,11
-0.11199551,-0.22585657,0.120586336,1.42643321796e+12,1.42643321796e+12,888888,1718,1
-1.9989432,-0.40775207,12.910203,1.42643321796e+12,1.42643321797e+12,777777,1717,7
-9.599991,-17.09999,-41.699997,1.42643321796e+12,1.42643321797e+12,999999,1718,8
-0.6268011,-5.326322e-07,-0.14161253,1.42643321801e+12,1.42643321801e+12,888888,1767,1
-1.7756076,0.20926483,12.840748,1.42643321801e+12,1.42643321801e+12,777777,1766,6
-9.899994,-17.09999,-41.699997,1.42643321801e+12,1.42643321802e+12,999999,1766,7
-0.16102457,0.5895184,-0.15973215,1.42643321805e+12,1.42643321805e+12,888888,1810,2
-0.8945398,0.9722282,11.133099,1.42643321805e+12,1.42643321806e+12,777777,1810,6
-10.199997,-16.199997,-41.399994,1.42643321805e+12,1.42643321806e+12,999999,1810,7
-0.2473584,-0.09582267,0.028923262,1.4264332181e+12,1.42643321811e+12,888888,1858,8
-0.61911255,1.8118323,8.267907,1.4264332181e+12,1.42643321811e+12,777777,1858,13
-10.199997,-15.599991,-41.399994,1.4264332181e+12,1.42643321811e+12,999999,1858,14
0.035091676,0.20581281,0.042779155,1.42643321815e+12,1.42643321815e+12,888888,1911,1
-0.63647646,1.7923727,7.79519,1.42643321815e+12,1.42643321816e+12,777777,1911,9
-10.199997,-15.299988,-42.299988,1.42643321815e+12,1.42643321816e+12,999999,1911,10
0.2290766,-0.05958397,-5.326322e-07,1.42643321821e+12,1.42643321821e+12,888888,1967,1
-0.9440868,1.4521303,7.734865,1.42643321821e+12,1.42643321822e+12,777777,1967,10
-10.199997,-14.699997,-42.899994,1.42643321821e+12,1.42643321822e+12,999999,1967,12
0.2653153,-0.2002761,-0.25885606,1.42643321826e+12,1.42643321826e+12,888888,2018,1
-1.3010944,0.91549623,7.930359,1.42643321826e+12,1.42643321827e+12,777777,2018,10
-10.5,-15.599991,-42.299988,1.42643321826e+12,1.42643321827e+12,999999,2018,12
0.19496922,0.117347136,-0.4848165,1.4264332183e+12,1.4264332183e+12,888888,2057,5
-1.2091855,0.74664736,7.7113643,1.4264332183e+12,1.42643321831e+12,777777,2057,13
-9.899994,-16.199997,-42.299988,1.4264332183e+12,1.42643321831e+12,999999,2057,14
-5.326322e-07,0.082174234,-0.4773554,1.42643321835e+12,1.42643321835e+12,888888,2109,1
-1.3227992,0.87463117,7.7061253,1.42643321835e+12,1.42643321836e+12,777777,2109,6
-9.299988,-17.399994,-43.5,1.42643321835e+12,1.42643321836e+12,999999,2109,8
0.06280426,0.123742186,-0.31747782,1.42643321841e+12,1.42643321841e+12,888888,2166,1
-1.3474978,0.9985735,8.428074,1.42643321841e+12,1.42643321842e+12,777777,2166,8
-8.699997,-18.299988,-42.59999,1.42643321841e+12,1.42643321842e+12,999999,2166,9
0.026565032,-0.4081169,-0.23434167,1.42643321846e+12,1.42643321846e+12,888888,2219,1
-1.612896,1.1523038,9.438622,1.42643321846e+12,1.42643321847e+12,777777,2218,10
-7.5,-18.59999,-42,1.42643321846e+12,1.42643321847e+12,999999,2218,12
-0.20792204,-0.04146435,-0.18957606,1.42643321851e+12,1.42643321851e+12,888888,2266,5
-1.9775376,0.75023985,13.001663,1.42643321851e+12,1.42643321852e+12,777777,2267,16
-7.5,-18.59999,-42.299988,1.42643321851e+12,1.42643321853e+12,999999,2267,18
-0.4274869,-0.5541386,-0.23860486,1.42643321856e+12,1.42643321856e+12,888888,2316,1
-1.6269667,0.99078965,14.494209,1.42643321856e+12,1.42643321857e+12,777777,2317,8
-7.5,-17.399994,-40.199997,1.42643321856e+12,1.42643321857e+12,999999,2316,10
0.048947837,0.19941777,0.2996493,1.4264332186e+12,1.42643321860e+12,888888,2362,1
-0.96414506,1.0385404,14.45993,1.4264332186e+12,1.42643321861e+12,777777,2362,4
-7.5,-17.399994,-40.5,1.4264332186e+12,1.42643321861e+12,999999,2362,6
0.12568922,-0.11287648,0.26554194,1.42643321865e+12,1.42643321865e+12,888888,2411,1
-0.26030868,2.0981867,10.760374,1.42643321865e+12,1.42643321866e+12,777777,2410,5
-8.099991,-17.09999,-42.899994,1.42643321865e+12,1.42643321866e+12,999999,2411,6
0.034025878,-0.13739115,0.14083755,1.42643321871e+12,1.42643321871e+12,888888,2466,1
-0.36164796,1.8934126,8.758437,1.42643321871e+12,1.42643321871e+12,777777,2466,5
-8.699997,-17.09999,-42.899994,1.42643321871e+12,1.42643321872e+12,999999,2466,7
0.10330615,0.11841293,-5.326322e-07,1.42643321876e+12,1.42643321876e+12,888888,2516,2
-0.42796004,1.1684701,7.519613,1.42643321876e+12,1.42643321877e+12,777777,2517,9
-8.699997,-17.399994,-42.899994,1.42643321876e+12,1.42643321877e+12,999999,2517,11
0.0372262,-0.034010164,0.04276877,1.42643321881e+12,1.42643321881e+12,888888,2567,2
-0.6870712,0.805475,7.365284,1.42643321881e+12,1.42643321882e+12,777777,2567,11
-9.299988,-17.09999,-42.299988,1.42643321881e+12,1.42643321882e+12,999999,2567,13
0.05213617,0.11202108,0.17492281,1.42643321886e+12,1.42643321886e+12,888888,2616,1
-0.5125342,0.99049026,8.600216,1.42643321886e+12,1.42643321886e+12,777777,2616,7
-9.299988,-17.399994,-40.5,1.42643321886e+12,1.42643321887e+12,999999,2617,8
0.051070374,0.232462,0.32840505,1.42643321891e+12,1.42643321891e+12,888888,2666,1
-0.35760635,1.2338841,8.903785,1.42643321891e+12,1.42643321891e+12,777777,2666,6
-9,-16.799988,-40.5,1.42643321891e+12,1.42643321892e+12,999999,2665,8
0.04041187,0.08111163,0.32947084,1.42643321896e+12,1.42643321896e+12,888888,2717,1
-0.14684464,1.4183006,8.205187,1.42643321896e+12,1.42643321897e+12,777777,2717,8
-9.299988,-18,-42.299988,1.42643321896e+12,1.42643321897e+12,999999,2717,9
0.0894412,-5.326322e-07,0.20689832,1.42643321901e+12,1.42643321901e+12,888888,2768,1
0.049846344,1.4425502,8.032297,1.42643321901e+12,1.42643321902e+12,777777,2767,12
-9,-17.399994,-42.299988,1.42643321901e+12,1.42643321902e+12,999999,2768,13
0.20775026,-0.22265545,0.09924749,1.42643321906e+12,1.42643321906e+12,888888,2818,1
0.26060808,1.1948154,8.384066,1.42643321906e+12,1.42643321907e+12,777777,2818,7
-8.699997,-17.699997,-42.59999,1.42643321906e+12,1.42643321907e+12,999999,2818,9
0.21734297,-0.1587047,-0.037181456,1.4264332191e+12,1.4264332191e+12,888888,2859,1
0.3543132,1.1418256,8.857381,1.4264332191e+12,1.42643321911e+12,777777,2858,8
-8.399994,-18.299988,-42.299988,1.4264332191e+12,1.42643321911e+12,999999,2858,9
-0.050185405,-0.41237718,-0.15122707,1.42643321915e+12,1.42643321915e+12,888888,2910,2
-0.025447082,0.89932984,9.929302,1.42643321915e+12,1.42643321916e+12,777777,2911,5
-9.299988,-18,-40.5,1.42643321915e+12,1.42643321916e+12,999999,2911,6
0.023358053,-0.20879956,-0.15762238,1.4264332192e+12,1.4264332192e+12,888888,2959,1
-1.2840298,0.5439688,12.182417,1.4264332192e+12,1.42643321921e+12,777777,2959,5
-10.199997,-18.299988,-41.09999,1.4264332192e+12,1.42643321921e+12,999999,2959,6
-0.13012418,-0.44008923,-0.32602686,1.42643321925e+12,1.42643321925e+12,888888,3009,1
-1.8251545,0.60863435,12.672049,1.42643321925e+12,1.42643321926e+12,777777,3009,6
-10.5,-17.699997,-41.09999,1.42643321925e+12,1.42643321926e+12,999999,3009,8
-0.26122388,0.6854484,-0.2109149,1.42643321931e+12,1.42643321931e+12,888888,3066,2
-1.6718733,0.9542656,11.929742,1.42643321931e+12,1.42643321931e+12,777777,3066,6
-10.5,-17.699997,-40.799988,1.42643321931e+12,1.42643321932e+12,999999,3066,8
-0.2260507,0.42964458,-0.049971554,1.42643321936e+12,1.42643321936e+12,888888,3118,2
-1.7886305,1.4763799,9.8414345,1.42643321936e+12,1.42643321937e+12,777777,3119,9
-9.299988,-17.699997,-41.09999,1.42643321936e+12,1.42643321937e+12,999999,3118,11
-0.25696015,0.34544235,0.1685275,1.42643321941e+12,1.42643321941e+12,888888,3167,2
-1.9613713,1.5341597,8.632698,1.42643321941e+12,1.42643321942e+12,777777,3168,11
-8.099991,-17.399994,-40.5,1.42643321941e+12,1.42643321942e+12,999999,3168,13
-0.05764652,0.03847762,0.13228853,1.42643321946e+12,1.42643321946e+12,888888,3218,1
-2.0426524,1.3647121,8.503068,1.42643321946e+12,1.42643321947e+12,777777,3217,7
-7.799988,-18,-40.5,1.42643321946e+12,1.42643321947e+12,999999,3218,8
0.18536747,0.15145743,0.07686442,1.42643321951e+12,1.42643321951e+12,888888,3266,1
-2.0198996,0.8981323,8.460706,1.42643321951e+12,1.42643321951e+12,777777,3266,5
-7.199997,-17.699997,-41.09999,1.42643321951e+12,1.42643321952e+12,999999,3266,7
0.094770186,-0.04039536,-0.23649536,1.42643321956e+12,1.42643321956e+12,888888,3316,1
-1.975442,0.78945833,7.5844283,1.42643321956e+12,1.42643321956e+12,777777,3317,5
-6.899994,-17.399994,-41.399994,1.42643321956e+12,1.42643321956e+12,999999,3317,6
0.12248224,-0.107544035,-0.36439714,1.42643321961e+12,1.42643321961e+12,888888,3367,1
-1.7564474,0.63108766,7.89608,1.42643321961e+12,1.42643321961e+12,777777,3367,5
-7.5,-17.399994,-42.299988,1.42643321961e+12,1.42643321962e+12,999999,3367,6
0.10223103,-0.09262208,-0.2567463,1.42643321966e+12,1.42643321966e+12,888888,3417,1
-1.5584092,0.7512877,8.537646,1.42643321966e+12,1.42643321966e+12,777777,3418,5
-7.5,-17.09999,-42,1.42643321966e+12,1.42643321967e+12,999999,3418,7
0.09263859,-0.143783,-0.2034538,1.42643321971e+12,1.42643321971e+12,888888,3466,1
-1.4365627,0.85142946,9.434431,1.42643321971e+12,1.42643321972e+12,777777,3466,8
-7.5,-17.699997,-41.699997,1.42643321971e+12,1.42643321972e+12,999999,3466,10
0.083045885,-0.16723134,-0.21731022,1.42643321976e+12,1.42643321978e+12,888888,3521,15
-1.377286,1.3433065,10.049353,1.42643321976e+12,1.42643321979e+12,777777,3521,25
-7.799988,-18.299988,-41.399994,1.42643321976e+12,1.42643321979e+12,999999,3521,26
0.23013307,-0.03719797,-0.19066396,1.42643321981e+12,1.42643321982e+12,888888,3566,8
-1.497935,1.4461427,11.398796,1.42643321981e+12,1.42643321982e+12,777777,3566,14
-7.199997,-18.59999,-40.799988,1.42643321981e+12,1.42643321982e+12,999999,3566,16
-0.54154235,-0.626613,-0.38358256,1.42643321986e+12,1.42643321986e+12,888888,3616,1
-1.5783179,1.3903089,12.355606,1.42643321986e+12,1.42643321986e+12,777777,3616,4
-7.199997,-18.899994,-41.699997,1.42643321986e+12,1.42643321986e+12,999999,3617,5
0.181104,0.98601836,0.26338822,1.4264332199e+12,1.42643321990e+12,888888,3658,5
-0.79709244,0.9128018,13.337864,1.4264332199e+12,1.42643321991e+12,777777,3658,8
-6.899994,-19.5,-41.399994,1.4264332199e+12,1.42643321991e+12,999999,3659,9
-0.4935791,-0.45287934,0.51706046,1.42643321996e+12,1.42643321996e+12,888888,3716,2
-0.9440868,2.1103115,10.499915,1.42643321996e+12,1.42643321996e+12,777777,3716,5
-6.299988,-18.899994,-41.09999,1.42643321996e+12,1.42643321996e+12,999999,3715,7
0.1267457,-0.09049048,0.36464402,1.42643322001e+12,1.42643322003e+12,888888,3766,20
-0.42646316,1.8625767,10.033336,1.42643322001e+12,1.42643322003e+12,777777,3766,24
-6.299988,-19.199997,-40.5,1.42643322001e+12,1.42643322003e+12,999999,3766,26
0.16831365,-0.115004614,0.13974965,1.42643322006e+12,1.42643322007e+12,888888,3815,15
-0.4152365,1.2560381,8.377778,1.42643322006e+12,1.42643322008e+12,777777,3816,18
-6.899994,-19.799988,-39.299988,1.42643322006e+12,1.42643322008e+12,999999,3815,20
-5.326322e-07,-0.10221452,0.23780777,1.42643322011e+12,1.42643322012e+12,888888,3865,15
-0.36119887,1.0436298,6.8662214,1.42643322011e+12,1.42643322013e+12,777777,3865,19
-7.5,-18.59999,-38.399994,1.42643322011e+12,1.42643322013e+12,999999,3865,20
-5.326322e-07,0.24098891,0.23354457,1.42643322016e+12,1.42643322016e+12,888888,3915,7
-0.04954697,1.3765374,7.082971,1.42643322016e+12,1.42643322017e+12,777777,3915,16
-8.399994,-18.899994,-37.799988,1.42643322016e+12,1.42643322018e+12,999999,3916,17
-5.326322e-07,0.29534748,0.5032045,1.42643322021e+12,1.42643322021e+12,888888,3966,2
-0.23141876,1.4001883,6.8892736,1.42643322021e+12,1.42643322021e+12,777777,3966,6
-9,-18.59999,-38.399994,1.42643322021e+12,1.42643322022e+12,999999,3966,9
-0.08216092,0.039543416,0.46483374,1.42643322026e+12,1.42643322026e+12,888888,4016,1
-0.5761519,1.1597883,6.9967504,1.42643322026e+12,1.42643322026e+12,777777,4016,4
-8.699997,-18,-38.09999,1.42643322026e+12,1.42643322026e+12,999999,4016,6
0.10436262,-0.0617121,0.20796412,1.42643322031e+12,1.42643322031e+12,888888,4066,1
-0.5005591,0.68153274,8.609496,1.42643322031e+12,1.42643322031e+12,777777,4066,6
-9,-17.699997,-39.299988,1.42643322031e+12,1.42643322032e+12,999999,4066,7
-0.0405927,-0.39638916,0.17598861,1.42643322036e+12,1.42643322036e+12,888888,4117,1
-0.24878265,0.55265075,9.471404,1.42643322036e+12,1.42643322037e+12,777777,4117,7
-9.599991,-17.699997,-39.59999,1.42643322036e+12,1.42643322037e+12,999999,4116,10
-0.1716924,-0.47739372,-5.326322e-07,1.42643322041e+12,1.42643322041e+12,888888,4168,1
-0.5842351,0.7113208,11.985875,1.42643322041e+12,1.42643322042e+12,777777,4168,6
-9.899994,-16.799988,-39.899994,1.42643322041e+12,1.42643322042e+12,999999,4168,7
-0.49571067,-0.5541351,-0.09580296,1.42643322046e+12,1.42643322046e+12,888888,4216,1
-1.2814851,0.8057744,14.552737,1.42643322046e+12,1.42643322047e+12,777777,4216,8
-10.799988,-16.5,-39.899994,1.42643322046e+12,1.42643322047e+12,999999,4216,9
0.24931821,0.7408725,0.13974965,1.42643322051e+12,1.42643322051e+12,888888,4266,1
-1.5064673,0.4698729,14.515016,1.42643322051e+12,1.42643322052e+12,777777,4267,6
-11.399994,-15.899994,-40.5,1.42643322051e+12,1.42643322052e+12,999999,4266,8
0.16618206,-0.27594796,-0.18959816,1.42643322056e+12,1.42643322056e+12,888888,4317,1
-1.3302836,1.6531622,10.912907,1.42643322056e+12,1.42643322059e+12,777777,4316,34
-10.799988,-15.599991,-40.199997,1.42643322056e+12,1.42643322059e+12,999999,4316,35
-5.326322e-07,0.22393563,-0.076617815,1.42643322061e+12,1.42643322065e+12,888888,4366,42
-0.6391708,2.0416045,8.685838,1.42643322061e+12,1.42643322066e+12,777777,4366,48
-10.199997,-16.5,-40.799988,1.42643322061e+12,1.42643322066e+12,999999,4366,49
0.27809662,-0.10860983,-5.326322e-07,1.42643322066e+12,1.42643322068e+12,888888,4417,20
-0.82343763,1.4465919,8.04981,1.42643322066e+12,1.42643322068e+12,777777,4417,26
-9.299988,-17.09999,-40.799988,1.42643322066e+12,1.42643322069e+12,999999,4417,29
0.21947457,0.028884912,-0.18533444,1.4264332207e+12,1.42643322071e+12,888888,4457,12
-1.1491603,0.7575746,7.373367,1.4264332207e+12,1.42643322072e+12,777777,4457,22
-9,-18.299988,-40.799988,1.4264332207e+12,1.42643322072e+12,999999,4457,23
0.05959702,-0.03719797,-0.43580925,1.42643322076e+12,1.42643322076e+12,888888,4517,1
-1.4183006,0.50864226,7.0931497,1.42643322076e+12,1.42643322077e+12,777777,4518,7
-8.699997,-18.899994,-40.799988,1.42643322076e+12,1.42643322077e+12,999999,4517,9
-0.073634274,0.13333808,-0.5402627,1.42643322081e+12,1.42643322081e+12,888888,4566,1
-1.3388159,0.63093793,7.2832546,1.42643322081e+12,1.42643322082e+12,777777,4566,7
-9,-18.299988,-40.799988,1.42643322081e+12,1.42643322082e+12,999999,4566,8
-0.1610339,0.1280091,-0.45073122,1.42643322085e+12,1.42643322085e+12,888888,4607,1
-1.5717316,0.8190967,7.743996,1.42643322085e+12,1.42643322085e+12,777777,4607,5
-9,-18.59999,-41.399994,1.42643322085e+12,1.42643322086e+12,999999,4607,6
-0.059778113,0.09923124,-0.29938057,1.42643322091e+12,1.42643322091e+12,888888,4666,1
-1.9261944,1.0065069,8.709339,1.42643322091e+12,1.42643322091e+12,777777,4666,6
-8.099991,-18.299988,-41.09999,1.42643322091e+12,1.42643322092e+12,999999,4666,7
-5.326322e-07,-0.255697,-0.17787333,1.42643322096e+12,1.42643322096e+12,888888,4718,1
-2.0541782,1.2475058,9.429042,1.42643322096e+12,1.42643322096e+12,777777,4718,5
-8.099991,-18.299988,-41.09999,1.42643322096e+12,1.42643322097e+12,999999,4717,7
-0.7440539,-0.67564183,-0.46245554,1.426433221e+12,1.426433221e+12,888888,4759,1
-2.1715343,0.868494,11.807596,1.426433221e+12,1.42643322101e+12,777777,4758,6
-7.5,-18.899994,-40.5,1.426433221e+12,1.42643322101e+12,999999,4758,8
0.39533988,1.0084009,0.16213271,1.42643322106e+12,1.42643322106e+12,888888,4819,1
-1.2681628,0.2547702,14.282549,1.42643322106e+12,1.42643322107e+12,777777,4818,10
-7.199997,-18.59999,-40.5,1.42643322106e+12,1.42643322107e+12,999999,4819,11
-0.5138303,-1.0113847,0.105642274,1.42643322111e+12,1.42643322111e+12,888888,4868,2
-1.2100836,1.4635066,11.800711,1.42643322111e+12,1.42643322112e+12,777777,4868,12
-8.399994,-18.299988,-42,1.42643322111e+12,1.42643322112e+12,999999,4868,14
-5.326322e-07,0.13333808,0.37317064,1.42643322116e+12,1.42643322116e+12,888888,4918,1
-0.33904496,1.4569203,12.819641,1.42643322116e+12,1.42643322117e+12,777777,4918,7
-8.099991,-18.299988,-41.699997,1.42643322116e+12,1.42643322117e+12,999999,4918,8
0.181104,0.27829394,0.3049567,1.4264332212e+12,1.4264332212e+12,888888,4959,1
-0.14953904,1.6389418,10.334359,1.4264332212e+12,1.42643322120e+12,777777,4959,4
-8.399994,-18.299988,-42,1.4264332212e+12,1.42643322121e+12,999999,4960,5
0.1512601,0.10775789,0.08965505,1.42643322125e+12,1.42643322125e+12,888888,5011,1
-0.5536986,1.5334113,8.17989,1.42643322125e+12,1.42643322126e+12,777777,5011,5
-7.799988,-18.299988,-42,1.42643322125e+12,1.42643322126e+12,999999,5011,6
0.07558477,0.04593873,-0.063827716,1.42643322131e+12,1.42643322131e+12,888888,5066,1
-0.45774812,0.9687854,7.031927,1.42643322131e+12,1.42643322131e+12,777777,5066,4
-6.899994,-18.299988,-40.5,1.42643322131e+12,1.42643322131e+12,999999,5066,5
-0.03847016,-0.25143278,0.08648136,1.42643322136e+12,1.42643322136e+12,888888,5118,2
-0.39323226,0.56208116,7.0389624,1.42643322136e+12,1.42643322137e+12,777777,5118,7
-6.599991,-18,-40.5,1.42643322136e+12,1.42643322137e+12,999999,5117,9
0.03400777,0.17064418,0.40943384,1.42643322141e+12,1.42643322141e+12,888888,5170,2
-0.03996689,0.5918692,7.5902658,1.42643322141e+12,1.42643322142e+12,777777,5170,11
-7.199997,-18.299988,-41.399994,1.42643322141e+12,1.42643322142e+12,999999,5170,13
0.037205424,-0.11074036,0.34228545,1.42643322146e+12,1.42643322146e+12,888888,5217,3
-0.11750565,0.8045769,7.4547977,1.42643322146e+12,1.42643322147e+12,777777,5217,10
-7.5,-18,-41.399994,1.42643322146e+12,1.42643322147e+12,999999,5217,11
0.052127115,-0.17682298,0.21544947,1.42643322151e+12,1.42643322151e+12,888888,5267,1
-0.23605911,0.5825885,7.9851446,1.42643322151e+12,1.42643322152e+12,777777,5267,8
-8.099991,-17.399994,-41.699997,1.42643322151e+12,1.42643322152e+12,999999,5267,9
-0.055523712,-0.4486148,-0.02010367,1.42643322156e+12,1.42643322156e+12,888888,5317,2
-0.24519013,0.42646316,8.64153,1.42643322156e+12,1.42643322157e+12,777777,5317,7
-9.299988,-17.699997,-42.299988,1.42643322156e+12,1.42643322157e+12,999999,5317,8
0.1768315,-0.78116,-0.1767833,1.42643322161e+12,1.42643322161e+12,888888,5367,1
-0.034278717,0.29758117,11.44984,1.42643322161e+12,1.42643322162e+12,777777,5366,7
-9.899994,-16.5,-41.399994,1.42643322161e+12,1.42643322162e+12,999999,5367,8
0.14911944,0.065124944,0.051308196,1.42643322166e+12,1.42643322167e+12,888888,5422,2
0.11196716,0.82583266,12.471166,1.42643322166e+12,1.42643322167e+12,777777,5423,7
-10.799988,-16.799988,-41.09999,1.42643322166e+12,1.42643322167e+12,999999,5422,9
-0.2495081,-0.27807903,-0.24819542,1.42643322171e+12,1.42643322171e+12,888888,5467,3
-0.7469467,0.95980406,13.379028,1.42643322171e+12,1.42643322172e+12,777777,5467,9
-11.699997,-16.5,-40.5,1.42643322171e+12,1.42643322172e+12,999999,5467,10
-0.06618222,0.44136995,-0.039288815,1.42643322176e+12,1.42643322176e+12,888888,5517,1
-0.7485933,0.8066725,13.141322,1.42643322176e+12,1.42643322176e+12,777777,5516,5
-12,-16.199997,-39.899994,1.42643322176e+12,1.42643322176e+12,999999,5517,6
-0.10561857,0.30280942,-0.055276837,1.42643322181e+12,1.42643322181e+12,888888,5567,1
-1.113235,1.4206957,10.76217,1.42643322181e+12,1.42643322181e+12,777777,5567,5
-11.399994,-16.5,-40.5,1.42643322181e+12,1.42643322182e+12,999999,5567,6
-0.087498955,0.1024297,0.30817834,1.42643322185e+12,1.42643322186e+12,888888,5612,1
-1.1347902,1.389261,8.822205,1.42643322185e+12,1.42643322186e+12,777777,5612,6
-11.399994,-16.5,-40.799988,1.42643322185e+12,1.42643322186e+12,999999,5611,8
0.24824363,0.077915035,0.13124697,1.42643322191e+12,1.42643322191e+12,888888,5667,1
-1.0568024,1.325793,8.471034,1.42643322191e+12,1.42643322192e+12,777777,5667,8
-10.799988,-16.199997,-40.799988,1.42643322191e+12,1.42643322192e+12,999999,5666,10
0.25570446,0.18130268,-0.027564783,1.42643322196e+12,1.42643322196e+12,888888,5717,1
-1.2111315,0.95636123,8.29979,1.42643322196e+12,1.42643322196e+12,777777,5716,7
-10.5,-16.5,-41.399994,1.42643322196e+12,1.42643322197e+12,999999,5716,9
0.11927579,0.0907054,-0.3057514,1.42643322201e+12,1.42643322201e+12,888888,5768,1
-1.3347744,0.91759187,7.597451,1.42643322201e+12,1.42643322202e+12,777777,5767,7
-10.199997,-17.09999,-40.799988,1.42643322201e+12,1.42643322202e+12,999999,5767,9
-5.326322e-07,-0.08302831,-0.31640992,1.42643322206e+12,1.42643322206e+12,888888,5817,2
-0.89244413,0.91579556,7.8311152,1.42643322206e+12,1.42643322207e+12,777777,5817,8
-9.899994,-18,-40.199997,1.42643322206e+12,1.42643322207e+12,999999,5817,10
0.08090524,-0.13845243,-0.20129795,1.42643322211e+12,1.42643322211e+12,888888,5867,2
-0.404908,1.1538006,8.363708,1.42643322211e+12,1.42643322212e+12,777777,5868,7
-9.899994,-18.59999,-40.5,1.42643322211e+12,1.42643322212e+12,999999,5868,9
0.048929725,-0.043591686,-0.18104702,1.42643322216e+12,1.42643322216e+12,888888,5917,2
-0.5397775,1.22625,8.644973,1.42643322216e+12,1.42643322217e+12,777777,5918,7
-9.599991,-19.199997,-39.899994,1.42643322216e+12,1.42643322217e+12,999999,5918,9
0.2738241,-0.021208882,-0.22048338,1.42643322221e+12,1.42643322221e+12,888888,5968,1
-0.8063731,1.2678635,9.055718,1.42643322221e+12,1.42643322222e+12,777777,5968,7
-9.599991,-19.199997,-39.59999,1.42643322221e+12,1.42643322222e+12,999999,5968,9
-0.16424035,-0.6905627,-0.39954606,1.42643322226e+12,1.42643322226e+12,888888,6017,1
-0.8761281,1.192121,10.791509,1.42643322226e+12,1.42643322226e+12,777777,6018,5
-9.299988,-19.199997,-39.899994,1.42643322226e+12,1.42643322227e+12,999999,6017,7
0.04786393,0.569272,-0.3249368,1.42643322231e+12,1.42643322231e+12,888888,6066,1
-0.49681687,0.84454376,12.9308605,1.42643322231e+12,1.42643322231e+12,777777,6066,5
-9.299988,-19.199997,-39.59999,1.42643322231e+12,1.42643322232e+12,999999,6066,7
-0.29534003,0.114154,-0.23327373,1.42643322236e+12,1.42643322236e+12,888888,6118,1
-1.26472,1.1145822,13.3866625,1.42643322236e+12,1.42643322237e+12,777777,6118,7
-9.299988,-18.59999,-39.899994,1.42643322236e+12,1.42643322237e+12,999999,6118,8
-5.326322e-07,0.07258605,0.3273635,1.42643322241e+12,1.42643322241e+12,888888,6167,1
-0.9599538,1.6974701,13.078453,1.42643322241e+12,1.42643322242e+12,777777,6167,7
-9,-18.59999,-40.799988,1.42643322241e+12,1.42643322242e+12,999999,6167,9
0.100090645,0.13653708,0.35294396,1.42643322246e+12,1.42643322246e+12,888888,6217,2
-0.50235534,2.3671775,10.474618,1.42643322246e+12,1.42643322247e+12,777777,6218,6
-8.399994,-17.699997,-41.09999,1.42643322246e+12,1.42643322247e+12,999999,6218,8
0.099024855,-0.10327925,0.24209572,1.42643322251e+12,1.42643322251e+12,888888,6266,2
-0.46792695,2.13995,7.8764706,1.42643322251e+12,1.42643322252e+12,777777,6267,6
-8.099991,-17.699997,-40.799988,1.42643322251e+12,1.42643322252e+12,999999,6267,8
-0.07897232,0.07898083,0.21118574,1.42643322256e+12,1.42643322256e+12,888888,6318,1
-0.28351045,1.5856526,6.680907,1.42643322256e+12,1.42643322256e+12,777777,6318,4
-8.099991,-17.699997,-40.799988,1.42643322256e+12,1.42643322257e+12,999999,6319,5
-0.11201362,-0.022274679,0.09607407,1.42643322261e+12,1.42643322261e+12,888888,6366,1
-0.330363,1.1407777,7.4919205,1.42643322261e+12,1.42643322261e+12,777777,6367,4
-8.399994,-18,-40.5,1.42643322261e+12,1.42643322261e+12,999999,6366,6
0.06491748,0.21754165,0.29645404,1.42643322265e+12,1.42643322265e+12,888888,6411,1
-0.3492238,0.94842774,8.421936,1.42643322265e+12,1.42643322266e+12,777777,6410,7
-8.699997,-18.299988,-40.5,1.42643322265e+12,1.42643322266e+12,999999,6411,8
0.12034159,0.2942825,0.46592402,1.42643322271e+12,1.42643322271e+12,888888,6467,1
-0.12573853,1.2494518,7.646848,1.42643322271e+12,1.42643322272e+12,777777,6467,6
-9,-18,-40.799988,1.42643322271e+12,1.42643322272e+12,999999,6466,8
0.093695335,0.15998541,0.48617524,1.42643322276e+12,1.42643322276e+12,888888,6518,2
-0.057031404,1.4112653,6.819369,1.42643322276e+12,1.42643322277e+12,777777,6519,7
-8.699997,-17.399994,-40.5,1.42643322276e+12,1.42643322277e+12,999999,6518,9
-0.018218951,-0.21412747,0.3678659,1.42643322281e+12,1.42643322281e+12,888888,6567,2
-0.30431718,0.92821974,7.411987,1.42643322281e+12,1.42643322282e+12,777777,6568,7
-8.699997,-17.399994,-39.899994,1.42643322281e+12,1.42643322282e+12,999999,6568,9
-0.14931838,-0.47739267,0.1440376,1.42643322286e+12,1.42643322286e+12,888888,6617,1
-0.15148498,0.52001864,9.525442,1.42643322286e+12,1.42643322286e+12,777777,6617,5
-8.699997,-17.399994,-39.59999,1.42643322286e+12,1.42643322286e+12,999999,6617,6
-0.11414521,-0.4592733,-0.077659376,1.42643322291e+12,1.42643322291e+12,888888,6666,1
-0.24324417,0.20896545,12.526701,1.42643322291e+12,1.42643322291e+12,777777,6666,5
-9.299988,-17.399994,-40.199997,1.42643322291e+12,1.42643322291e+12,999999,6666,6
0.04360021,-0.17255978,-0.107503556,1.42643322296e+12,1.42643322296e+12,888888,6717,1
-0.11121872,0.20118164,13.491894,1.42643322296e+12,1.42643322296e+12,777777,6717,6
-10.199997,-17.699997,-40.199997,1.42643322296e+12,1.42643322297e+12,999999,6718,7
-0.3678177,-5.326322e-07,-0.3728998,1.42643322301e+12,1.42643322301e+12,888888,6767,1
-0.09131012,0.93196195,12.491524,1.42643322301e+12,1.42643322302e+12,777777,6766,7
-10.5,-17.09999,-41.09999,1.42643322301e+12,1.42643322302e+12,999999,6767,8
-0.30706432,0.3241267,-0.14267619,1.42643322306e+12,1.42643322306e+12,888888,6818,2
-0.5851332,1.160836,12.387341,1.42643322306e+12,1.42643322307e+12,777777,6818,7
-10.799988,-16.5,-41.399994,1.42643322306e+12,1.42643322307e+12,999999,6818,9
0.1405928,0.19196118,0.041715756,1.42643322311e+12,1.42643322311e+12,888888,6867,1
-0.8400531,1.7046552,10.639725,1.42643322311e+12,1.42643322312e+12,777777,6867,6
-9.899994,-16.5,-41.399994,1.42643322311e+12,1.42643322312e+12,999999,6867,8
0.081971034,-0.19707446,-0.026498454,1.42643322316e+12,1.42643322316e+12,888888,6917,1
-1.0850935,1.7441729,8.228688,1.42643322316e+12,1.42643322316e+12,777777,6917,5
-9.599991,-16.799988,-40.799988,1.42643322316e+12,1.42643322316e+12,999999,6917,6
0.2951411,-0.1299255,-0.15759815,1.4264332232e+12,1.4264332232e+12,888888,6961,1
-0.9925859,1.2593312,7.5006022,1.4264332232e+12,1.42643322321e+12,777777,6962,4
-9.899994,-18,-40.199997,1.4264332232e+12,1.42643322321e+12,999999,6961,6
0.20134616,-0.049986735,-0.39954606,1.42643322325e+12,1.42643322326e+12,888888,7012,1
-1.0075548,0.852627,7.3314543,1.42643322326e+12,1.42643322326e+12,777777,7013,5
-9.599991,-19.5,-41.09999,1.42643322325e+12,1.42643322326e+12,999999,7012,7
0.06491748,0.15465643,-0.53810686,1.42643322331e+12,1.42643322331e+12,888888,7067,1
-1.2530442,0.49606842,7.410041,1.42643322331e+12,1.42643322332e+12,777777,7067,6
-9.599991,-20.09999,-40.799988,1.42643322331e+12,1.42643322332e+12,999999,7067,8
-0.0491284,0.08004663,-0.43578503,1.42643322336e+12,1.42643322336e+12,888888,7117,3
-1.296454,0.38305342,7.659422,1.42643322336e+12,1.42643322337e+12,777777,7118,9
-9,-20.399994,-41.699997,1.42643322336e+12,1.42643322337e+12,999999,7117,11
-0.03847016,-5.326322e-07,-0.2684469,1.42643322341e+12,1.42643322341e+12,888888,7166,5
-1.3274395,0.6354286,8.608599,1.42643322341e+12,1.42643322342e+12,777777,7167,10
-8.399994,-20.09999,-41.699997,1.42643322341e+12,1.42643322342e+12,999999,7167,12
0.12034159,0.12801017,0.05770351,1.42643322346e+12,1.42643322346e+12,888888,7217,1
-1.2102333,1.1481125,9.582922,1.42643322346e+12,1.42643322347e+12,777777,7218,6
-9,-19.5,-41.09999,1.42643322346e+12,1.42643322347e+12,999999,7217,8
-0.7685771,-0.8642962,-0.46243128,1.42643322351e+12,1.42643322351e+12,888888,7266,1
-1.6624429,0.7313791,11.52169,1.42643322351e+12,1.42643322352e+12,777777,7267,8
-9,-19.199997,-41.09999,1.42643322351e+12,1.42643322352e+12,999999,7266,10
-0.040601756,0.6012475,0.21225154,1.42643322356e+12,1.42643322356e+12,888888,7319,2
-0.82044387,-0.38919067,14.103222,1.42643322356e+12,1.42643322357e+12,777777,7319,10
-9,-19.5,-42.299988,1.42643322356e+12,1.42643322357e+12,999999,7319,12
-0.5639342,-0.4869854,0.24422732,1.42643322361e+12,1.42643322361e+12,888888,7367,2
-0.27901977,0.3993695,13.430671,1.42643322361e+12,1.42643322362e+12,777777,7367,12
-9,-18.59999,-42.899994,1.42643322361e+12,1.42643322362e+12,999999,7367,14
0.02974458,0.27189997,0.34121963,1.42643322366e+12,1.42643322366e+12,888888,7417,3
0.6331833,1.0687774,13.325589,1.42643322366e+12,1.42643322367e+12,777777,7417,8
-8.699997,-17.399994,-42.59999,1.42643322366e+12,1.42643322367e+12,999999,7417,10
0.1288685,0.26763624,0.11845714,1.42643322371e+12,1.42643322371e+12,888888,7466,1
0.73302567,1.3943504,10.150093,1.42643322371e+12,1.42643322371e+12,777777,7466,5
-9,-16.799988,-43.199997,1.42643322371e+12,1.42643322372e+12,999999,7466,7
0.12034159,-0.048920937,0.07049361,1.42643322376e+12,1.42643322376e+12,888888,7518,1
0.36553985,1.009351,7.899523,1.42643322376e+12,1.42643322376e+12,777777,7518,5
-9.599991,-15.899994,-42.299988,1.42643322376e+12,1.42643322377e+12,999999,7517,7
0.029721411,-5.326322e-07,-5.326322e-07,1.4264332238e+12,1.42643322380e+12,888888,7562,1
0.061671752,0.624651,7.952812,1.4264332238e+12,1.42643322381e+12,777777,7561,8
-9.599991,-16.199997,-41.699997,1.4264332238e+12,1.42643322381e+12,999999,7561,9
0.136287,0.20263673,0.24527794,1.42643322385e+12,1.42643322385e+12,888888,7608,2
-0.41658372,0.4896318,8.575517,1.42643322385e+12,1.42643322386e+12,777777,7608,11
-9.599991,-17.09999,-41.699997,1.42643322385e+12,1.42643322386e+12,999999,7609,12
0.105377026,0.12589562,0.33267754,1.42643322391e+12,1.42643322391e+12,888888,7667,1
-0.59695864,0.8270302,8.396639,1.42643322391e+12,1.42643322392e+12,777777,7667,7
-9.599991,-17.399994,-41.399994,1.42643322391e+12,1.42643322392e+12,999999,7668,8
0.10857495,0.5255892,0.43819678,1.42643322396e+12,1.42643322396e+12,888888,7718,1
-0.40790176,1.126707,8.068671,1.42643322396e+12,1.42643322397e+12,777777,7718,7
-8.699997,-17.699997,-40.799988,1.42643322396e+12,1.42643322397e+12,999999,7718,8
-0.058763716,0.21329497,0.4968183,1.42643322401e+12,1.42643322401e+12,888888,7767,1
-0.64545774,1.4760804,7.4371343,1.42643322401e+12,1.42643322402e+12,777777,7767,7
-8.399994,-17.09999,-40.799988,1.42643322401e+12,1.42643322402e+12,999999,7766,9
0.29829615,0.23567803,0.4616454,1.42643322406e+12,1.42643322406e+12,888888,7820,1
-0.9226813,1.2304413,8.700807,1.42643322406e+12,1.42643322407e+12,777777,7819,8
-8.099991,-17.399994,-41.399994,1.42643322406e+12,1.42643322407e+12,999999,7819,9
0.5359806,0.28257552,0.34546766,1.42643322411e+12,1.42643322411e+12,888888,7868,2
-0.5090913,0.8909473,8.559351,1.42643322411e+12,1.42643322412e+12,777777,7868,12
-7.799988,-17.399994,-41.399994,1.42643322411e+12,1.42643322412e+12,999999,7869,13
0.47735885,0.1312246,0.088597775,1.42643322416e+12,1.42643322416e+12,888888,7917,1
-0.47765672,1.2180171,8.913664,1.42643322416e+12,1.42643322417e+12,777777,7917,8
-8.099991,-17.699997,-41.09999,1.42643322416e+12,1.42643322417e+12,999999,7917,9
-5.326322e-07,0.393424,0.06834657,1.42643322421e+12,1.42643322421e+12,888888,7966,1
-0.70293826,1.4798226,10.835218,1.42643322421e+12,1.42643322421e+12,777777,7966,6
-7.799988,-18.299988,-41.399994,1.42643322421e+12,1.42643322422e+12,999999,7966,7
0.03289936,-1.0689223,-0.16294284,1.42643322425e+12,1.42643322425e+12,888888,8010,1
-2.0237916,0.9421408,13.173506,1.42643322425e+12,1.42643322426e+12,777777,8010,9
-8.399994,-19.199997,-40.799988,1.42643322425e+12,1.42643322426e+12,999999,8010,11
0.042492066,0.37956783,-0.023316242,1.42643322431e+12,1.42643322431e+12,888888,8067,1
-1.988465,0.09774674,13.751154,1.42643322431e+12,1.42643322432e+12,777777,8067,10
-8.699997,-19.5,-40.799988,1.42643322431e+12,1.42643322432e+12,999999,8066,13
-0.33375293,0.28257552,-0.40489078,1.42643322436e+12,1.42643322436e+12,888888,8118,1
-1.7765057,1.439257,10.866353,1.42643322436e+12,1.42643322437e+12,777777,8118,11
-8.099991,-19.199997,-40.799988,1.42643322436e+12,1.42643322437e+12,999999,8117,13
-0.35720155,0.12696141,-5.326322e-07,1.42643322441e+12,1.42643322441e+12,888888,8166,2
-1.7154328,2.4138803,9.034762,1.42643322441e+12,1.42643322442e+12,777777,8167,7
-8.399994,-18.59999,-41.399994,1.42643322441e+12,1.42643322442e+12,999999,8166,9
0.1277601,-5.326322e-07,-0.098991826,1.42643322446e+12,1.42643322446e+12,888888,8217,2
-1.6483722,2.4962091,8.952883,1.42643322446e+12,1.42643322446e+12,777777,8217,6
-7.799988,-17.699997,-41.09999,1.42643322446e+12,1.42643322447e+12,999999,8217,8
0.31108624,-0.22157153,-0.08939939,1.42643322451e+12,1.42643322451e+12,888888,8266,2
-1.825903,2.0939956,8.125254,1.42643322451e+12,1.42643322452e+12,777777,8267,6
-7.199997,-18,-41.399994,1.42643322451e+12,1.42643322452e+12,999999,8266,8
0.112838134,-0.268469,-0.20557687,1.42643322456e+12,1.42643322456e+12,888888,8316,2
-1.669628,1.6747174,7.648794,1.42643322456e+12,1.42643322456e+12,777777,8316,6
-7.799988,-18.59999,-41.699997,1.42643322456e+12,1.42643322457e+12,999999,8316,8
0.094718784,-0.17680566,-0.28871304,1.42643322462e+12,1.42643322462e+12,888888,8376,1
-1.5018269,1.2078383,7.9981675,1.42643322462e+12,1.42643322463e+12,777777,8376,14
-7.5,-18.899994,-41.09999,1.42643322462e+12,1.42643322464e+12,999999,8375,20
0.053150572,0.06620805,-0.21943276,1.42643322466e+12,1.42643322468e+12,888888,8416,17
-1.9077828,0.9741742,8.183183,1.42643322466e+12,1.42643322468e+12,777777,8416,25
-7.799988,-19.799988,-41.09999,1.42643322466e+12,1.42643322468e+12,999999,8416,27
0.06700673,-0.2237034,-0.1842596,1.42643322471e+12,1.42643322472e+12,888888,8467,10
-1.9372715,0.98644865,8.091125,1.42643322471e+12,1.42643322472e+12,777777,8467,16
-8.099991,-19.5,-40.799988,1.42643322471e+12,1.42643322473e+12,999999,8467,17
0.061677214,-0.11498651,-0.17360134,1.42643322476e+12,1.42643322476e+12,888888,8517,1
-1.6030165,1.285377,8.736282,1.42643322476e+12,1.42643322476e+12,777777,8517,5
-7.199997,-19.799988,-40.5,1.42643322476e+12,1.42643322476e+12,999999,8517,6
0.27378148,-0.061693992,-0.023316242,1.4264332248e+12,1.4264332248e+12,888888,8558,1
-1.4489868,1.4727874,9.889335,1.4264332248e+12,1.42643322481e+12,777777,8558,7
-7.5,-20.399994,-40.199997,1.4264332248e+12,1.42643322481e+12,999999,8558,8
-0.08114998,-0.30363446,-0.11284559,1.42643322486e+12,1.42643322486e+12,888888,8618,1
-1.7800983,1.6935782,10.27658,1.42643322486e+12,1.42643322486e+12,777777,8617,5
-8.399994,-20.399994,-40.199997,1.42643322486e+12,1.42643322486e+12,999999,8617,6
-0.32309788,-0.045699045,0.03637372,1.42643322491e+12,1.42643322491e+12,888888,8667,1
-1.5452367,1.4506334,12.30127,1.42643322491e+12,1.42643322492e+12,777777,8667,7
-8.099991,-19.799988,-39.899994,1.42643322491e+12,1.42643322492e+12,999999,8667,9
-0.08328158,-0.23009072,0.32948202,1.42643322496e+12,1.42643322496e+12,888888,8716,2
-1.2506492,1.4516813,13.245655,1.42643322496e+12,1.42643322497e+12,777777,8717,9
-8.399994,-19.799988,-39.899994,1.42643322496e+12,1.42643322497e+12,999999,8717,10
-0.080083914,-0.15548147,0.4957549,1.42643322501e+12,1.42643322501e+12,888888,8766,2
-0.45490402,1.9657123,11.837983,1.42643322501e+12,1.42643322502e+12,777777,8766,9
-8.699997,-19.799988,-40.5,1.42643322501e+12,1.42643322502e+12,999999,8767,10
-0.031054854,0.19518308,0.3934333,1.42643322506e+12,1.42643322506e+12,888888,8818,2
-0.11466156,2.3098466,9.912237,1.42643322506e+12,1.42643322507e+12,777777,8818,10
-9,-20.09999,-40.199997,1.42643322506e+12,1.42643322507e+12,999999,8819,11
0.12455897,-0.0744769,0.08433672,1.42643322511e+12,1.42643322511e+12,888888,8869,1
-0.34608033,2.0580702,8.858579,1.42643322511e+12,1.42643322512e+12,777777,8869,9
-10.799988,-20.699997,-39.899994,1.42643322511e+12,1.42643322512e+12,999999,8868,11
-5.326322e-07,0.16426538,-0.07873263,1.42643322516e+12,1.42643322516e+12,888888,8917,1
-0.21465363,1.5874488,7.6357713,1.42643322516e+12,1.42643322517e+12,777777,8917,7
-11.399994,-20.09999,-40.5,1.42643322516e+12,1.42643322517e+12,999999,8917,8
0.17037201,-0.035048533,0.073683806,1.42643322521e+12,1.42643322521e+12,888888,8966,1
-0.25836274,1.2211605,7.449409,1.42643322521e+12,1.42643322521e+12,777777,8965,7
-10.799988,-19.799988,-39.899994,1.42643322521e+12,1.42643322522e+12,999999,8965,8
0.18849134,-0.12777767,0.31350014,1.42643322526e+12,1.42643322526e+12,888888,9019,1
-0.023650818,1.1018586,7.916288,1.42643322526e+12,1.42643322527e+12,777777,9018,9
-10.799988,-19.199997,-40.799988,1.42643322526e+12,1.42643322527e+12,999999,9018,10
0.19808406,0.33480144,0.50855035,1.42643322531e+12,1.42643322531e+12,888888,9068,1
0.2695894,1.2499008,7.133715,1.42643322531e+12,1.42643322532e+12,777777,9068,10
-10.199997,-19.199997,-40.5,1.42643322531e+12,1.42643322532e+12,999999,9068,11
-5.326322e-07,-0.022258434,0.57783085,1.42643322536e+12,1.42643322536e+12,888888,9116,2
-0.015867004,1.1482621,5.9574614,1.42643322536e+12,1.42643322537e+12,777777,9117,12
-9.899994,-19.199997,-39.899994,1.42643322536e+12,1.42643322537e+12,999999,9117,14
-0.6247523,0.76753634,0.4158217,1.42643322541e+12,1.42643322541e+12,888888,9169,1
-0.38050872,0.6171666,7.4342904,1.42643322541e+12,1.42643322542e+12,777777,9169,5
-10.5,-18.299988,-40.5,1.42643322541e+12,1.42643322542e+12,999999,9168,7
0.027548004,-1.8747057,0.12910792,1.42643322546e+12,1.42643322546e+12,888888,9218,1
-0.35087037,0.84199905,11.203901,1.42643322546e+12,1.42643322546e+12,777777,9217,6
-11.099991,-17.399994,-40.5,1.42643322546e+12,1.42643322547e+12,999999,9218,7
0.678782,-0.918638,-5.326322e-07,1.42643322551e+12,1.42643322551e+12,888888,9267,1
-0.1898053,1.0523117,14.371914,1.42643322551e+12,1.42643322552e+12,777777,9266,9
-12,-17.09999,-40.799988,1.42643322551e+12,1.42643322552e+12,999999,9267,9
-5.326322e-07,-0.15442233,-0.1309676,1.42643322556e+12,1.42643322556e+12,888888,9316,1
1.0133927,1.5112573,13.47887,1.42643322556e+12,1.42643322556e+12,777777,9316,6
-13.199997,-16.5,-41.09999,1.42643322556e+12,1.42643322557e+12,999999,9316,8
-0.36788934,0.44671705,-0.37611318,1.42643322561e+12,1.42643322561e+12,888888,9368,1
0.29638368,1.9829265,12.501403,1.42643322561e+12,1.42643322562e+12,777777,9367,7
-14.099991,-16.799988,-40.5,1.42643322561e+12,1.42643322562e+12,999999,9367,9
-0.090768255,0.37743703,-0.15228488,1.42643322566e+12,1.42643322567e+12,888888,9416,9
0.11930191,2.182761,11.961776,1.42643322566e+12,1.42643322568e+12,777777,9416,21
-13.799988,-17.399994,-40.5,1.42643322566e+12,1.42643322568e+12,999999,9416,23
-5.326322e-07,0.11417185,-5.326322e-07,1.42643322571e+12,1.42643322571e+12,888888,9467,3
-0.24533981,2.6514363,9.928853,1.42643322571e+12,1.42643322572e+12,777777,9467,11
-14.099991,-18.299988,-41.399994,1.42643322571e+12,1.42643322572e+12,999999,9467,12
0.14904541,-5.326322e-07,0.11097286,1.42643322575e+12,1.42643322576e+12,888888,9512,1
-0.70428544,2.1631517,8.219109,1.42643322575e+12,1.42643322576e+12,777777,9512,5
-13.5,-18.899994,-41.399994,1.42643322575e+12,1.42643322576e+12,999999,9512,6
0.25349885,-0.12032215,-5.326322e-07,1.42643322581e+12,1.42643322581e+12,888888,9566,1
-0.6893166,1.6613951,7.2384973,1.42643322581e+12,1.42643322581e+12,777777,9566,5
-13.5,-19.199997,-41.699997,1.42643322581e+12,1.42643322581e+12,999999,9566,6
0.20873298,-0.11286104,-0.2492844,1.42643322586e+12,1.42643322586e+12,888888,9618,1
-0.6264473,1.2735516,6.9864216,1.42643322586e+12,1.42643322586e+12,777777,9617,6
-13.5,-19.199997,-41.399994,1.42643322586e+12,1.42643322587e+12,999999,9617,8
0.049921487,-0.031856466,-0.4166228,1.42643322591e+12,1.42643322591e+12,888888,9668,2
-0.48199767,1.0767109,7.0355196,1.42643322591e+12,1.42643322592e+12,777777,9669,7
-13.199997,-18.59999,-40.5,1.42643322591e+12,1.42643322592e+12,999999,9668,9
-0.20481654,0.11096726,-0.42088652,1.42643322596e+12,1.42643322596e+12,888888,9718,1
-0.6348299,1.1232642,7.5399704,1.42643322596e+12,1.42643322597e+12,777777,9718,7
-12.599991,-18.899994,-39.899994,1.42643322596e+12,1.42643322597e+12,999999,9718,9
-0.2858211,0.25272545,-0.26633796,1.42643322601e+12,1.42643322601e+12,888888,9767,1
-0.83825684,1.2716057,8.501421,1.42643322601e+12,1.42643322601e+12,777777,9767,5
-11.699997,-18.59999,-39.299988,1.42643322601e+12,1.42643322602e+12,999999,9767,6
-0.13766812,0.16425978,-0.0947361,1.42643322606e+12,1.42643322606e+12,888888,9817,1
-0.8687933,1.6857944,8.99734,1.42643322606e+12,1.42643322606e+12,777777,9817,5
-11.099991,-18.899994,-39.59999,1.42643322606e+12,1.42643322606e+12,999999,9817,6
-0.437172,-0.23649989,-5.326322e-07,1.42643322611e+12,1.42643322611e+12,888888,9866,1
-0.9529184,2.0938458,9.655821,1.42643322611e+12,1.42643322611e+12,777777,9866,6
-10.199997,-18.899994,-40.199997,1.42643322611e+12,1.42643322612e+12,999999,9866,7
-0.47554284,0.023567645,-0.2844573,1.42643322615e+12,1.42643322616e+12,888888,9911,2
-1.0812017,1.26472,13.345498,1.42643322615e+12,1.42643322616e+12,777777,9911,6
-10.199997,-17.699997,-41.09999,1.42643322615e+12,1.42643322616e+12,999999,9911,8
-0.035346538,0.8059016,0.26019192,1.42643322621e+12,1.42643322621e+12,888888,9967,1
-0.5945636,0.98001206,13.386812,1.42643322621e+12,1.42643322622e+12,777777,9966,8
-10.5,-16.799988,-42,1.42643322621e+12,1.42643322622e+12,999999,9967,9
-0.3646941,-0.8578905,-0.031850874,1.42643322626e+12,1.42643322626e+12,888888,10017,2
-0.4180806,1.9708017,11.280393,1.42643322626e+12,1.42643322627e+12,777777,10018,10
-10.799988,-15.599991,-41.699997,1.42643322626e+12,1.42643322627e+12,999999,10017,12
-0.20694865,0.085386805,-0.0467731,1.42643322631e+12,1.42643322631e+12,888888,10067,1
0.16106506,1.1437715,12.645703,1.42643322631e+12,1.42643322632e+12,777777,10067,7
-11.399994,-14.699997,-41.399994,1.42643322631e+12,1.42643322632e+12,999999,10068,8
0.11067485,0.5021342,0.21222864,1.42643322636e+12,1.42643322636e+12,888888,10116,1
0.5689668,1.1991563,10.347682,1.42643322636e+12,1.42643322636e+12,777777,10117,4
-11.699997,-14.699997,-41.09999,1.42643322636e+12,1.42643322636e+12,999999,10116,6
0.040328782,-0.1022028,0.13761912,1.42643322641e+12,1.42643322641e+12,888888,10166,2
0.15103592,1.4018348,8.2233,1.42643322641e+12,1.42643322642e+12,777777,10166,8
-11.399994,-14.399994,-41.399994,1.42643322641e+12,1.42643322642e+12,999999,10166,9
-0.038551386,-5.326322e-07,0.044866275,1.42643322646e+12,1.42643322646e+12,888888,10216,1
-0.067210235,0.9012758,7.904612,1.42643322646e+12,1.42643322646e+12,777777,10217,5
-10.799988,-14.399994,-41.399994,1.42643322646e+12,1.42643322646e+12,999999,10216,7
-0.1291239,-0.021199562,0.1588842,1.42643322651e+12,1.42643322651e+12,888888,10267,1
-0.34233811,0.57225996,7.844288,1.42643322651e+12,1.42643322651e+12,777777,10266,6
-10.5,-15,-41.399994,1.42643322651e+12,1.42643322652e+12,999999,10267,7
0.027556261,0.23460452,0.3432764,1.42643322656e+12,1.42643322656e+12,888888,10317,1
-0.1978885,0.75428146,8.351433,1.42643322656e+12,1.42643322656e+12,777777,10316,7
-9.899994,-13.799988,-41.399994,1.42643322656e+12,1.42643322657e+12,999999,10317,8
0.033951044,0.14613883,0.44133452,1.42643322661e+12,1.42643322661e+12,888888,10368,1
-0.07948471,1.0304571,7.8737764,1.42643322661e+12,1.42643322662e+12,777777,10368,6
-9.599991,-13.799988,-41.399994,1.42643322661e+12,1.42643322662e+12,999999,10368,8
-5.326322e-07,-0.05637273,0.34647378,1.42643322666e+12,1.42643322666e+12,888888,10422,1
-0.13696519,1.215173,7.6880126,1.42643322666e+12,1.42643322667e+12,777777,10421,9
-9.599991,-13.799988,-41.699997,1.42643322666e+12,1.42643322667e+12,999999,10422,10
0.17784084,0.03635641,0.24734987,1.42643322671e+12,1.42643322671e+12,888888,10467,1
-0.14429992,0.9716295,8.480465,1.42643322671e+12,1.42643322671e+12,777777,10467,5
-8.699997,-12.899994,-41.09999,1.42643322671e+12,1.42643322672e+12,999999,10468,6
0.2247383,0.09924163,0.28572044,1.42643322676e+12,1.42643322676e+12,888888,10517,1
-0.17079483,1.1734099,9.231303,1.42643322676e+12,1.42643322677e+12,777777,10517,7
-9,-13.799988,-41.699997,1.42643322676e+12,1.42643322677e+12,999999,10517,8
0.03928056,-0.43261772,0.14822568,1.42643322681e+12,1.42643322681e+12,888888,10566,1
-0.540526,1.3681549,11.656111,1.42643322681e+12,1.42643322682e+12,777777,10566,8
-9.599991,-13.5,-41.699997,1.42643322681e+12,1.42643322682e+12,999999,10566,10
0.093638875,-0.41023466,0.2217694,1.42643322686e+12,1.42643322686e+12,888888,10616,1
-1.3208532,0.28336075,14.055771,1.42643322686e+12,1.42643322687e+12,777777,10616,8
-10.5,-13.199997,-41.399994,1.42643322686e+12,1.42643322687e+12,999999,10616,10
-0.22398463,-0.39211532,-0.15873878,1.42643322691e+12,1.42643322691e+12,888888,10667,1
-1.6148419,-0.4709207,14.511723,1.42643322691e+12,1.42643322692e+12,777777,10667,9
-11.699997,-13.5,-41.699997,1.42643322691e+12,1.42643322692e+12,999999,10667,10
-0.06730447,0.62257385,-0.4092136,1.42643322696e+12,1.42643322696e+12,888888,10716,2
-1.0469229,-0.3769162,12.73851,1.42643322696e+12,1.42643322697e+12,777777,10717,8
-12,-13.199997,-41.699997,1.42643322696e+12,1.42643322697e+12,999999,10717,10
0.068058416,0.43178684,-0.41134548,1.42643322701e+12,1.42643322701e+12,888888,10767,1
-1.2243041,0.732876,9.519155,1.42643322701e+12,1.42643322702e+12,777777,10767,8
-12,-13.199997,-41.699997,1.42643322701e+12,1.42643322702e+12,999999,10766,10
0.036082905,-0.08088739,-0.048956357,1.42643322706e+12,1.42643322706e+12,888888,10819,2
-1.1243119,1.2817845,7.7755804,1.42643322706e+12,1.42643322707e+12,777777,10819,9
-11.099991,-13.799988,-42.299988,1.42643322706e+12,1.42643322707e+12,999999,10819,10
0.14373374,-0.26421326,-0.09798542,1.42643322711e+12,1.42643322711e+12,888888,10868,1
-1.1189232,1.3656102,7.723938,1.42643322711e+12,1.42643322712e+12,777777,10868,9
-10.5,-14.099991,-42.299988,1.42643322711e+12,1.42643322712e+12,999999,10867,11
0.23219915,-0.05530693,-5.326322e-07,1.42643322716e+12,1.42643322716e+12,888888,10919,1
-1.3132192,0.71341646,9.333092,1.42643322716e+12,1.42643322717e+12,777777,10919,7
-9.899994,-14.399994,-42.299988,1.42643322716e+12,1.42643322717e+12,999999,10920,8
0.2247383,-0.08728217,-0.02977121,1.42643322721e+12,1.42643322721e+12,888888,10966,1
-1.5522721,0.44218048,9.905352,1.42643322721e+12,1.42643322721e+12,777777,10966,6
-10.199997,-15.299988,-42,1.42643322721e+12,1.42643322722e+12,999999,10966,7
-0.21758959,0.10990014,-0.1651341,1.42643322725e+12,1.42643322725e+12,888888,11011,1
-1.5661931,0.8367599,9.8414345,1.42643322725e+12,1.42643322726e+12,777777,11010,7
-9.899994,-14.099991,-42.899994,1.42643322725e+12,1.42643322726e+12,999999,11011,8
-0.09608232,-0.046780024,-0.06600991,1.42643322731e+12,1.42643322731e+12,888888,11067,1
-1.1789484,0.49337402,11.293265,1.42643322731e+12,1.42643322732e+12,777777,11067,7
-10.199997,-13.799988,-42.59999,1.42643322731e+12,1.42643322732e+12,999999,11067,9
0.2002271,0.19409783,0.3507407,1.42643322736e+12,1.42643322736e+12,888888,11118,1
-0.44517425,1.1174263,10.190209,1.42643322736e+12,1.42643322737e+12,777777,11118,7
-10.5,-14.399994,-42.299988,1.42643322736e+12,1.42643322737e+12,999999,11117,9
0.06806161,-0.3249709,0.2761309,1.42643322741e+12,1.42643322741e+12,888888,11168,2
-0.318837,1.8709593,8.579558,1.42643322741e+12,1.42643322742e+12,777777,11168,8
-10.5,-13.799988,-42.299988,1.42643322741e+12,1.42643322742e+12,999999,11168,10
-0.038523424,-0.1501714,0.048039433,1.42643322746e+12,1.42643322746e+12,888888,11219,1
-0.31644195,1.2843292,9.248368,1.42643322746e+12,1.42643322747e+12,777777,11219,6
-10.799988,-15,-41.09999,1.42643322746e+12,1.42643322747e+12,999999,11219,7
-0.0982022,-5.326322e-07,-0.043619115,1.42643322751e+12,1.42643322751e+12,888888,11266,1
-0.4643344,0.59695864,9.577983,1.42643322751e+12,1.42643322752e+12,777777,11266,7
-11.099991,-15.299988,-41.699997,1.42643322751e+12,1.42643322752e+12,999999,11266,8
-0.11738788,0.10670701,-0.041487522,1.42643322755e+12,1.42643322755e+12,888888,11310,1
-0.24010071,0.5439688,9.625733,1.42643322755e+12,1.42643322756e+12,777777,11309,9
-11.699997,-15,-42.59999,1.42643322755e+12,1.42643322756e+12,999999,11309,11
-0.17600939,-0.056367934,-0.06706798,1.4264332276e+12,1.4264332276e+12,888888,11361,1
-0.14819184,0.8931926,9.611513,1.4264332276e+12,1.42643322761e+12,777777,11360,9
-11.399994,-14.099991,-43.199997,1.4264332276e+12,1.42643322761e+12,999999,11361,10
-0.22610451,0.13122167,-5.326322e-07,1.42643322765e+12,1.42643322765e+12,888888,11411,1
-0.32287857,1.0244696,9.4667635,1.42643322765e+12,1.42643322766e+12,777777,11411,9
-11.399994,-13.199997,-43.5,1.42643322765e+12,1.42643322766e+12,999999,11411,11
-0.37212563,0.62151283,0.17061675,1.42643322771e+12,1.42643322771e+12,888888,11468,1
-0.40281236,0.86415297,9.705517,1.42643322771e+12,1.42643322772e+12,777777,11467,10
-10.5,-12.599991,-43.799988,1.42643322771e+12,1.42643322772e+12,999999,11467,12
-0.06089744,-0.28232783,0.12904826,1.42643322776e+12,1.42643322776e+12,888888,11518,5
-1.1035053,0.8253836,9.423055,1.42643322776e+12,1.42643322777e+12,777777,11517,14
-9.899994,-12,-43.199997,1.42643322776e+12,1.42643322778e+12,999999,11517,16
-0.38598207,0.107773334,-0.111833595,1.42643322781e+12,1.42643322781e+12,888888,11569,1
-0.6414162,0.9352551,9.931847,1.42643322781e+12,1.42643322782e+12,777777,11568,10
-9.899994,-12,-43.199997,1.42643322781e+12,1.42643322782e+12,999999,11568,12
