-0.03416037,0.08414817,-5.326322e-07,1.43022536198e+12,1.43022536199e+12,888888,0,17
-0.48813492,1.4522799,9.563911,1.43022536198e+12,1.43022536202e+12,777777,0,45
4.199997,-4.199997,-21.899994,1.43022536198e+12,1.43022536203e+12,999999,1,50
0.04259939,-0.087449156,-5.326322e-07,1.43022536203e+12,1.43022536207e+12,888888,52,41
-0.540526,1.5582596,9.436676,1.43022536203e+12,1.43022536208e+12,777777,52,50
14.399994,1.199997,-22.199997,1.43022536203e+12,1.43022536208e+12,999999,53,51
-5.326322e-07,-5.326322e-07,0.07240469,1.43022536208e+12,1.43022536212e+12,888888,100,45
-0.7063811,1.5145504,9.575737,1.43022536208e+12,1.43022536214e+12,777777,100,59
23.09999,7.799988,-21,1.43022536208e+12,1.43022536214e+12,999999,100,62
0.042570896,-0.021351362,0.07452776,1.43022536213e+12,1.43022536216e+12,888888,154,35
-0.5987549,1.5799644,9.53113,1.43022536213e+12,1.43022536217e+12,777777,154,41
23.399994,7.5,-21,1.43022536213e+12,1.43022536217e+12,999999,153,43
0.032944366,-0.03730343,0.05421184,1.43022536218e+12,1.43022536221e+12,888888,200,31
-0.42287064,1.6468753,9.432485,1.43022536218e+12,1.43022536221e+12,777777,200,34
23.399994,7.799988,-20.699997,1.43022536218e+12,1.43022536221e+12,999999,200,37
0.038241394,-0.05003787,-0.028958416,1.43022536222e+12,1.43022536225e+12,888888,249,24
-0.24923173,1.7741107,9.490714,1.43022536222e+12,1.43022536226e+12,777777,249,31
23.399994,7.799988,-18.899994,1.43022536222e+12,1.43022536226e+12,999999,249,32
0.12349504,-0.08625526,-0.11207887,1.43022536228e+12,1.43022536228e+12,888888,299,7
-0.13187577,1.8419197,9.520951,1.43022536227e+12,1.43022536229e+12,777777,298,15
23.09999,7.199997,-19.199997,1.43022536228e+12,1.43022536229e+12,999999,299,16
-5.326322e-07,-0.15233815,-0.20693961,1.43022536232e+12,1.43022536233e+12,888888,349,2
-0.003742218,2.0327728,9.662557,1.43022536233e+12,1.43022536233e+12,777777,350,7
23.09999,8.099991,-19.5,1.43022536233e+12,1.43022536234e+12,999999,350,9
0.041424673,-5.326322e-07,-0.24104644,1.43022536238e+12,1.43022536238e+12,888888,399,1
0.07589218,2.1417463,10.09381,1.43022536238e+12,1.43022536238e+12,777777,400,6
23.699997,7.799988,-19.799988,1.43022536238e+12,1.43022536238e+12,999999,399,8
0.044622596,-0.15766713,-0.19841269,1.43022536242e+12,1.43022536243e+12,888888,449,1
0.1938469,2.2234762,10.000255,1.43022536242e+12,1.43022536243e+12,777777,449,5
23.699997,7.5,-21.299988,1.43022536242e+12,1.43022536243e+12,999999,449,6
0.14694391,-0.2258816,-0.21440019,1.43022536248e+12,1.43022536248e+12,888888,500,1
0.53379,2.2984703,10.01208,1.43022536248e+12,1.43022536248e+12,777777,499,7
23.399994,7.5,-22.199997,1.43022536248e+12,1.43022536248e+12,999999,500,8
-0.03211879,0.17807546,-0.2655611,1.43022536253e+12,1.43022536253e+12,888888,550,1
0.5192702,2.467918,9.222622,1.43022536253e+12,1.43022536253e+12,777777,550,7
23.09999,7.5,-21.899994,1.43022536253e+12,1.43022536254e+12,999999,550,9
-0.13976961,-0.07772835,-0.29860267,1.43022536258e+12,1.43022536258e+12,888888,600,1
-0.083376616,2.5152197,7.912845,1.43022536258e+12,1.43022536258e+12,777777,600,8
23.09999,7.5,-21.899994,1.43022536258e+12,1.43022536258e+12,999999,600,9
-0.25381577,-0.07026724,-0.24531016,1.43022536263e+12,1.43022536263e+12,888888,650,1
-0.3770659,2.3939717,8.417147,1.43022536263e+12,1.43022536263e+12,777777,650,7
22.199997,8.399994,-22.799988,1.43022536263e+12,1.43022536264e+12,999999,650,9
-0.13017718,-0.13635013,-0.17070064,1.43022536268e+12,1.43022536268e+12,888888,699,3
-0.051642608,2.2189856,9.6002865,1.43022536268e+12,1.43022536269e+12,777777,699,11
22.5,9,-21.899994,1.43022536268e+12,1.43022536269e+12,999999,699,12
0.052083176,-0.094781905,0.04353523,1.43022536272e+12,1.43022536273e+12,888888,749,1
0.120050356,2.2430854,10.024504,1.43022536272e+12,1.43022536274e+12,777777,749,20
22.199997,9.599991,-22.199997,1.43022536272e+12,1.43022536275e+12,999999,749,29
0.12562717,-0.17045748,0.1138813,1.43022536277e+12,1.43022536281e+12,888888,798,34
0.23800507,2.546804,10.144854,1.43022536278e+12,1.43022536282e+12,777777,799,40
21.899994,9.899994,-22.5,1.43022536278e+12,1.43022536282e+12,999999,799,44
0.2908337,-0.17152329,-0.08543261,1.43022536282e+12,1.43022536285e+12,888888,849,23
0.21255799,2.910248,11.331586,1.43022536282e+12,1.43022536286e+12,777777,849,30
22.199997,9.299988,-22.199997,1.43022536282e+12,1.43022536286e+12,999999,849,31
-0.42008808,0.16528536,-0.60876507,1.43022536288e+12,1.43022536288e+12,888888,899,4
-1.1784993,2.317331,12.861255,1.43022536287e+12,1.43022536288e+12,777777,898,10
21.59999,9.599991,-22.799988,1.43022536288e+12,1.43022536289e+12,999999,899,11
-0.37105903,-0.3388614,0.53169453,1.43022536293e+12,1.43022536293e+12,888888,950,1
-1.2609777,0.7728429,14.0176,1.43022536293e+12,1.43022536293e+12,777777,950,4
21.299988,9.899994,-22.199997,1.43022536293e+12,1.43022536293e+12,999999,950,5
0.06487354,0.9220391,0.5252992,1.43022536298e+12,1.43022536298e+12,888888,1000,1
-0.2694397,0.64066774,13.946947,1.43022536298e+12,1.43022536298e+12,777777,1000,4
21.299988,10.799988,-21,1.43022536298e+12,1.43022536298e+12,999999,1000,5
0.49974003,0.29745087,1.2149043,1.43022536303e+12,1.43022536303e+12,888888,1050,1
-0.8196954,0.3848497,9.244776,1.43022536303e+12,1.43022536303e+12,777777,1051,3
21.899994,10.5,-21,1.43022536303e+12,1.43022536303e+12,999999,1050,5
-5.326322e-07,0.13437591,0.31852445,1.43022536308e+12,1.43022536308e+12,888888,1100,1
-0.9801617,0.78062665,7.408993,1.43022536308e+12,1.43022536308e+12,777777,1100,4
22.5,9.899994,-20.399994,1.43022536308e+12,1.43022536308e+12,999999,1100,5
-0.4254176,-5.326322e-07,0.37394857,1.43022536312e+12,1.43022536313e+12,888888,1149,1
-0.8692424,0.7461983,7.555089,1.43022536312e+12,1.43022536313e+12,777777,1149,5
23.699997,9,-20.09999,1.43022536312e+12,1.43022536313e+12,999999,1149,6
-0.0278556,-0.018041052,0.13519856,1.43022536318e+12,1.43022536318e+12,888888,1200,1
-0.41358992,1.0940748,8.508456,1.43022536318e+12,1.43022536318e+12,777777,1200,5
24.299988,8.699997,-21,1.43022536318e+12,1.43022536318e+12,999999,1200,7
0.1586682,-0.101177216,0.4368338,1.43022536322e+12,1.43022536323e+12,888888,1249,3
-0.07723938,0.9129515,7.85761,1.43022536322e+12,1.43022536323e+12,777777,1249,9
24.299988,9.599991,-21,1.43022536322e+12,1.43022536324e+12,999999,1249,11
0.22688268,0.054437142,0.16610801,1.43022536328e+12,1.43022536328e+12,888888,1299,1
0.17573456,1.2970527,7.8414435,1.43022536328e+12,1.43022536328e+12,777777,1299,4
24.59999,9.899994,-21.59999,1.43022536328e+12,1.43022536328e+12,999999,1300,5
-0.102464855,0.39657477,-0.25703445,1.43022536332e+12,1.43022536333e+12,888888,1349,1
0.067060545,1.8375788,9.854757,1.43022536332e+12,1.43022536333e+12,777777,1349,6
24.899994,9.599991,-21.59999,1.43022536332e+12,1.43022536333e+12,999999,1349,7
-0.20798409,0.0938735,-0.24104644,1.43022536338e+12,1.43022536338e+12,888888,1400,1
-0.3847,1.9775376,12.101135,1.43022536338e+12,1.43022536338e+12,777777,1400,4
25.199997,9.899994,-21.299988,1.43022536338e+12,1.43022536338e+12,999999,1400,5
0.18424867,-0.3239397,-0.33484164,1.43022536343e+12,1.43022536343e+12,888888,1450,1
-0.13965958,1.8227595,12.799583,1.43022536343e+12,1.43022536343e+12,777777,1450,5
25.5,9.599991,-21.299988,1.43022536343e+12,1.43022536343e+12,999999,1450,6
0.13308775,-0.51899046,-0.69509864,1.43022536348e+12,1.43022536348e+12,888888,1499,1
-0.11511063,1.345552,11.504327,1.43022536348e+12,1.43022536348e+12,777777,1499,5
25.199997,9.899994,-21.299988,1.43022536348e+12,1.43022536348e+12,999999,1500,6
0.25459474,-0.025501631,-0.4851265,1.43022536353e+12,1.43022536353e+12,888888,1550,1
-0.34323624,0.30177248,10.278825,1.43022536353e+12,1.43022536353e+12,777777,1550,5
24.59999,10.199997,-21.299988,1.43022536353e+12,1.43022536353e+12,999999,1550,7
0.31001884,-0.33992773,-0.15151523,1.43022536358e+12,1.43022536358e+12,888888,1599,1
-0.18561402,-0.041912843,9.039701,1.43022536358e+12,1.43022536358e+12,777777,1599,8
23.399994,10.199997,-22.199997,1.43022536358e+12,1.43022536358e+12,999999,1599,10
0.057412427,-0.23440851,-0.12913242,1.43022536362e+12,1.43022536363e+12,888888,1649,1
0.15103592,0.4260141,8.363857,1.43022536362e+12,1.43022536363e+12,777777,1649,7
23.399994,10.5,-22.5,1.43022536363e+12,1.43022536363e+12,999999,1650,7
-0.19412793,-0.24186936,-0.054523163,1.43022536368e+12,1.43022536368e+12,888888,1700,1
0.034129027,0.98165864,7.860604,1.43022536368e+12,1.43022536368e+12,777777,1700,6
22.799988,10.199997,-23.09999,1.43022536368e+12,1.43022536368e+12,999999,1699,9
-0.107794374,-0.16832563,0.047798682,1.43022536372e+12,1.43022536373e+12,888888,1749,2
-0.1499881,1.49554,8.070916,1.43022536373e+12,1.43022536374e+12,777777,1750,10
21.899994,10.5,-23.399994,1.43022536372e+12,1.43022536374e+12,999999,1749,12
-0.023592144,-0.11716498,0.15011999,1.43022536378e+12,1.43022536378e+12,888888,1799,1
-0.26569748,2.084715,8.295749,1.43022536378e+12,1.43022536378e+12,777777,1800,4
22.199997,10.799988,-23.699997,1.43022536378e+12,1.43022536378e+12,999999,1800,5
-0.2058525,-0.088386856,-0.14298831,1.43022536383e+12,1.43022536383e+12,888888,1850,1
-0.3635939,2.6283844,9.236393,1.43022536383e+12,1.43022536383e+12,777777,1850,5
21.899994,10.799988,-23.699997,1.43022536383e+12,1.43022536383e+12,999999,1851,6
-0.053435795,-0.14274517,0.26203454,1.43022536388e+12,1.43022536388e+12,888888,1899,1
-0.199086,2.7304718,11.62797,1.43022536388e+12,1.43022536388e+12,777777,1899,5
21.899994,10.799988,-23.399994,1.43022536388e+12,1.43022536388e+12,999999,1899,7
0.24287044,-0.38149568,0.806684,1.43022536393e+12,1.43022536393e+12,888888,1951,1
0.5954617,2.7440937,13.184732,1.43022536393e+12,1.43022536393e+12,777777,1951,5
21.899994,10.5,-24.59999,1.43022536393e+12,1.43022536393e+12,999999,1950,8
0.6457617,0.17487808,0.12773746,1.43022536398e+12,1.43022536398e+12,888888,1999,1
0.5536986,2.312092,12.70962,1.43022536398e+12,1.43022536398e+12,777777,1999,8
21.899994,9.899994,-24.299988,1.43022536398e+12,1.43022536399e+12,999999,1999,11
0.43046004,0.24309255,0.4112536,1.43022536403e+12,1.43022536403e+12,888888,2050,1
-0.8836125,0.5379813,9.399104,1.43022536403e+12,1.43022536403e+12,777777,2050,8
21.299988,9.299988,-24.59999,1.43022536403e+12,1.43022536404e+12,999999,2050,10
0.037161484,0.06509565,0.32811716,1.43022536408e+12,1.43022536408e+12,888888,2099,1
-1.3968952,0.31943572,8.79556,1.43022536408e+12,1.43022536408e+12,777777,2099,7
21,8.399994,-24.899994,1.43022536408e+12,1.43022536408e+12,999999,2099,9
-0.061962437,0.4690527,0.15438372,1.43022536412e+12,1.43022536413e+12,888888,2149,1
-0.71311706,0.8044272,8.952284,1.43022536412e+12,1.43022536413e+12,777777,2149,5
21.59999,7.5,-23.699997,1.43022536413e+12,1.43022536413e+12,999999,2150,6
-0.107794374,0.5511231,0.058457185,1.43022536418e+12,1.43022536418e+12,888888,2200,1
-0.2323169,1.2123289,7.502698,1.43022536418e+12,1.43022536418e+12,777777,2201,4
21.59999,7.199997,-23.399994,1.43022536418e+12,1.43022536418e+12,999999,2201,5
-0.28472522,0.5244768,-0.10248616,1.43022536422e+12,1.43022536422e+12,888888,2246,1
-0.088016964,1.3605208,6.40039,1.43022536422e+12,1.43022536423e+12,777777,2246,8
22.5,7.5,-23.399994,1.43022536422e+12,1.43022536423e+12,999999,2246,9
-0.3422812,0.35180917,-0.05025944,1.43022536428e+12,1.43022536428e+12,888888,2299,1
-0.3794609,1.642684,7.276219,1.43022536428e+12,1.43022536428e+12,777777,2299,6
23.699997,8.399994,-22.5,1.43022536428e+12,1.43022536428e+12,999999,2300,7
0.27591175,0.2249732,0.1138813,1.43022536433e+12,1.43022536433e+12,888888,2350,1
-0.21435425,1.8751506,9.129964,1.43022536432e+12,1.43022536433e+12,777777,2349,7
24.59999,9.299988,-22.199997,1.43022536432e+12,1.43022536433e+12,999999,2349,9
0.06807093,0.01819818,0.053127665,1.43022536438e+12,1.43022536438e+12,888888,2402,1
-0.4010161,2.3605912,11.405083,1.43022536438e+12,1.43022536439e+12,777777,2402,8
25.5,9.299988,-22.199997,1.43022536438e+12,1.43022536439e+12,999999,2401,10
0.14799559,-0.4262584,-0.18243612,1.43022536443e+12,1.43022536443e+12,888888,2451,1
-0.1791774,2.737208,13.744418,1.43022536443e+12,1.43022536444e+12,777777,2450,10
25.199997,8.699997,-21.899994,1.43022536443e+12,1.43022536444e+12,999999,2450,11
0.4570922,0.048045024,-0.73134875,1.43022536448e+12,1.43022536448e+12,888888,2501,1
0.12394226,2.2725742,13.53216,1.43022536448e+12,1.43022536448e+12,777777,2501,5
24.59999,7.799988,-22.799988,1.43022536448e+12,1.43022536448e+12,999999,2501,7
0.6681304,-0.1342156,-0.47874236,1.43022536452e+12,1.43022536453e+12,888888,2549,1
-0.30940658,0.69231033,9.81943,1.43022536452e+12,1.43022536453e+12,777777,2549,6
24.299988,6.599991,-22.799988,1.43022536453e+12,1.43022536453e+12,999999,2550,7
0.30574155,-0.6660747,0.12879206,1.43022536458e+12,1.43022536458e+12,888888,2601,1
-0.32706985,0.46493316,7.667655,1.43022536458e+12,1.43022536458e+12,777777,2601,6
23.699997,6.299988,-22.799988,1.43022536458e+12,1.43022536458e+12,999999,2601,7
-0.57784814,-0.7278938,-0.47767657,1.43022536463e+12,1.43022536463e+12,888888,2650,1
0.51822233,1.525328,8.431067,1.43022536463e+12,1.43022536463e+12,777777,2650,8
23.399994,5.099991,-24.299988,1.43022536462e+12,1.43022536464e+12,999999,2649,10
-0.28473932,-0.08944999,-0.18883143,1.43022536468e+12,1.43022536468e+12,888888,2701,1
0.34697846,1.8044975,8.50666,1.43022536468e+12,1.43022536469e+12,777777,2701,9
23.399994,5.099991,-24.59999,1.43022536468e+12,1.43022536469e+12,999999,2701,10
-0.41157582,-0.30261952,-0.019361181,1.43022536472e+12,1.43022536473e+12,888888,2749,1
-0.45984375,1.5106586,7.075337,1.43022536473e+12,1.43022536473e+12,777777,2750,7
22.199997,6,-25.5,1.43022536472e+12,1.43022536474e+12,999999,2749,10
-0.35401958,-0.060671605,-0.033217076,1.43022536478e+12,1.43022536478e+12,888888,2800,1
-0.70653075,1.6226257,7.0064797,1.43022536478e+12,1.43022536478e+12,777777,2800,7
21.59999,6.299988,-25.5,1.43022536478e+12,1.43022536479e+12,999999,2800,10
-0.15790334,-0.24612962,0.11067272,1.43022536483e+12,1.43022536483e+12,888888,2850,1
-0.4074527,2.145189,7.8314147,1.43022536483e+12,1.43022536483e+12,777777,2851,5
21,8.399994,-24,1.43022536483e+12,1.43022536483e+12,999999,2850,8
-0.4392879,-0.43052182,-0.09290491,1.43022536488e+12,1.43022536488e+12,888888,2899,1
0.14175522,2.9211755,10.781031,1.43022536488e+12,1.43022536488e+12,777777,2900,6
19.799988,9.899994,-24.299988,1.43022536488e+12,1.43022536488e+12,999999,2899,8
-0.27194923,-0.22694446,0.17568927,1.43022536493e+12,1.43022536493e+12,888888,2950,1
1.3039384,3.1162198,14.61411,1.43022536493e+12,1.43022536493e+12,777777,2950,6
20.09999,10.799988,-24.299988,1.43022536493e+12,1.43022536494e+12,999999,2950,9
-0.33376867,0.25481978,-0.2730334,1.43022536498e+12,1.43022536498e+12,888888,2999,1
1.3930032,1.8782941,14.290033,1.43022536498e+12,1.43022536498e+12,777777,2999,6
19.799988,12,-24,1.43022536498e+12,1.43022536498e+12,999999,3000,7
0.04354215,0.78241545,0.15756992,1.43022536503e+12,1.43022536503e+12,888888,3050,1
-0.95905566,0.10837463,10.415641,1.43022536503e+12,1.43022536503e+12,777777,3050,4
20.09999,12.599991,-24,1.43022536503e+12,1.43022536503e+12,999999,3050,5
-0.1632326,-0.18217885,0.33023757,1.43022536508e+12,1.43022536508e+12,888888,3101,1
-1.6106507,-0.25417146,8.9425535,1.43022536508e+12,1.43022536508e+12,777777,3101,5
20.399994,12.899994,-23.699997,1.43022536508e+12,1.43022536508e+12,999999,3101,6
-0.60875815,0.5308751,0.06377525,1.43022536513e+12,1.43022536513e+12,888888,3151,1
-0.50325346,0.083675995,9.816886,1.43022536513e+12,1.43022536513e+12,777777,3151,6
21.299988,13.199997,-22.5,1.43022536513e+12,1.43022536514e+12,999999,3151,8
0.03181785,0.4157631,0.21512616,1.43022536518e+12,1.43022536518e+12,888888,3201,1
0.048798524,0.504451,8.912018,1.43022536518e+12,1.43022536518e+12,777777,3201,5
22.5,13.799988,-22.799988,1.43022536518e+12,1.43022536518e+12,999999,3200,7
0.22793436,0.19939567,0.36221308,1.43022536522e+12,1.43022536523e+12,888888,3249,1
0.064815216,0.6601273,6.5623536,1.43022536523e+12,1.43022536523e+12,777777,3250,5
23.699997,13.199997,-22.799988,1.43022536522e+12,1.43022536523e+12,999999,3249,7
0.26417333,0.038452316,0.15543833,1.43022536528e+12,1.43022536528e+12,888888,3299,1
0.07589218,0.7351213,5.813461,1.43022536528e+12,1.43022536528e+12,777777,3299,5
24,12.599991,-23.399994,1.43022536528e+12,1.43022536528e+12,999999,3300,6
0.2684368,0.084283724,0.0946847,1.43022536533e+12,1.43022536533e+12,888888,3350,1
-0.18157242,1.0092014,7.33834,1.43022536533e+12,1.43022536534e+12,777777,3350,9
24.59999,12.299988,-24,1.43022536533e+12,1.43022536534e+12,999999,3350,11
-0.39771968,0.098139614,-0.27836266,1.43022536538e+12,1.43022536538e+12,888888,3399,7
-0.3359015,1.520538,10.410701,1.43022536538e+12,1.43022536539e+12,777777,3400,13
24.899994,12.299988,-24.299988,1.43022536538e+12,1.43022536539e+12,999999,3399,15
-0.51709455,-0.10650327,-0.4158574,1.43022536543e+12,1.43022536543e+12,888888,3450,5
-0.41089553,1.9473006,14.028976,1.43022536543e+12,1.43022536544e+12,777777,3450,12
24.59999,12.899994,-23.399994,1.43022536543e+12,1.43022536544e+12,999999,3450,14
0.4720139,-0.12675475,-0.2730334,1.43022536548e+12,1.43022536548e+12,888888,3499,4
0.17498611,1.6366965,15.360607,1.43022536548e+12,1.43022536548e+12,777777,3499,10
24.59999,13.199997,-22.199997,1.43022536548e+12,1.43022536549e+12,999999,3499,12
0.76192534,-5.326322e-07,-0.1195509,1.43022536553e+12,1.43022536553e+12,888888,3550,1
-0.20267853,0.12888199,11.464958,1.43022536553e+12,1.43022536553e+12,777777,3551,6
24.299988,13.799988,-21.899994,1.43022536553e+12,1.43022536553e+12,999999,3550,8
0.1927612,-0.6436919,0.27055028,1.43022536558e+12,1.43022536558e+12,888888,3600,2
-0.17947678,-0.9707314,8.522228,1.43022536558e+12,1.43022536558e+12,777777,3600,7
23.699997,13.199997,-21.299988,1.43022536558e+12,1.43022536558e+12,999999,3600,8
0.25351483,-0.20775932,0.03286554,1.43022536563e+12,1.43022536563e+12,888888,3651,1
0.71880525,-0.46867537,8.194709,1.43022536563e+12,1.43022536563e+12,777777,3651,4
23.09999,12.599991,-22.199997,1.43022536563e+12,1.43022536563e+12,999999,3651,5
-0.1152672,0.041661162,-5.326322e-07,1.43022536568e+12,1.43022536568e+12,888888,3699,2
0.46268785,0.6197113,6.947802,1.43022536568e+12,1.43022536568e+12,777777,3699,6
22.799988,12,-22.5,1.43022536568e+12,1.43022536568e+12,999999,3699,7
-0.13018943,-0.27063283,-0.023622239,1.43022536572e+12,1.43022536573e+12,888888,3749,1
-0.24414231,0.9710307,5.8683968,1.43022536572e+12,1.43022536573e+12,777777,3749,6
22.199997,11.099991,-22.5,1.43022536572e+12,1.43022536573e+12,999999,3749,7
-0.08435776,-0.14486265,0.10214794,1.43022536578e+12,1.43022536578e+12,888888,3799,3
-0.44652146,1.2268487,6.752458,1.43022536578e+12,1.43022536579e+12,777777,3799,12
21.59999,10.5,-22.799988,1.43022536578e+12,1.43022536579e+12,999999,3799,14
0.09363914,-0.44223467,-5.326322e-07,1.43022536582e+12,1.43022536583e+12,888888,3849,3
-0.013322297,1.9799327,8.662486,1.43022536582e+12,1.43022536584e+12,777777,3849,10
21.299988,10.5,-23.399994,1.43022536582e+12,1.43022536584e+12,999999,3849,11
0.03821503,-0.29194957,-5.326322e-07,1.43022536588e+12,1.43022536588e+12,888888,3899,3
0.56746995,2.8692334,12.275373,1.43022536588e+12,1.43022536588e+12,777777,3899,10
20.399994,10.199997,-23.699997,1.43022536588e+12,1.43022536589e+12,999999,3899,11
0.12348279,-0.043606598,0.4805248,1.43022536592e+12,1.43022536593e+12,888888,3949,1
1.2760963,2.753075,14.396013,1.43022536592e+12,1.43022536593e+12,777777,3949,7
20.09999,10.199997,-24.899994,1.43022536592e+12,1.43022536593e+12,999999,3949,8
-0.30605474,-0.043606598,0.020077571,1.43022536598e+12,1.43022536598e+12,888888,4000,1
1.234932,2.0790267,14.394068,1.43022536598e+12,1.43022536598e+12,777777,4000,5
19.799988,10.199997,-25.199997,1.43022536598e+12,1.43022536598e+12,999999,4000,6
0.73101723,0.88794637,0.049921487,1.43022536603e+12,1.43022536603e+12,888888,4050,1
0.20118164,0.66342044,11.416908,1.43022536603e+12,1.43022536603e+12,777777,4051,6
20.09999,9.899994,-24.59999,1.43022536603e+12,1.43022536604e+12,999999,4050,9
-0.10993822,-0.42518085,0.21512829,1.43022536608e+12,1.43022536608e+12,888888,4099,1
-1.1828402,0.2296225,7.711065,1.43022536608e+12,1.43022536608e+12,777777,4100,9
21,9.899994,-25.199997,1.43022536608e+12,1.43022536609e+12,999999,4099,11
-0.45847118,0.213263,-0.273031,1.43022536612e+12,1.43022536613e+12,888888,4149,1
-0.7008426,0.47690827,8.673264,1.43022536612e+12,1.43022536614e+12,777777,4149,10
21.299988,9.899994,-24.899994,1.43022536613e+12,1.43022536614e+12,999999,4150,11
-0.2442353,0.35075802,-0.04600531,1.43022536618e+12,1.43022536618e+12,888888,4202,1
-0.43050477,0.601599,9.332643,1.43022536618e+12,1.43022536618e+12,777777,4202,7
22.199997,9.899994,-24.899994,1.43022536618e+12,1.43022536619e+12,999999,4202,9
-0.023604395,0.23884347,0.36967632,1.43022536623e+12,1.43022536623e+12,888888,4250,1
-0.51208514,0.78691363,7.744745,1.43022536622e+12,1.43022536623e+12,777777,4249,6
22.199997,10.199997,-24.59999,1.43022536623e+12,1.43022536623e+12,999999,4250,8
0.11495588,0.06191237,0.4560104,1.43022536628e+12,1.43022536628e+12,888888,4300,1
-0.17603393,0.91235274,6.0215282,1.43022536628e+12,1.43022536628e+12,777777,4300,6
22.799988,10.199997,-24,1.43022536628e+12,1.43022536628e+12,999999,4300,8
-0.26768392,0.10134899,0.16929635,1.43022536633e+12,1.43022536633e+12,888888,4351,1
0.09879456,1.1350895,6.5967817,1.43022536633e+12,1.43022536633e+12,777777,4351,7
24,10.5,-23.699997,1.43022536633e+12,1.43022536634e+12,999999,4351,9
-0.3881251,0.22392178,-0.2847553,1.43022536638e+12,1.43022536638e+12,888888,4401,1
0.5216652,1.633553,10.345287,1.43022536638e+12,1.43022536638e+12,777777,4401,8
24,10.5,-23.09999,1.43022536638e+12,1.43022536639e+12,999999,4402,9
-0.09821365,0.21219721,-0.19415829,1.43022536643e+12,1.43022536643e+12,888888,4451,1
0.8890013,1.9401155,13.768968,1.43022536643e+12,1.43022536644e+12,777777,4451,8
24.299988,11.699997,-23.09999,1.43022536643e+12,1.43022536644e+12,999999,4451,10
-0.33483258,0.65878826,-0.7686511,1.43022536648e+12,1.43022536648e+12,888888,4499,1
0.9630972,1.9736458,14.269826,1.43022536648e+12,1.43022536648e+12,777777,4499,10
24.59999,12.899994,-23.09999,1.43022536648e+12,1.43022536649e+12,999999,4499,11
0.50505733,-0.22373536,-0.51497895,1.43022536653e+12,1.43022536653e+12,888888,4550,1
-0.2174977,0.6192622,11.699222,1.43022536653e+12,1.43022536653e+12,777777,4551,6
24.899994,12.899994,-23.09999,1.43022536653e+12,1.43022536654e+12,999999,4550,9
0.39101118,-0.3505716,-0.15578774,1.43022536658e+12,1.43022536658e+12,888888,4600,1
-0.5625302,-1.1999048,9.30959,1.43022536658e+12,1.43022536658e+12,777777,4601,8
25.199997,13.5,-23.399994,1.43022536658e+12,1.43022536659e+12,999999,4600,10
0.0723224,-0.46035403,-0.11421952,1.43022536663e+12,1.43022536663e+12,888888,4651,1
0.26794282,-0.87687653,9.123078,1.43022536663e+12,1.43022536664e+12,777777,4650,10
24.899994,12.899994,-23.399994,1.43022536663e+12,1.43022536664e+12,999999,4650,12
0.036083438,-0.08197743,-0.26983362,1.43022536668e+12,1.43022536668e+12,888888,4700,2
0.5357359,0.5312453,9.197623,1.43022536668e+12,1.43022536669e+12,777777,4701,10
24.299988,12,-23.09999,1.43022536668e+12,1.43022536669e+12,999999,4700,12
-5.326322e-07,-0.15978408,-0.30500677,1.43022536672e+12,1.43022536673e+12,888888,4749,1
-0.056881715,1.0527607,7.561526,1.43022536672e+12,1.43022536673e+12,777777,4749,7
23.699997,12.599991,-22.799988,1.43022536672e+12,1.43022536674e+12,999999,4749,10
-0.028933648,-0.18536453,-0.32525772,1.43022536678e+12,1.43022536678e+12,888888,4800,1
-0.6791377,0.9735754,6.5138545,1.43022536678e+12,1.43022536678e+12,777777,4800,7
22.199997,11.399994,-23.399994,1.43022536678e+12,1.43022536679e+12,999999,4801,9
-0.2037329,-0.25571087,-0.2826237,1.43022536682e+12,1.43022536683e+12,888888,4849,1
-0.93510544,1.0777588,7.0924015,1.43022536683e+12,1.43022536683e+12,777777,4850,7
22.5,11.699997,-23.699997,1.43022536682e+12,1.43022536684e+12,999999,4849,10
-0.25276223,-0.19175985,-0.3497724,1.43022536688e+12,1.43022536688e+12,888888,4900,1
-0.67509615,1.5235318,9.972712,1.43022536688e+12,1.43022536688e+12,777777,4900,8
21.899994,12.899994,-23.699997,1.43022536688e+12,1.43022536688e+12,999999,4900,9
0.49546462,-0.24824975,0.62654644,1.43022536693e+12,1.43022536693e+12,888888,4951,1
0.07185058,2.0918999,13.663437,1.43022536693e+12,1.43022536694e+12,777777,4951,9
21.299988,12.899994,-24.59999,1.43022536693e+12,1.43022536694e+12,999999,4951,11
0.46455464,-0.27063283,0.26842082,1.43022536698e+12,1.43022536698e+12,888888,4999,1
1.0988649,2.216441,14.488221,1.43022536698e+12,1.43022536698e+12,777777,4999,7
21,13.199997,-23.699997,1.43022536698e+12,1.43022536698e+12,999999,4999,10
0.83760226,0.32091385,0.18315278,1.43022536702e+12,1.43022536702e+12,888888,5048,1
0.475112,1.1262579,13.057048,1.43022536702e+12,1.43022536703e+12,777777,5048,7
20.399994,12.299988,-24.299988,1.43022536702e+12,1.43022536703e+12,999999,5048,9
0.6649349,0.1471804,0.26095968,1.43022536708e+12,1.43022536708e+12,888888,5101,1
-0.7870633,0.2532733,8.90094,1.43022536708e+12,1.43022536709e+12,777777,5101,10
20.399994,10.199997,-24.59999,1.43022536708e+12,1.43022536709e+12,999999,5101,12
-0.12272539,0.08535458,0.063769124,1.43022536713e+12,1.43022536713e+12,888888,5150,1
-1.353186,0.11047027,6.844966,1.43022536713e+12,1.43022536714e+12,777777,5151,10
20.399994,9,-24.899994,1.43022536713e+12,1.43022536714e+12,999999,5150,12
-0.6385967,0.08748617,0.074427366,1.43022536718e+12,1.43022536718e+12,888888,5200,1
-1.0400373,0.24593857,7.2687345,1.43022536718e+12,1.43022536718e+12,777777,5200,8
20.699997,8.699997,-25.5,1.43022536718e+12,1.43022536719e+12,999999,5200,10
-0.3199077,0.19087382,0.21405344,1.43022536723e+12,1.43022536723e+12,888888,5250,1
-0.4486171,0.8125104,8.257428,1.43022536723e+12,1.43022536724e+12,777777,5251,8
21.59999,8.699997,-25.199997,1.43022536723e+12,1.43022536724e+12,999999,5250,10
-0.37639788,0.089618035,0.22790986,1.43022536728e+12,1.43022536728e+12,888888,5299,1
-0.065713346,1.165626,7.4595876,1.43022536728e+12,1.43022536728e+12,777777,5299,9
21.899994,9.599991,-25.199997,1.43022536728e+12,1.43022536729e+12,999999,5299,11
-0.26874703,0.15996383,0.12239063,1.43022536733e+12,1.43022536733e+12,888888,5350,1
0.034428407,1.2777429,7.6975927,1.43022536733e+12,1.43022536734e+12,777777,5350,9
22.199997,9.899994,-24.899994,1.43022536733e+12,1.43022536734e+12,999999,5350,11
-0.20692761,0.08428878,0.029661756,1.43022536738e+12,1.43022536738e+12,888888,5400,1
0.11541,1.427282,9.253158,1.43022536738e+12,1.43022536739e+12,777777,5400,10
23.09999,10.799988,-24.299988,1.43022536738e+12,1.43022536739e+12,999999,5400,13
-0.24316658,-0.09157679,-0.11422804,1.43022536743e+12,1.43022536743e+12,888888,5450,2
0.11271561,1.7116905,11.517649,1.43022536742e+12,1.43022536744e+12,777777,5449,13
22.5,11.699997,-23.699997,1.43022536742e+12,1.43022536744e+12,999999,5449,14
0.21728066,-0.4582291,-0.022564964,1.43022536748e+12,1.43022536748e+12,888888,5499,1
0.278421,1.6859441,12.842394,1.43022536748e+12,1.43022536748e+12,777777,5500,7
22.799988,12.299988,-23.399994,1.43022536748e+12,1.43022536748e+12,999999,5499,9
-0.05770857,-0.22907127,-0.5458974,1.43022536752e+12,1.43022536753e+12,888888,5549,1
0.64096713,1.3347744,12.406351,1.43022536753e+12,1.43022536753e+12,777777,5550,7
22.5,13.199997,-23.399994,1.43022536753e+12,1.43022536754e+12,999999,5550,10
0.29935104,-0.07452297,-0.4435756,1.43022536758e+12,1.43022536758e+12,888888,5599,1
0.5661228,0.35670823,11.299104,1.43022536758e+12,1.43022536759e+12,777777,5600,11
22.199997,12.899994,-23.699997,1.43022536758e+12,1.43022536759e+12,999999,5600,13
0.21728066,-0.48167768,0.032859147,1.43022536763e+12,1.43022536763e+12,888888,5650,1
0.4071533,-0.71730834,9.952952,1.43022536763e+12,1.43022536764e+12,777777,5650,11
21.59999,12.599991,-24,1.43022536763e+12,1.43022536764e+12,999999,5651,12
0.21514906,0.08428878,-5.326322e-07,1.43022536768e+12,1.43022536768e+12,888888,5699,1
1.0759625,-0.060174868,9.996213,1.43022536768e+12,1.43022536768e+12,777777,5700,7
21,12.899994,-24,1.43022536768e+12,1.43022536768e+12,999999,5700,9
0.024361799,0.1397129,0.09894203,1.43022536773e+12,1.43022536773e+12,888888,5750,1
0.5457651,1.1380833,7.9713736,1.43022536773e+12,1.43022536773e+12,777777,5750,5
20.09999,12.599991,-24,1.43022536773e+12,1.43022536773e+12,999999,5750,6
-0.10886097,-0.04788177,-5.326322e-07,1.43022536778e+12,1.43022536778e+12,888888,5800,2
-0.3767665,1.786984,6.4771805,1.43022536778e+12,1.43022536778e+12,777777,5800,6
19.199997,12.599991,-24,1.43022536778e+12,1.43022536778e+12,999999,5800,9
0.15547001,-0.15126888,0.19911896,1.43022536782e+12,1.43022536783e+12,888888,5849,1
-0.44921586,1.8125807,6.7127905,1.43022536782e+12,1.43022536783e+12,777777,5849,4
19.199997,12.299988,-24,1.43022536783e+12,1.43022536783e+12,999999,5850,5
0.21728945,-0.14913729,0.10532376,1.43022536788e+12,1.43022536788e+12,888888,5900,1
-0.036524046,1.8000069,7.521559,1.43022536788e+12,1.43022536788e+12,777777,5901,4
18.899994,12,-24.59999,1.43022536788e+12,1.43022536788e+12,999999,5901,5
-0.12484846,-0.24080037,0.10425796,1.43022536793e+12,1.43022536793e+12,888888,5950,1
0.3198848,2.0101697,9.614058,1.43022536793e+12,1.43022536793e+12,777777,5950,7
19.199997,11.399994,-25.199997,1.43022536792e+12,1.43022536794e+12,999999,5949,10
0.25672552,-0.28556597,0.42827624,1.43022536798e+12,1.43022536798e+12,888888,6000,1
1.2213103,2.1023781,13.0738125,1.43022536798e+12,1.43022536798e+12,777777,6000,6
18.899994,10.5,-24.899994,1.43022536798e+12,1.43022536798e+12,999999,6000,8
0.03396303,-5.326322e-07,0.18952626,1.43022536803e+12,1.43022536803e+12,888888,6051,1
2.301464,1.7432748,14.66201,1.43022536803e+12,1.43022536803e+12,777777,6051,7
19.5,9.899994,-25.5,1.43022536803e+12,1.43022536804e+12,999999,6051,9
0.44324934,0.84210324,-5.326322e-07,1.43022536808e+12,1.43022536808e+12,888888,6101,1
0.88316345,1.0641371,11.787088,1.43022536808e+12,1.43022536808e+12,777777,6101,7
20.09999,9.299988,-25.199997,1.43022536808e+12,1.43022536808e+12,999999,6101,8
-0.10033406,-0.3484512,0.12770683,1.43022536812e+12,1.43022536813e+12,888888,6149,1
-1.0220746,0.42152345,8.521929,1.43022536813e+12,1.43022536813e+12,777777,6150,6
19.799988,9,-25.5,1.43022536812e+12,1.43022536813e+12,999999,6149,9
-0.18240443,-5.326322e-07,0.06162395,1.43022536818e+12,1.43022536818e+12,888888,6200,1
-0.69320846,0.09520203,9.047485,1.43022536818e+12,1.43022536818e+12,777777,6200,6
19.799988,8.699997,-25.199997,1.43022536818e+12,1.43022536818e+12,999999,6201,8
-0.1706804,0.084283724,0.13303581,1.43022536823e+12,1.43022536823e+12,888888,6252,1
0.027692413,0.5098398,9.466015,1.43022536823e+12,1.43022536824e+12,777777,6251,12
19.799988,9,-25.199997,1.43022536823e+12,1.43022536824e+12,999999,6252,13
-0.15256079,0.32090238,0.11918019,1.43022536828e+12,1.43022536828e+12,888888,6300,1
0.16929795,1.135389,8.224497,1.43022536828e+12,1.43022536829e+12,777777,6300,10
19.799988,9,-24.899994,1.43022536828e+12,1.43022536829e+12,999999,6299,12
-5.326322e-07,0.24309547,-5.326322e-07,1.43022536833e+12,1.43022536833e+12,888888,6350,1
0.1405577,1.1744577,6.860533,1.43022536833e+12,1.43022536834e+12,777777,6350,10
20.699997,9,-24.299988,1.43022536833e+12,1.43022536834e+12,999999,6350,12
0.15653582,0.20046146,0.17993355,1.43022536838e+12,1.43022536838e+12,888888,6400,1
-0.06885681,1.0008187,6.579418,1.43022536838e+12,1.43022536838e+12,777777,6400,5
21.299988,9.299988,-24.59999,1.43022536838e+12,1.43022536838e+12,999999,6400,6
-0.023595873,0.074683025,-5.326322e-07,1.43022536843e+12,1.43022536843e+12,888888,6451,1
-0.07454498,1.1888279,7.541318,1.43022536843e+12,1.43022536843e+12,777777,6451,5
21.59999,9,-24.299988,1.43022536843e+12,1.43022536843e+12,999999,6451,7
-0.32203397,0.1599508,0.029643912,1.43022536848e+12,1.43022536848e+12,888888,6499,1
-0.10657837,1.5932868,10.288405,1.43022536848e+12,1.43022536848e+12,777777,6500,6
21.59999,9.599991,-24.299988,1.43022536848e+12,1.43022536848e+12,999999,6499,9
0.26418373,-0.054285076,0.3952304,1.43022536853e+12,1.43022536853e+12,888888,6551,1
0.382305,2.0335212,13.044324,1.43022536853e+12,1.43022536854e+12,777777,6551,11
21.899994,9.899994,-24.299988,1.43022536853e+12,1.43022536854e+12,999999,6551,13
-0.09394194,-0.25786218,-0.36365464,1.43022536858e+12,1.43022536858e+12,888888,6601,1
1.033451,2.4535477,14.122981,1.43022536858e+12,1.43022536859e+12,777777,6601,11
22.199997,9.599991,-24,1.43022536858e+12,1.43022536859e+12,999999,6601,13
0.09471346,0.03204901,-0.87419677,1.43022536863e+12,1.43022536863e+12,888888,6650,1
0.93615323,1.8284477,13.554763,1.43022536863e+12,1.43022536864e+12,777777,6650,10
22.199997,10.199997,-24.299988,1.43022536863e+12,1.43022536864e+12,999999,6650,12
0.66814077,0.022456307,-0.42867145,1.43022536868e+12,1.43022536868e+12,888888,6699,2
0.4701723,0.19714004,10.0501,1.43022536868e+12,1.43022536868e+12,777777,6699,10
22.199997,9.599991,-24.299988,1.43022536868e+12,1.43022536869e+12,999999,6700,11
0.2108912,-0.53604877,-0.17286766,1.43022536873e+12,1.43022536873e+12,888888,6750,1
0.6715036,-0.3662883,7.9978685,1.43022536873e+12,1.43022536873e+12,777777,6750,6
21.59999,9.599991,-24.59999,1.43022536873e+12,1.43022536873e+12,999999,6750,8
-0.085415035,-0.44332018,-0.42760566,1.43022536878e+12,1.43022536878e+12,888888,6800,1
1.4257851,0.21929398,8.1319895,1.43022536878e+12,1.43022536878e+12,777777,6800,5
21.299988,10.199997,-25.5,1.43022536878e+12,1.43022536878e+12,999999,6801,6
-0.5522573,-0.06920677,-0.5288617,1.43022536883e+12,1.43022536883e+12,888888,6851,1
0.89932984,0.79200304,8.003706,1.43022536883e+12,1.43022536883e+12,777777,6851,7
21,10.199997,-25.199997,1.43022536883e+12,1.43022536884e+12,999999,6851,9
-0.39557743,-0.3004962,-0.19418466,1.43022536888e+12,1.43022536888e+12,888888,6901,1
0.27812165,1.0807526,7.8673396,1.43022536888e+12,1.43022536888e+12,777777,6901,7
20.09999,10.799988,-25.5,1.43022536888e+12,1.43022536889e+12,999999,6901,9
-0.30391407,-0.08945824,-0.09079728,1.43022536893e+12,1.43022536893e+12,888888,6952,1
-0.0050894166,1.4876065,7.985444,1.43022536893e+12,1.43022536894e+12,777777,6952,8
19.799988,11.099991,-26.09999,1.43022536893e+12,1.43022536894e+12,999999,6951,10
-0.13977335,-0.12036769,-0.04176822,1.43022536898e+12,1.43022536898e+12,888888,7000,1
-0.1061293,2.0149598,8.439899,1.43022536898e+12,1.43022536898e+12,777777,6999,6
19.199997,11.399994,-26.09999,1.43022536898e+12,1.43022536898e+12,999999,7000,7
0.14054513,-0.22375533,0.22576016,1.43022536903e+12,1.43022536903e+12,888888,7050,1
0.086969145,2.4376807,10.034084,1.43022536903e+12,1.43022536903e+12,777777,7050,4
18.899994,12,-26.699997,1.43022536903e+12,1.43022536903e+12,999999,7051,5
0.38249305,0.1556876,0.47303733,1.43022536908e+12,1.43022536908e+12,888888,7099,1
0.6756949,2.6226962,11.895014,1.43022536908e+12,1.43022536908e+12,777777,7100,5
18.899994,12,-27,1.43022536908e+12,1.43022536908e+12,999999,7099,7
-0.3785239,-0.19710907,0.038170554,1.43022536912e+12,1.43022536913e+12,888888,7149,1
1.3946499,2.2339544,13.362712,1.43022536912e+12,1.43022536913e+12,777777,7149,6
18.59999,12.899994,-26.399994,1.43022536912e+12,1.43022536913e+12,999999,7149,7
0.28869838,0.6704931,-0.028978122,1.43022536918e+12,1.43022536918e+12,888888,7199,1
1.1436218,1.1648777,12.944332,1.43022536918e+12,1.43022536918e+12,777777,7199,7
18.899994,12.599991,-26.09999,1.43022536918e+12,1.43022536918e+12,999999,7199,9
0.16825719,0.30384058,0.20444316,1.43022536923e+12,1.43022536923e+12,888888,7250,1
-0.5939648,0.36179763,9.716743,1.43022536923e+12,1.43022536924e+12,777777,7250,9
19.5,11.699997,-25.799988,1.43022536923e+12,1.43022536924e+12,999999,7250,11
-5.326322e-07,-0.16833068,0.30569893,1.43022536928e+12,1.43022536928e+12,888888,7300,2
-1.0196795,-0.11211685,8.974587,1.43022536928e+12,1.43022536928e+12,777777,7299,10
19.799988,12.299988,-25.199997,1.43022536928e+12,1.43022536929e+12,999999,7299,11
0.036091957,0.22496787,0.19165306,1.43022536933e+12,1.43022536933e+12,888888,7352,1
-0.47226793,0.047451325,9.459728,1.43022536933e+12,1.43022536934e+12,777777,7352,8
20.09999,11.399994,-25.199997,1.43022536933e+12,1.43022536934e+12,999999,7352,9
-0.15362951,0.44133532,0.07440952,1.43022536938e+12,1.43022536938e+12,888888,7399,1
-0.30850846,0.58483386,7.974966,1.43022536938e+12,1.43022536938e+12,777777,7399,4
20.699997,11.399994,-24.899994,1.43022536938e+12,1.43022536938e+12,999999,7399,6
-0.14190494,0.19618975,0.058421765,1.43022536942e+12,1.43022536942e+12,888888,7448,1
-0.3411406,0.87927157,6.7985625,1.43022536942e+12,1.43022536943e+12,777777,7448,5
21.299988,11.699997,-24.59999,1.43022536942e+12,1.43022536943e+12,999999,7449,6
0.17571804,0.105592474,0.23428707,1.43022536948e+12,1.43022536948e+12,888888,7499,1
-0.10044113,1.1455678,7.4684196,1.43022536948e+12,1.43022536948e+12,777777,7499,6
21.59999,11.399994,-24.899994,1.43022536948e+12,1.43022536948e+12,999999,7499,8
-0.14723445,0.109856196,-0.08227064,1.43022536952e+12,1.43022536953e+12,888888,7549,1
0.2323169,1.6423846,8.54528,1.43022536952e+12,1.43022536953e+12,777777,7549,7
22.5,11.699997,-24.299988,1.43022536952e+12,1.43022536953e+12,999999,7549,9
0.44324642,0.12584394,0.08187063,1.43022536958e+12,1.43022536958e+12,888888,7601,1
0.5528004,1.7697698,10.601704,1.43022536958e+12,1.43022536959e+12,777777,7601,9
23.09999,11.399994,-24.299988,1.43022536958e+12,1.43022536959e+12,999999,7601,11
0.3782296,0.020324713,-0.034307107,1.43022536963e+12,1.43022536963e+12,888888,7650,1
0.540526,1.6862434,11.450738,1.43022536963e+12,1.43022536964e+12,777777,7650,11
23.09999,10.799988,-24,1.43022536963e+12,1.43022536964e+12,999999,7650,12
-0.025727468,-0.018046113,-0.4318694,1.43022536968e+12,1.43022536968e+12,888888,7699,1
0.30461654,1.510958,11.6507225,1.43022536968e+12,1.43022536968e+12,777777,7699,7
23.399994,10.199997,-23.399994,1.43022536968e+12,1.43022536968e+12,999999,7699,9
-0.65457916,-0.33780095,-0.99890137,1.43022536972e+12,1.43022536973e+12,888888,7749,1
0.016166382,0.9620494,12.803625,1.43022536973e+12,1.43022536973e+12,777777,7750,6
22.799988,10.5,-24,1.43022536972e+12,1.43022536973e+12,999999,7749,9
0.40381005,0.90604603,-0.4297378,1.43022536978e+12,1.43022536978e+12,888888,7800,1
-0.33350646,0.51298326,12.652439,1.43022536978e+12,1.43022536978e+12,777777,7800,6
22.5,10.799988,-24,1.43022536978e+12,1.43022536978e+12,999999,7800,8
0.73528945,-0.4859542,0.14901905,1.43022536982e+12,1.43022536983e+12,888888,7849,2
-0.5331912,0.26569748,8.911119,1.43022536982e+12,1.43022536983e+12,777777,7849,9
22.799988,11.399994,-23.699997,1.43022536983e+12,1.43022536984e+12,999999,7850,10
-0.14936605,-0.054285076,-0.27518922,1.43022536988e+12,1.43022536988e+12,888888,7903,1
0.11960129,0.47735733,8.292605,1.43022536988e+12,1.43022536988e+12,777777,7903,6
22.799988,12,-24.299988,1.43022536988e+12,1.43022536989e+12,999999,7903,8
-0.085415035,-0.15767218,-0.13236523,1.43022536993e+12,1.43022536993e+12,888888,7950,1
0.41718248,0.9372011,8.79047,1.43022536993e+12,1.43022536993e+12,777777,7950,6
22.799988,12.299988,-23.699997,1.43022536993e+12,1.43022536993e+12,999999,7950,8
-0.023589749,-5.326322e-07,-0.030031135,1.43022536998e+12,1.43022536998e+12,888888,8000,1
0.0199086,1.2859758,8.204739,1.43022536998e+12,1.43022536998e+12,777777,8000,6
22.799988,12,-24.299988,1.43022536998e+12,1.43022536998e+12,999999,8000,8
-0.059810072,-0.09370173,-0.08863932,1.43022537002e+12,1.43022537003e+12,888888,8049,1
-0.16600479,1.5655943,7.0548296,1.43022537002e+12,1.43022537003e+12,777777,8049,9
22.199997,12.599991,-24.59999,1.43022537002e+12,1.43022537004e+12,999999,8049,11
-0.18238285,-5.326322e-07,-0.17070995,1.43022537008e+12,1.43022537008e+12,888888,8100,1
-0.34937346,1.7669257,6.841074,1.43022537008e+12,1.43022537008e+12,777777,8100,9
22.799988,12,-24.299988,1.43022537008e+12,1.43022537009e+12,999999,8100,11
0.2514181,1.1160378,0.62761176,1.43022537013e+12,1.43022537013e+12,888888,8150,1
0.22498214,1.578767,7.5742493,1.43022537012e+12,1.43022537014e+12,777777,8149,11
22.799988,11.699997,-24.59999,1.43022537012e+12,1.43022537014e+12,999999,8149,13
0.028655613,-0.27596182,0.5817803,1.43022537018e+12,1.43022537019e+12,888888,8199,13
-0.975222,2.5783882,9.070837,1.43022537018e+12,1.4302253702e+12,777777,8200,22
23.09999,11.399994,-24.59999,1.43022537018e+12,1.4302253702e+12,999999,8199,24
0.31963232,-5.326322e-07,0.23431318,1.43022537022e+12,1.43022537023e+12,888888,8249,2
0.13067825,2.8948302,12.905712,1.43022537022e+12,1.43022537023e+12,777777,8248,8
23.09999,10.5,-24.59999,1.43022537022e+12,1.43022537023e+12,999999,8249,9
-0.3539847,0.72700304,0.13518925,1.43022537028e+12,1.43022537028e+12,888888,8300,1
0.26509872,2.8955786,14.895076,1.43022537028e+12,1.43022537028e+12,777777,8300,8
22.799988,10.5,-24.299988,1.43022537028e+12,1.43022537028e+12,999999,8300,9
