-5.326322e-07,-0.1332313,-0.046897735,1.42643315518e+12,1.42643315558e+12,888888,0,397
-0.32018417,0.3332071,10.131232,1.42643315518e+12,1.42643315558e+12,777777,0,398
-5.326322e-07,-5.326322e-07,-5.326322e-07,1.42643315547e+12,1.42643315558e+12,888888,289,115
-0.69889665,0.23815475,9.612261,1.42643315547e+12,1.42643315559e+12,777777,289,116
9.299988,-20.699997,-30,1.42643315547e+12,1.42643315559e+12,999999,289,118
-0.058523763,-5.326322e-07,-0.044698495,1.42643315551e+12,1.42643315559e+12,888888,329,80
-0.6912625,0.23411316,9.666748,1.42643315551e+12,1.42643315559e+12,777777,329,81
0,-16.799988,-33.299988,1.42643315551e+12,1.42643315559e+12,999999,329,83
-0.044627924,-5.326322e-07,-5.326322e-07,1.42643315556e+12,1.42643315559e+12,888888,381,32
-0.6821315,0.18351837,9.702972,1.42643315556e+12,1.4264331556e+12,777777,381,34
-8.099991,-13.799988,-36,1.42643315556e+12,1.4264331556e+12,999999,381,35
-0.085077874,0.018065553,-0.019067967,1.42643315562e+12,1.42643315574e+12,888888,436,122
-0.7864645,0.20746857,9.586215,1.42643315562e+12,1.42643315574e+12,777777,436,128
-9,-13.199997,-37.199997,1.42643315562e+12,1.42643315575e+12,999999,436,130
-5.326322e-07,-0.02562893,-5.326322e-07,1.42643315567e+12,1.42643315575e+12,888888,487,80
-0.787662,0.18800904,9.613009,1.42643315567e+12,1.42643315575e+12,777777,487,82
-9.899994,-13.5,-39,1.42643315567e+12,1.42643315575e+12,999999,487,83
0.04386839,-0.035174765,-5.326322e-07,1.42643315572e+12,1.42643315575e+12,888888,538,34
-0.742007,0.13427079,9.627379,1.42643315572e+12,1.42643315576e+12,777777,537,38
-9.599991,-12.599991,-41.09999,1.42643315572e+12,1.42643315576e+12,999999,537,40
-0.017963022,-5.326322e-07,-0.017979,1.42643315577e+12,1.42643315579e+12,888888,588,24
-0.6703061,0.13606705,9.667197,1.42643315577e+12,1.4264331558e+12,777777,588,29
-9.599991,-12.299988,-42.299988,1.42643315577e+12,1.42643315580e+12,999999,588,36
0.02147573,-0.027665982,-5.326322e-07,1.42643315582e+12,1.42643315583e+12,888888,637,15
-0.6530919,0.13636643,9.673783,1.42643315582e+12,1.42643315584e+12,777777,637,24
-9,-12.599991,-42.299988,1.42643315582e+12,1.42643315584e+12,999999,637,26
0.06514651,-5.326322e-07,-0.034995534,1.42643315587e+12,1.42643315587e+12,888888,690,2
-0.6474037,0.09580078,9.669143,1.42643315587e+12,1.4264331559e+12,777777,690,30
-8.699997,-12,-41.399994,1.42643315587e+12,1.4264331559e+12,999999,690,31
-0.058500327,-5.326322e-07,-0.03921691,1.42643315592e+12,1.42643315593e+12,888888,738,8
-0.66910857,0.10927276,9.592952,1.42643315592e+12,1.42643315593e+12,777777,738,12
-9,-12.599991,-40.199997,1.42643315592e+12,1.42643315593e+12,999999,738,14
0.03105512,-0.018031731,-5.326322e-07,1.42643315597e+12,1.42643315597e+12,888888,787,3
-0.6996451,0.106877744,9.592053,1.42643315597e+12,1.42643315598e+12,777777,787,10
-8.399994,-12.599991,-39.899994,1.42643315597e+12,1.42643315598e+12,999999,787,12
-0.017969413,-5.326322e-07,-0.019963589,1.42643315602e+12,1.42643315602e+12,888888,838,2
-0.73601943,0.12828323,9.664802,1.42643315602e+12,1.42643315603e+12,777777,838,10
-8.399994,-12.899994,-39.59999,1.42643315602e+12,1.42643315603e+12,999999,838,12
-5.326322e-07,-0.045705438,-5.326322e-07,1.42643315607e+12,1.42643315607e+12,888888,889,1
-0.77329195,0.100141756,9.652528,1.42643315607e+12,1.42643315608e+12,777777,888,11
-8.399994,-12.899994,-40.199997,1.42643315607e+12,1.42643315608e+12,999999,888,12
-0.03180773,-0.034994468,-5.326322e-07,1.42643315612e+12,1.42643315612e+12,888888,937,2
-0.80113405,0.16480727,9.640702,1.42643315612e+12,1.42643315612e+12,777777,937,7
-8.399994,-12.899994,-40.799988,1.42643315612e+12,1.42643315613e+12,999999,937,10
0.05983883,-5.326322e-07,0.0610029,1.42643315616e+12,1.42643315616e+12,888888,978,4
-0.7933502,0.17962646,9.670939,1.42643315616e+12,1.42643315616e+12,777777,978,6
-8.399994,-12.899994,-41.09999,1.42643315616e+12,1.42643315617e+12,999999,978,7
-5.326322e-07,-5.326322e-07,0.034295656,1.42643315622e+12,1.42643315622e+12,888888,1037,3
-0.909359,0.26180556,9.584569,1.42643315622e+12,1.42643315622e+12,777777,1037,6
-8.699997,-13.199997,-40.5,1.42643315622e+12,1.42643315622e+12,999999,1037,7
0.025680862,-0.06265326,0.07050506,1.42643315627e+12,1.42643315627e+12,888888,1087,3
-0.9382489,0.24084915,9.596395,1.42643315627e+12,1.42643315628e+12,777777,1087,7
-8.699997,-13.799988,-40.199997,1.42643315627e+12,1.42643315628e+12,999999,1088,12
-0.038266428,-5.326322e-07,0.07365371,1.42643315632e+12,1.42643315632e+12,888888,1137,3
-0.98031145,0.36045045,9.472452,1.42643315632e+12,1.42643315632e+12,777777,1137,6
-8.399994,-13.799988,-39.59999,1.42643315632e+12,1.42643315633e+12,999999,1137,8
0.04380394,-0.18842158,0.090707265,1.42643315636e+12,1.42643315636e+12,888888,1180,2
-0.85217786,0.6649173,9.684561,1.42643315636e+12,1.42643315636e+12,777777,1180,4
-9,-13.799988,-39.299988,1.42643315636e+12,1.42643315637e+12,999999,1180,5
0.3454397,-0.1191413,-0.072367944,1.42643315642e+12,1.42643315642e+12,888888,1237,1
-0.5402266,0.95905566,9.902208,1.42643315642e+12,1.42643315642e+12,777777,1237,4
-9.299988,-12.899994,-39.59999,1.42643315642e+12,1.42643315642e+12,999999,1237,5
0.24844736,-0.05092683,-0.14697747,1.42643315646e+12,1.42643315646e+12,888888,1279,1
-0.37392244,0.85906357,9.968071,1.42643315646e+12,1.42643315646e+12,777777,1278,4
-9.899994,-12.599991,-39.899994,1.42643315646e+12,1.42643315646e+12,999999,1278,5
0.24631576,-5.326322e-07,-0.18215036,1.42643315652e+12,1.42643315652e+12,888888,1338,1
-0.5198689,0.5599855,9.823322,1.42643315652e+12,1.42643315652e+12,777777,1337,4
-10.5,-13.199997,-39.899994,1.42643315652e+12,1.42643315652e+12,999999,1337,5
0.31666183,-5.326322e-07,-0.1011458,1.42643315656e+12,1.42643315656e+12,888888,1381,2
-0.70653075,0.30985564,9.388476,1.42643315656e+12,1.42643315657e+12,777777,1382,4
-9.899994,-13.5,-39.59999,1.42643315656e+12,1.42643315657e+12,999999,1381,6
0.28148866,-0.056256082,-5.326322e-07,1.42643315662e+12,1.42643315662e+12,888888,1437,2
-0.7074289,0.41373962,9.119636,1.42643315662e+12,1.42643315664e+12,777777,1438,21
-10.199997,-15.599991,-40.5,1.42643315662e+12,1.42643315664e+12,999999,1437,23
0.1525211,-0.13406326,-0.17468952,1.42643315667e+12,1.42643315667e+12,888888,1489,2
-0.60743684,0.60204804,8.934022,1.42643315667e+12,1.42643315667e+12,777777,1489,4
-9.599991,-16.199997,-41.09999,1.42643315667e+12,1.42643315668e+12,999999,1489,5
-0.092624746,-0.063717194,-0.3516206,1.42643315671e+12,1.42643315672e+12,888888,1531,7
-0.33485368,0.80053526,9.357192,1.42643315671e+12,1.42643315672e+12,777777,1530,10
-9.599991,-16.5,-40.5,1.42643315671e+12,1.42643315672e+12,999999,1531,11
-0.10328298,-0.029609824,-0.39532045,1.42643315676e+12,1.42643315676e+12,888888,1582,1
-0.38305342,0.7180568,9.729767,1.42643315676e+12,1.42643315677e+12,777777,1581,4
-9.299988,-16.799988,-40.199997,1.42643315676e+12,1.42643315677e+12,999999,1581,5
-0.076636724,0.07271202,-0.27914295,1.42643315681e+12,1.42643315681e+12,888888,1632,1
-0.71700895,0.65653473,9.703721,1.42643315681e+12,1.42643315682e+12,777777,1632,4
-8.399994,-15.599991,-38.699997,1.42643315681e+12,1.42643315682e+12,999999,1632,5
-0.14378567,-0.022148978,-0.11926541,1.42643315686e+12,1.42643315686e+12,888888,1682,1
-1.0100995,0.87927157,9.677376,1.42643315686e+12,1.42643315687e+12,777777,1681,4
-8.399994,-15.299988,-37.199997,1.42643315686e+12,1.42643315687e+12,999999,1682,5
-0.046784814,-5.326322e-07,0.06618648,1.42643315692e+12,1.42643315692e+12,888888,1737,2
-0.7696994,1.3145664,9.808653,1.42643315692e+12,1.42643315694e+12,777777,1738,23
-8.399994,-15,-37.799988,1.42643315692e+12,1.42643315694e+12,999999,1738,25
0.055542886,-0.10528541,0.21219988,1.42643315697e+12,1.42643315697e+12,888888,1788,2
-0.5828879,1.4281801,9.6725855,1.42643315697e+12,1.42643315697e+12,777777,1789,4
-8.399994,-14.699997,-37.5,1.42643315697e+12,1.42643315698e+12,999999,1788,6
0.03315982,-0.17136829,0.18875128,1.42643315702e+12,1.42643315702e+12,888888,1836,2
-0.3902385,1.3229489,9.338631,1.42643315702e+12,1.42643315702e+12,777777,1837,4
-8.399994,-15,-36.59999,1.42643315702e+12,1.42643315702e+12,999999,1837,6
0.023567112,-0.048795503,0.21966098,1.42643315707e+12,1.42643315707e+12,888888,1887,2
-0.20896545,1.099763,9.202713,1.42643315707e+12,1.42643315707e+12,777777,1887,5
-8.699997,-15,-36.899994,1.42643315707e+12,1.42643315708e+12,999999,1888,6
0.03209402,-0.0978243,0.16956586,1.42643315712e+12,1.42643315712e+12,888888,1938,1
-0.039368134,1.2708572,8.996891,1.42643315712e+12,1.42643315712e+12,777777,1937,4
-8.399994,-15.299988,-36.59999,1.42643315712e+12,1.42643315712e+12,999999,1937,5
-5.326322e-07,-5.326322e-07,0.11094409,1.42643315716e+12,1.42643315716e+12,888888,1983,1
-0.03891907,1.4778768,9.05033,1.42643315716e+12,1.42643315717e+12,777777,1982,4
-8.699997,-15.599991,-37.199997,1.42643315716e+12,1.42643315717e+12,999999,1983,5
0.04701598,-0.104219615,0.12266839,1.42643315721e+12,1.42643315721e+12,888888,2032,1
-0.08008347,1.3638139,9.0446415,1.42643315721e+12,1.42643315722e+12,777777,2032,8
-9.299988,-15.899994,-38.09999,1.42643315721e+12,1.42643315722e+12,999999,2032,9
0.08112335,-0.050927095,0.37207744,1.42643315727e+12,1.42643315727e+12,888888,2088,1
-0.028889922,0.8788225,8.750204,1.42643315727e+12,1.42643315727e+12,777777,2088,4
-9.599991,-15,-37.5,1.42643315727e+12,1.42643315727e+12,999999,2088,5
-0.05317374,-0.20973885,0.36248472,1.42643315731e+12,1.42643315732e+12,888888,2131,7
0.064815216,0.6644682,7.933652,1.42643315731e+12,1.42643315732e+12,777777,2131,11
-9.899994,-14.699997,-37.799988,1.42643315731e+12,1.42643315732e+12,999999,2131,12
-5.326322e-07,-0.14259017,0.2558997,1.42643315736e+12,1.42643315737e+12,888888,2182,3
0.3623964,0.6596782,7.78546,1.42643315736e+12,1.42643315737e+12,777777,2183,5
-10.199997,-14.099991,-38.09999,1.42643315736e+12,1.42643315737e+12,999999,2182,7
0.1695885,0.18888922,0.3059948,1.42643315741e+12,1.42643315742e+12,888888,2232,2
0.7671547,0.74036044,7.7902503,1.42643315741e+12,1.42643315742e+12,777777,2232,5
-10.799988,-14.099991,-38.699997,1.42643315741e+12,1.42643315742e+12,999999,2232,6
0.25272495,-0.117009975,0.12586632,1.42643315746e+12,1.42643315746e+12,888888,2279,1
0.5423222,1.0873389,7.3336997,1.42643315746e+12,1.42643315746e+12,777777,2279,3
-10.799988,-14.399994,-39.899994,1.42643315746e+12,1.42643315746e+12,999999,2278,5
-5.326322e-07,0.23152298,0.025676068,1.42643315752e+12,1.42643315752e+12,888888,2337,1
0.062270507,1.061293,8.297695,1.42643315752e+12,1.42643315752e+12,777777,2337,4
-11.699997,-14.399994,-39.899994,1.42643315752e+12,1.42643315752e+12,999999,2338,5
-0.18747082,-0.24704361,-0.2972764,1.42643315756e+12,1.42643315756e+12,888888,2382,1
-0.35206786,0.6104306,11.696078,1.42643315756e+12,1.42643315757e+12,777777,2382,4
-12,-14.699997,-39.59999,1.42643315756e+12,1.42643315757e+12,999999,2382,5
0.15253522,0.06844804,-0.37295175,1.42643315761e+12,1.42643315762e+12,888888,2433,1
-0.9834549,-0.20207977,13.535153,1.42643315761e+12,1.42643315762e+12,777777,2432,4
-11.699997,-14.699997,-39.59999,1.42643315761e+12,1.42643315762e+12,999999,2433,5
-0.2109197,0.20274512,0.032071386,1.42643315766e+12,1.42643315766e+12,888888,2482,1
-1.319506,-0.2920427,12.986844,1.42643315766e+12,1.42643315767e+12,777777,2483,7
-11.699997,-14.699997,-39.59999,1.42643315766e+12,1.42643315767e+12,999999,2482,9
-0.2119855,0.05459214,-0.16937412,1.42643315771e+12,1.42643315772e+12,888888,2531,6
-0.9083111,0.5363347,11.64728,1.42643315771e+12,1.42643315772e+12,777777,2530,9
-10.799988,-14.699997,-39.59999,1.42643315771e+12,1.42643315772e+12,999999,2531,10
-0.35694107,0.34450305,0.17063193,1.42643315776e+12,1.42643315776e+12,888888,2582,2
-0.60040146,0.91384965,10.674004,1.42643315776e+12,1.42643315777e+12,777777,2582,4
-10.799988,-14.099991,-39.899994,1.42643315776e+12,1.42643315777e+12,999999,2582,6
-0.0659641,-0.19481689,0.19194894,1.42643315781e+12,1.42643315782e+12,888888,2633,1
-0.6117778,1.0889854,8.831784,1.42643315781e+12,1.42643315782e+12,777777,2632,4
-9.899994,-14.099991,-40.5,1.42643315781e+12,1.42643315782e+12,999999,2632,5
0.020361198,-0.053042978,-5.326322e-07,1.42643315786e+12,1.42643315786e+12,888888,2682,2
-0.3634442,0.84589094,7.671996,1.42643315786e+12,1.42643315787e+12,777777,2682,4
-9.899994,-13.5,-40.799988,1.42643315786e+12,1.42643315787e+12,999999,2683,5
-5.326322e-07,-0.16600868,-0.12354937,1.42643315792e+12,1.42643315792e+12,888888,2737,1
-0.44128236,0.5125342,7.574848,1.42643315792e+12,1.42643315792e+12,777777,2737,4
-9.899994,-13.199997,-40.799988,1.42643315792e+12,1.42643315792e+12,999999,2737,5
0.1258783,0.04076607,-0.22587122,1.42643315796e+12,1.42643315797e+12,888888,2783,3
-0.5192702,0.5451663,7.7972856,1.42643315796e+12,1.42643315797e+12,777777,2783,7
-9.599991,-13.199997,-40.799988,1.42643315796e+12,1.42643315797e+12,999999,2783,10
0.07151946,-0.017855696,-0.33991736,1.42643315802e+12,1.42643315802e+12,888888,2837,1
-0.649649,0.9060658,8.037236,1.42643315802e+12,1.42643315802e+12,777777,2836,4
-9.599991,-13.199997,-40.5,1.42643315802e+12,1.42643315802e+12,999999,2836,5
0.107758686,0.13136335,-0.41346082,1.42643315806e+12,1.42643315806e+12,888888,2882,2
-0.89364165,0.9289682,8.256381,1.42643315806e+12,1.42643315807e+12,777777,2883,4
-9.599991,-13.199997,-39.899994,1.42643315806e+12,1.42643315807e+12,999999,2882,6
-5.326322e-07,0.1377584,-0.44010708,1.42643315811e+12,1.42643315812e+12,888888,2931,6
-1.0981164,0.7521858,8.328381,1.42643315811e+12,1.42643315812e+12,777777,2930,9
-8.399994,-13.799988,-40.199997,1.42643315811e+12,1.42643315812e+12,999999,2931,10
0.1663802,0.38503584,-0.1757761,1.42643315816e+12,1.42643315817e+12,888888,2984,2
-1.1018586,0.6351292,9.494606,1.42643315816e+12,1.42643315817e+12,777777,2984,4
-8.699997,-14.399994,-40.199997,1.42643315816e+12,1.42643315817e+12,999999,2984,5
0.1322731,-0.3621252,-0.3932096,1.42643315822e+12,1.42643315822e+12,888888,3036,3
-1.3727952,0.5930667,11.179053,1.42643315822e+12,1.42643315823e+12,777777,3036,9
-8.399994,-15,-40.199997,1.42643315822e+12,1.42643315823e+12,999999,3036,11
0.24418737,0.1366926,-0.11289087,1.42643315827e+12,1.42643315827e+12,888888,3088,1
-1.1804452,-0.13037887,13.48381,1.42643315827e+12,1.42643315827e+12,777777,3088,3
-8.099991,-15.299988,-40.799988,1.42643315827e+12,1.42643315827e+12,999999,3087,5
-0.23118156,-0.7117239,-0.25358328,1.42643315831e+12,1.42643315832e+12,888888,3128,11
-0.65114594,0.20417541,13.547428,1.42643315831e+12,1.42643315832e+12,777777,3128,13
-8.399994,-16.199997,-40.5,1.42643315831e+12,1.42643315832e+12,999999,3128,14
-5.326322e-07,0.34986266,0.26015675,1.42643315836e+12,1.42643315836e+12,888888,3183,1
0.30686188,0.6524931,13.134287,1.42643315836e+12,1.42643315837e+12,777777,3182,4
-7.799988,-16.799988,-40.199997,1.42643315836e+12,1.42643315837e+12,999999,3183,5
-0.09581867,0.03756868,0.14184688,1.42643315841e+12,1.42643315842e+12,888888,3233,1
0.3555107,1.7199234,9.702972,1.42643315841e+12,1.42643315842e+12,777777,3232,4
-8.099991,-16.799988,-39.899994,1.42643315841e+12,1.42643315842e+12,999999,3233,5
0.262307,-0.25873756,0.083225384,1.42643315846e+12,1.42643315846e+12,888888,3282,1
0.100291446,1.5054195,7.7197466,1.42643315846e+12,1.42643315847e+12,777777,3282,4
-8.699997,-17.09999,-39.299988,1.42643315846e+12,1.42643315847e+12,999999,3282,5
-0.05638498,-0.10737892,0.04911002,1.42643315851e+12,1.42643315852e+12,888888,3331,6
0.032931518,0.6848259,7.3378906,1.42643315851e+12,1.42643315852e+12,777777,3331,9
-8.399994,-17.399994,-39.299988,1.42643315851e+12,1.42643315852e+12,999999,3331,10
-0.04252882,-0.19051509,0.04591263,1.42643315857e+12,1.42643315857e+12,888888,3388,1
-0.11226654,0.38050872,7.500004,1.42643315857e+12,1.42643315857e+12,777777,3388,3
-8.399994,-16.799988,-38.09999,1.42643315857e+12,1.42643315857e+12,999999,3388,5
0.058726963,0.3402782,0.1951314,1.42643315862e+12,1.42643315862e+12,888888,3438,1
0.104632415,0.43813887,7.720046,1.42643315862e+12,1.42643315862e+12,777777,3438,3
-8.399994,-16.799988,-38.399994,1.42643315862e+12,1.42643315862e+12,999999,3437,5
-0.02973872,0.17507142,0.1770118,1.42643315866e+12,1.42643315866e+12,888888,3483,1
0.15238312,0.8605605,7.16021,1.42643315866e+12,1.42643315867e+12,777777,3483,4
-8.099991,-16.5,-38.399994,1.42643315866e+12,1.42643315867e+12,999999,3483,5
0.26443592,-0.29070508,0.069360964,1.42643315871e+12,1.42643315872e+12,888888,3531,7
-0.008981323,0.6727011,7.550299,1.42643315871e+12,1.42643315872e+12,777777,3531,10
-8.699997,-16.199997,-38.09999,1.42643315871e+12,1.42643315872e+12,999999,3531,11
0.13333622,0.088737324,0.059768524,1.42643315876e+12,1.42643315876e+12,888888,3583,1
0.35311568,0.37781432,8.5083065,1.42643315876e+12,1.42643315877e+12,777777,3582,4
-9,-16.799988,-38.699997,1.42643315876e+12,1.42643315877e+12,999999,3583,5
-0.04998993,-5.326322e-07,-0.1939037,1.42643315881e+12,1.42643315882e+12,888888,3633,1
-0.13696519,0.5556445,8.64153,1.42643315881e+12,1.42643315882e+12,777777,3632,4
-9.299988,-17.09999,-38.699997,1.42643315881e+12,1.42643315882e+12,999999,3633,5
-0.3953252,-0.24060994,-0.28236938,1.42643315887e+12,1.42643315887e+12,888888,3686,3
-0.70937485,0.46343628,12.083173,1.42643315887e+12,1.42643315887e+12,777777,3686,7
-9,-17.09999,-39,1.42643315887e+12,1.42643315888e+12,999999,3686,10
0.1972875,0.08340834,-5.326322e-07,1.42643315892e+12,1.42643315892e+12,888888,3738,1
-0.746797,-0.123642884,14.426849,1.42643315892e+12,1.42643315892e+12,777777,3738,3
-8.699997,-17.399994,-39,1.42643315892e+12,1.42643315892e+12,999999,3738,4
-0.46034178,-0.07327741,-0.1619218,1.42643315897e+12,1.42643315897e+12,888888,3788,1
-1.205593,0.314496,13.193563,1.42643315897e+12,1.42643315897e+12,777777,3788,3
-8.399994,-17.399994,-38.699997,1.42643315897e+12,1.42643315897e+12,999999,3788,4
-0.116072014,0.61419606,0.10880451,1.42643315902e+12,1.42643315902e+12,888888,3837,3
-1.1440709,0.55863833,11.390862,1.42643315902e+12,1.42643315902e+12,777777,3837,7
-8.099991,-16.5,-39,1.42643315902e+12,1.42643315903e+12,999999,3837,8
-0.019077288,-0.22035927,-5.326322e-07,1.42643315906e+12,1.42643315906e+12,888888,3878,1
-1.0615925,1.2918136,8.597073,1.42643315906e+12,1.42643315906e+12,777777,3879,3
-8.099991,-16.5,-38.699997,1.42643315906e+12,1.42643315906e+12,999999,3878,6
0.17277578,-0.11377424,0.018198978,1.42643315912e+12,1.42643315912e+12,888888,3937,5
-0.68976563,1.3445041,7.0341725,1.42643315912e+12,1.42643315913e+12,777777,3937,8
-8.099991,-15.899994,-38.699997,1.42643315912e+12,1.42643315913e+12,999999,3937,9
0.18130268,-0.17133021,-0.066003256,1.42643315917e+12,1.42643315917e+12,888888,3987,5
-0.5505551,1.0219249,6.911577,1.42643315917e+12,1.42643315918e+12,777777,3987,8
-7.799988,-15.299988,-38.09999,1.42643315917e+12,1.42643315918e+12,999999,3987,9
0.33585072,-0.092457496,-0.22694659,1.42643315922e+12,1.42643315922e+12,888888,4037,4
-0.75712556,0.7408095,7.1359606,1.42643315922e+12,1.42643315922e+12,777777,4036,7
-7.799988,-16.199997,-37.799988,1.42643315922e+12,1.42643315922e+12,999999,4036,8
0.042741872,0.07061771,-0.32287338,1.42643315927e+12,1.42643315927e+12,888888,4088,3
-0.8747809,0.6445596,7.567962,1.42643315927e+12,1.42643315928e+12,777777,4088,6
-7.5,-16.5,-37.5,1.42643315927e+12,1.42643315928e+12,999999,4088,7
0.2452537,0.3029729,-0.27171248,1.42643315932e+12,1.42643315932e+12,888888,4137,2
-0.9488768,0.73946226,8.304581,1.42643315932e+12,1.42643315933e+12,777777,4137,8
-7.5,-17.399994,-37.199997,1.42643315932e+12,1.42643315933e+12,999999,4137,9
0.33585072,0.46817973,-0.090517916,1.42643315937e+12,1.42643315937e+12,888888,4188,4
-1.0900333,1.1035053,9.494456,1.42643315937e+12,1.42643315938e+12,777777,4188,10
-7.199997,-18.299988,-37.799988,1.42643315937e+12,1.42643315938e+12,999999,4189,11
-0.07023794,0.049300704,-0.13421799,1.42643315942e+12,1.42643315942e+12,888888,4238,5
-1.3093272,1.3236973,11.559113,1.42643315942e+12,1.42643315943e+12,777777,4238,11
-7.5,-18.899994,-38.09999,1.42643315942e+12,1.42643315943e+12,999999,4237,13
-0.7182748,-1.1689658,-0.7023158,1.42643315947e+12,1.42643315947e+12,888888,4288,1
-1.5899936,0.30207184,15.7378235,1.42643315947e+12,1.42643315947e+12,777777,4288,3
-7.199997,-18.59999,-38.09999,1.42643315947e+12,1.42643315947e+12,999999,4288,4
0.17064977,0.69627416,0.5468554,1.42643315951e+12,1.42643315952e+12,888888,4332,5
0.32961455,-0.5542973,14.911541,1.42643315951e+12,1.42643315952e+12,777777,4332,7
-7.5,-18,-38.09999,1.42643315951e+12,1.42643315952e+12,999999,4332,8
-0.3537485,-0.19584194,0.49782604,1.42643315957e+12,1.42643315957e+12,888888,4388,1
0.48065048,1.8702109,10.554253,1.42643315957e+12,1.42643315957e+12,777777,4388,4
-7.799988,-17.699997,-38.09999,1.42643315957e+12,1.42643315958e+12,999999,4389,5
0.18770306,0.09087159,0.40722877,1.42643315962e+12,1.42643315962e+12,888888,4438,1
0.33380586,2.3188279,8.852591,1.42643315962e+12,1.42643315962e+12,777777,4438,4
-7.5,-17.09999,-38.399994,1.42643315962e+12,1.42643315962e+12,999999,4438,5
0.33052707,-0.17772259,0.25054914,1.42643315967e+12,1.42643315967e+12,888888,4489,1
0.03861969,1.5688875,7.5631723,1.42643315967e+12,1.42643315967e+12,777777,4489,4
-7.5,-17.399994,-40.5,1.42643315967e+12,1.42643315968e+12,999999,4488,6
0.10989641,-5.326322e-07,0.27612907,1.42643315971e+12,1.42643315972e+12,888888,4529,9
-0.18741028,0.778531,6.646928,1.42643315971e+12,1.42643315972e+12,777777,4528,13
-8.399994,-18,-40.799988,1.42643315971e+12,1.42643315972e+12,999999,4529,14
0.15466201,0.15801999,0.17913726,1.42643315977e+12,1.42643315977e+12,888888,4588,2
0.13307327,0.6423143,6.974297,1.42643315977e+12,1.42643315978e+12,777777,4588,10
-8.099991,-18,-40.799988,1.42643315977e+12,1.42643315978e+12,999999,4588,12
-5.326322e-07,0.20065401,0.23989037,1.42643315982e+12,1.42643315982e+12,888888,4637,7
0.33754808,0.8437953,7.5173674,1.42643315982e+12,1.42643315983e+12,777777,4637,16
-8.399994,-18,-41.399994,1.42643315982e+12,1.42643315984e+12,999999,4637,18
-5.326322e-07,0.030118221,0.10239588,1.42643315987e+12,1.42643315987e+12,888888,4687,1
0.39472917,0.889151,7.6341248,1.42643315987e+12,1.42643315987e+12,777777,4687,5
-8.399994,-18.299988,-39.59999,1.42643315987e+12,1.42643315987e+12,999999,4687,6
-0.20345992,-0.35784975,-0.15661384,1.42643315992e+12,1.42643315992e+12,888888,4738,1
0.30985564,0.8012837,7.9152403,1.42643315992e+12,1.42643315992e+12,777777,4738,6
-8.099991,-17.699997,-39.899994,1.42643315992e+12,1.42643315993e+12,999999,4738,7
0.39128414,-0.029567746,-0.04789722,1.42643315996e+12,1.42643315996e+12,888888,4779,2
0.6655161,0.5008585,8.443043,1.42643315996e+12,1.42643315997e+12,777777,4780,7
-8.699997,-17.699997,-39.899994,1.42643315996e+12,1.42643315997e+12,999999,4780,9
-0.03398966,-0.7436872,-0.039370574,1.42643316002e+12,1.42643316003e+12,888888,4840,13
-0.002694397,0.6182144,10.995834,1.42643316002e+12,1.42643316004e+12,777777,4840,18
-9.299988,-17.699997,-39,1.42643316002e+12,1.42643316004e+12,999999,4840,20
-5.326322e-07,-0.94833064,-5.326322e-07,1.42643316007e+12,1.42643316007e+12,888888,4887,3
-0.64411056,0.25297394,14.5469,1.42643316007e+12,1.42643316008e+12,777777,4887,8
-10.199997,-16.5,-39.59999,1.42643316007e+12,1.42643316008e+12,999999,4887,10
-0.079821065,0.88919485,0.10984874,1.42643316011e+12,1.42643316012e+12,888888,4929,8
-0.43304947,0.5625302,13.587694,1.42643316011e+12,1.42643316012e+12,777777,4928,13
-10.5,-16.799988,-39.299988,1.42643316011e+12,1.42643316012e+12,999999,4929,14
-0.30258384,-0.026370088,-0.16940394,1.42643316016e+12,1.42643316016e+12,888888,4981,1
-1.2135265,1.5606546,10.307865,1.42643316016e+12,1.42643316017e+12,777777,4980,7
-10.799988,-16.799988,-39.59999,1.42643316016e+12,1.42643316017e+12,999999,4980,9
-0.34628364,0.56411076,-0.0915973,1.42643316022e+12,1.42643316022e+12,888888,5039,2
-1.2615765,1.4147081,9.789493,1.42643316022e+12,1.42643316023e+12,777777,5040,8
-10.199997,-16.5,-39.899994,1.42643316022e+12,1.42643316023e+12,999999,5039,10
-0.03398966,0.37971884,-0.018053569,1.42643316027e+12,1.42643316027e+12,888888,5088,2
-1.1533515,1.3245955,9.237441,1.42643316027e+12,1.42643316028e+12,777777,5088,7
-9,-16.799988,-39.899994,1.42643316027e+12,1.42643316028e+12,999999,5088,9
0.22074836,-0.0690041,-5.326322e-07,1.42643316032e+12,1.42643316032e+12,888888,5138,1
-1.1764036,1.2659175,8.151,1.42643316032e+12,1.42643316032e+12,777777,5138,5
-8.399994,-17.399994,-39.899994,1.42643316032e+12,1.42643316032e+12,999999,5137,7
0.186641,-5.326322e-07,-0.123572536,1.42643316037e+12,1.42643316037e+12,888888,5188,1
-0.8735834,1.083896,7.566765,1.42643316037e+12,1.42643316037e+12,777777,5188,5
-8.399994,-16.799988,-40.199997,1.42643316037e+12,1.42643316038e+12,999999,5188,6
0.10990014,0.08980765,-0.2802527,1.42643316041e+12,1.42643316041e+12,888888,5232,1
-0.8421487,0.89738387,7.4446187,1.42643316041e+12,1.42643316042e+12,777777,5232,6
-8.399994,-17.399994,-39.59999,1.42643316041e+12,1.42643316042e+12,999999,5231,8
0.05554182,0.22517054,-0.25360644,1.42643316047e+12,1.42643316047e+12,888888,5289,2
-1.0633887,0.75083864,7.5760455,1.42643316047e+12,1.42643316048e+12,777777,5290,6
-8.399994,-17.399994,-39.299988,1.42643316047e+12,1.42643316048e+12,999999,5289,8
0.037422206,0.36053342,-0.19818233,1.42643316052e+12,1.42643316053e+12,888888,5337,13
-1.3702506,0.6116281,8.282726,1.42643316052e+12,1.42643316054e+12,777777,5337,27
-7.199997,-17.09999,-37.5,1.42643316052e+12,1.42643316055e+12,999999,5337,34
0.1717193,-0.20969623,-0.111848235,1.42643316057e+12,1.42643316058e+12,888888,5387,10
-1.5979271,0.9678873,9.552236,1.42643316057e+12,1.42643316058e+12,777777,5386,17
-6.599991,-18,-37.799988,1.42643316057e+12,1.42643316059e+12,999999,5387,18
-0.55838794,-0.4782904,-0.26319888,1.42643316062e+12,1.42643316062e+12,888888,5438,2
-1.771117,0.5542973,13.241315,1.42643316062e+12,1.42643316062e+12,777777,5438,5
-6.299988,-17.399994,-38.09999,1.42643316062e+12,1.42643316063e+12,999999,5439,6
0.22394602,0.8305731,0.21749957,1.42643316067e+12,1.42643316067e+12,888888,5487,1
-0.7469467,0.33545244,14.475798,1.42643316067e+12,1.42643316067e+12,777777,5487,6
-6,-17.699997,-38.399994,1.42643316067e+12,1.42643316068e+12,999999,5487,8
-0.18853822,-0.65415597,-5.326322e-07,1.42643316072e+12,1.42643316072e+12,888888,5538,1
-0.78856015,1.314716,12.48389,1.42643316072e+12,1.42643316072e+12,777777,5538,5
-7.199997,-18,-39.59999,1.42643316072e+12,1.42643316072e+12,999999,5538,6
0.13228267,0.3957066,0.37417918,1.42643316077e+12,1.42643316077e+12,888888,5587,1
0.008981323,1.474883,10.858869,1.42643316077e+12,1.42643316078e+12,777777,5587,7
-7.199997,-17.699997,-39,1.42643316077e+12,1.42643316078e+12,999999,5587,9
-0.019067967,0.10259775,0.29317462,1.42643316082e+12,1.42643316082e+12,888888,5638,1
-0.21151017,1.8055453,8.121961,1.42643316082e+12,1.42643316082e+12,777777,5638,6
-6.899994,-18.59999,-38.699997,1.42643316082e+12,1.42643316083e+12,999999,5638,7
0.22287995,-0.11270391,0.3283478,1.42643316087e+12,1.42643316087e+12,888888,5688,1
-0.41763154,1.239273,6.889723,1.42643316087e+12,1.42643316087e+12,777777,5688,5
-7.199997,-18.59999,-38.09999,1.42643316087e+12,1.42643316088e+12,999999,5687,7
-0.039319176,-5.326322e-07,0.13862659,1.42643316092e+12,1.42643316092e+12,888888,5738,1
-0.3477269,0.65803164,6.6901875,1.42643316092e+12,1.42643316092e+12,777777,5738,6
-6.599991,-18,-38.399994,1.42643316092e+12,1.42643316093e+12,999999,5738,7
-0.058504324,-0.15427212,0.1716679,1.42643316097e+12,1.42643316097e+12,888888,5788,1
-0.25521928,0.5093907,7.2428384,1.42643316097e+12,1.42643316098e+12,777777,5788,8
-7.199997,-18,-38.699997,1.42643316097e+12,1.42643316098e+12,999999,5788,10
0.2303408,0.4319453,0.40402338,1.42643316102e+12,1.42643316102e+12,888888,5839,2
0.19609222,0.590522,7.2087092,1.42643316102e+12,1.42643316103e+12,777777,5839,9
-7.5,-17.09999,-39,1.42643316102e+12,1.42643316103e+12,999999,5839,11
-0.073426284,-0.10097961,0.40402338,1.42643316107e+12,1.42643316107e+12,888888,5887,2
0.05748047,0.8003856,6.7153354,1.42643316107e+12,1.42643316108e+12,777777,5887,9
-7.5,-16.5,-39,1.42643316107e+12,1.42643316108e+12,999999,5887,11
0.042751193,0.16441718,0.46797413,1.42643316112e+12,1.42643316112e+12,888888,5937,1
-0.2775229,0.53858,7.6279874,1.42643316112e+12,1.42643316112e+12,777777,5937,7
-8.099991,-16.199997,-39,1.42643316112e+12,1.42643316113e+12,999999,5937,9
-0.79927003,-0.64243144,0.0405682,1.42643316116e+12,1.42643316116e+12,888888,5980,1
-0.7592212,0.35595977,10.876533,1.42643316116e+12,1.42643316117e+12,777777,5980,8
-8.099991,-15.899994,-39.59999,1.42643316116e+12,1.42643316117e+12,999999,5981,9
0.5031987,-0.026370088,0.25586987,1.42643316121e+12,1.42643316121e+12,888888,6032,1
-1.068029,0.12918137,14.817387,1.42643316121e+12,1.42643316122e+12,777777,6032,8
-8.699997,-15.899994,-39.899994,1.42643316121e+12,1.42643316122e+12,999999,6032,9
-0.2727402,0.15162654,-0.10865085,1.42643316127e+12,1.42643316127e+12,888888,6088,1
-1.1744577,0.6689589,14.033168,1.42643316127e+12,1.42643316128e+12,777777,6088,7
-9.299988,-15.899994,-40.5,1.42643316127e+12,1.42643316128e+12,999999,6088,9
-0.17681366,0.66216916,-0.18112852,1.42643316132e+12,1.42643316132e+12,888888,6137,2
-1.2410692,1.167123,11.738589,1.42643316132e+12,1.42643316133e+12,777777,6138,11
-9,-16.199997,-41.09999,1.42643316132e+12,1.42643316133e+12,999999,6137,13
-0.24289654,0.35733578,-0.2685284,1.42643316137e+12,1.42643316137e+12,888888,6187,6
-1.1485616,1.7766554,10.0025,1.42643316137e+12,1.42643316139e+12,777777,6186,20
-8.099991,-15.899994,-41.09999,1.42643316137e+12,1.42643316139e+12,999999,6187,22
0.02996136,0.10153195,-0.06814843,1.42643316142e+12,1.42643316142e+12,888888,6237,3
-1.0223739,1.7483642,8.9199505,1.42643316142e+12,1.42643316143e+12,777777,6237,9
-7.5,-15.299988,-41.09999,1.42643316142e+12,1.42643316143e+12,999999,6237,10
0.20049715,-0.20863044,-0.023382554,1.42643316147e+12,1.42643316147e+12,888888,6288,1
-1.0867401,1.3461506,8.129595,1.42643316147e+12,1.42643316148e+12,777777,6289,6
-6.599991,-15.299988,-41.399994,1.42643316147e+12,1.42643316148e+12,999999,6288,8
0.21328725,-0.18091838,-0.12783599,1.42643316152e+12,1.42643316152e+12,888888,6339,1
-1.1404784,0.9846524,7.542216,1.42643316152e+12,1.42643316153e+12,777777,6338,8
-6.899994,-15,-41.09999,1.42643316152e+12,1.42643316153e+12,999999,6339,9
0.22607762,-0.08179446,-0.29304254,1.42643316157e+12,1.42643316157e+12,888888,6387,2
-1.1922706,0.7656578,7.3163357,1.42643316157e+12,1.42643316158e+12,777777,6387,9
-7.5,-15,-40.199997,1.42643316157e+12,1.42643316158e+12,999999,6387,11
0.12695369,0.15375867,-0.36445466,1.42643316162e+12,1.42643316162e+12,888888,6437,5
-1.3216017,0.68722093,7.5211096,1.42643316162e+12,1.42643316163e+12,777777,6437,13
-7.5,-16.199997,-39.899994,1.42643316162e+12,1.42643316163e+12,999999,6438,14
-0.02546275,0.118585505,-0.3665865,1.42643316167e+12,1.42643316167e+12,888888,6487,1
-1.8149757,0.75308394,7.9454775,1.42643316167e+12,1.42643316167e+12,777777,6487,5
-7.799988,-16.799988,-39,1.42643316167e+12,1.42643316168e+12,999999,6487,7
0.065134265,0.095136635,-0.26000148,1.42643316171e+12,1.42643316172e+12,888888,6529,8
-2.0450473,0.7686516,9.224717,1.42643316171e+12,1.42643316172e+12,777777,6529,13
-6.899994,-17.399994,-39.59999,1.42643316171e+12,1.42643316172e+12,999999,6530,14
0.020368654,-0.13721858,-0.12144095,1.42643316177e+12,1.42643316177e+12,888888,6589,2
-2.1200414,1.131497,9.962533,1.42643316177e+12,1.42643316178e+12,777777,6590,10
-6,-17.399994,-39.299988,1.42643316177e+12,1.42643316178e+12,999999,6589,12
-0.33136222,-0.48788312,-0.33567682,1.42643316182e+12,1.42643316182e+12,888888,6638,2
-2.2495222,0.8952882,11.996353,1.42643316182e+12,1.42643316183e+12,777777,6638,11
-6,-17.399994,-39.899994,1.42643316182e+12,1.42643316183e+12,999999,6639,13
-0.074492075,0.13990252,-0.020185163,1.42643316187e+12,1.42643316187e+12,888888,6689,2
-1.1756552,0.2695894,13.201946,1.42643316187e+12,1.42643316188e+12,777777,6690,9
-5.399994,-17.09999,-40.5,1.42643316187e+12,1.42643316188e+12,999999,6689,11
-0.18214291,-0.39728585,0.11837538,1.42643316192e+12,1.42643316192e+12,888888,6737,1
-0.3742218,0.6243517,12.0656595,1.42643316192e+12,1.42643316192e+12,777777,6737,7
-6.299988,-17.09999,-39.59999,1.42643316192e+12,1.42643316193e+12,999999,6738,8
0.07046325,0.29871425,0.31022817,1.42643316197e+12,1.42643316197e+12,888888,6788,1
0.3662883,0.8589139,10.35801,1.42643316197e+12,1.42643316198e+12,777777,6788,7
-6.299988,-17.399994,-39.899994,1.42643316197e+12,1.42643316198e+12,999999,6788,9
0.16532424,0.42981368,0.40508917,1.42643316202e+12,1.42643316202e+12,888888,6839,1
0.19324814,1.0539583,7.315587,1.42643316202e+12,1.42643316203e+12,777777,6838,9
-6.599991,-17.399994,-39.899994,1.42643316202e+12,1.42643316203e+12,999999,6839,10
0.26125076,0.24755333,0.5926788,1.42643316207e+12,1.42643316207e+12,888888,6887,2
-0.43379793,1.0603949,5.3398457,1.42643316207e+12,1.42643316208e+12,777777,6887,9
-6.299988,-17.399994,-39.59999,1.42643316207e+12,1.42643316208e+12,999999,6887,11
-0.11179684,-0.28430575,0.18658958,1.42643316212e+12,1.42643316212e+12,888888,6938,2
-0.9900412,0.8878038,5.9296193,1.42643316212e+12,1.42643316213e+12,777777,6938,10
-6.599991,-18,-40.5,1.42643316212e+12,1.42643316213e+12,999999,6938,12
-0.057438526,0.13990252,0.28784564,1.42643316217e+12,1.42643316217e+12,888888,6987,2
-0.848286,0.4511618,7.907756,1.42643316217e+12,1.42643316218e+12,777777,6988,8
-6.299988,-17.699997,-40.799988,1.42643316217e+12,1.42643316218e+12,999999,6988,10
0.18983892,0.038646728,0.35286245,1.42643316222e+12,1.42643316222e+12,888888,7040,1
-0.37092865,0.29054582,8.758437,1.42643316222e+12,1.42643316223e+12,777777,7039,7
-6.599991,-17.699997,-40.5,1.42643316222e+12,1.42643316223e+12,999999,7040,8
-0.21092077,-1.177488,-0.14275768,1.42643316227e+12,1.42643316227e+12,888888,7090,1
-0.23725662,0.5891748,10.328073,1.42643316227e+12,1.42643316228e+12,777777,7090,7
-7.5,-17.399994,-40.199997,1.42643316227e+12,1.42643316228e+12,999999,7089,9
0.14507304,0.32322866,-0.056424126,1.42643316232e+12,1.42643316232e+12,888888,7139,1
-0.64949936,-0.040415954,12.893438,1.42643316232e+12,1.42643316232e+12,777777,7139,4
-6.899994,-16.799988,-40.199997,1.42643316232e+12,1.42643316232e+12,999999,7139,5
-0.43901306,-0.5060025,-0.19072121,1.42643316236e+12,1.42643316236e+12,888888,7182,1
-1.598975,0.1167572,13.61359,1.42643316236e+12,1.42643316237e+12,777777,7182,4
-7.799988,-17.09999,-40.199997,1.42643316236e+12,1.42643316237e+12,999999,7181,6
-0.13950889,0.3754551,-0.23975001,1.42643316242e+12,1.42643316242e+12,888888,7239,1
-1.628763,0.7879614,13.72915,1.42643316242e+12,1.42643316242e+12,777777,7238,5
-8.099991,-16.5,-40.5,1.42643316242e+12,1.42643316242e+12,999999,7238,6
-0.074492075,0.33708456,-0.16300917,1.42643316247e+12,1.42643316247e+12,888888,7289,2
-1.437311,1.6503181,11.292666,1.42643316247e+12,1.42643316248e+12,777777,7290,6
-8.099991,-16.199997,-41.09999,1.42643316247e+12,1.42643316248e+12,999999,7290,8
0.18557519,0.1196513,-0.043633763,1.42643316252e+12,1.42643316253e+12,888888,7344,6
-1.4539266,1.8055453,8.675509,1.42643316253e+12,1.42643316254e+12,777777,7345,10
-8.099991,-16.199997,-41.09999,1.42643316253e+12,1.42643316254e+12,999999,7345,12
0.324136,-0.08392606,-0.06388524,1.42643316257e+12,1.42643316257e+12,888888,7388,1
-1.459465,1.3525872,7.4995546,1.42643316257e+12,1.42643316258e+12,777777,7388,7
-7.799988,-15.299988,-41.09999,1.42643316257e+12,1.42643316258e+12,999999,7387,9
0.2815017,-0.14254756,-0.16727234,1.42643316262e+12,1.42643316262e+12,888888,7438,1
-1.2626244,1.017584,7.091054,1.42643316262e+12,1.42643316263e+12,777777,7439,6
-7.5,-16.199997,-40.799988,1.42643316262e+12,1.42643316263e+12,999999,7438,8
0.29535815,-0.046621297,-0.26639628,1.42643316267e+12,1.42643316267e+12,888888,7488,2
-1.1463162,0.864602,7.3610926,1.42643316267e+12,1.42643316268e+12,777777,7488,8
-7.799988,-17.09999,-40.799988,1.42643316267e+12,1.42643316268e+12,999999,7489,9
0.20902406,0.22730213,-0.3175572,1.42643316272e+12,1.42643316272e+12,888888,7539,1
-1.2813355,0.7634125,7.3510633,1.42643316272e+12,1.42643316273e+12,777777,7538,9
-7.799988,-17.699997,-40.199997,1.42643316272e+12,1.42643316273e+12,999999,7538,11
0.05980501,0.21984129,-0.32928148,1.42643316277e+12,1.42643316277e+12,888888,7588,2
-1.6456778,1.0109977,7.3688765,1.42643316277e+12,1.42643316278e+12,777777,7588,10
-7.199997,-18.899994,-39.299988,1.42643316277e+12,1.42643316278e+12,999999,7588,11
0.17491668,-0.028501948,-0.26106727,1.42643316282e+12,1.42643316282e+12,888888,7639,1
-2.1339624,0.9994716,8.417895,1.42643316282e+12,1.42643316283e+12,777777,7640,6
-6.599991,-19.5,-38.699997,1.42643316282e+12,1.42643316283e+12,999999,7639,8
-0.091545895,0.21664363,0.030975759,1.42643316287e+12,1.42643316287e+12,888888,7688,1
-2.1863534,1.3950989,9.666449,1.42643316287e+12,1.42643316287e+12,777777,7688,5
-5.699997,-19.799988,-38.699997,1.42643316287e+12,1.42643316288e+12,999999,7688,6
-0.5530587,-0.64562905,-0.16087757,1.42643316292e+12,1.42643316292e+12,888888,7739,1
-2.4613316,1.0488689,13.222903,1.42643316292e+12,1.42643316293e+12,777777,7739,6
-5.099991,-19.799988,-39.299988,1.42643316292e+12,1.42643316293e+12,999999,7739,8
-0.23330383,0.35733578,0.23561892,1.42643316297e+12,1.42643316297e+12,888888,7789,1
-1.5263759,0.1580713,14.576388,1.42643316297e+12,1.42643316298e+12,777777,7788,8
-5.399994,-19.199997,-40.5,1.42643316297e+12,1.42643316298e+12,999999,7789,9
-0.15229926,-0.45484182,0.31662348,1.42643316302e+12,1.42643316302e+12,888888,7837,2
-0.628992,0.90217394,12.670551,1.42643316302e+12,1.42643316303e+12,777777,7838,9
-6.299988,-18.299988,-41.09999,1.42643316302e+12,1.42643316303e+12,999999,7838,10
0.20795827,0.03225168,0.4733031,1.42643316307e+12,1.42643316307e+12,888888,7887,2
0.38290375,1.2153227,11.00257,1.42643316307e+12,1.42643316308e+12,777777,7888,8
-6.599991,-18,-40.799988,1.42643316307e+12,1.42643316308e+12,999999,7888,10
0.3092138,0.48843545,0.3837719,1.42643316312e+12,1.42643316312e+12,888888,7938,1
0.3598517,1.2611275,8.039033,1.42643316312e+12,1.42643316313e+12,777777,7938,9
-7.199997,-17.699997,-40.5,1.42643316312e+12,1.42643316313e+12,999999,7938,11
-5.326322e-07,0.05783214,0.20257734,1.42643316317e+12,1.42643316317e+12,888888,7988,2
-0.44367737,1.0148895,6.238427,1.42643316317e+12,1.42643316318e+12,777777,7988,7
-6.899994,-18,-39.899994,1.42643316317e+12,1.42643316318e+12,999999,7989,8
-0.038253378,-0.27471307,0.21110426,1.42643316322e+12,1.42643316322e+12,888888,8038,1
-0.70458484,0.52765274,7.0284843,1.42643316322e+12,1.42643316323e+12,777777,8038,10
-6.899994,-18.59999,-40.199997,1.42643316322e+12,1.42643316323e+12,999999,8038,12
0.3273334,0.28698996,0.5351225,1.42643316327e+12,1.42643316327e+12,888888,8089,2
-0.20118164,0.48933244,7.9760137,1.42643316327e+12,1.42643316328e+12,777777,8089,10
-6.899994,-18.899994,-40.199997,1.42643316327e+12,1.42643316328e+12,999999,8090,11
0.22287995,0.18360232,0.5660325,1.42643316332e+12,1.42643316332e+12,888888,8137,1
-0.1420546,0.85562074,7.0789294,1.42643316332e+12,1.42643316332e+12,777777,8136,7
-7.5,-19.199997,-39.899994,1.42643316332e+12,1.42643316333e+12,999999,8137,8
0.30708218,-0.2555279,0.27505526,1.42643316337e+12,1.42643316337e+12,888888,8188,1
-0.1992357,0.60833496,7.3101983,1.42643316337e+12,1.42643316338e+12,777777,8189,8
-7.799988,-19.5,-39,1.42643316337e+12,1.42643316338e+12,999999,8188,10
-0.14590421,-0.0700699,-5.326322e-07,1.42643316342e+12,1.42643316342e+12,888888,8238,1
-0.22887406,0.7155121,8.9683,1.42643316342e+12,1.42643316343e+12,777777,8239,8
-7.799988,-19.199997,-38.699997,1.42643316342e+12,1.42643316343e+12,999999,8238,10
-0.09474329,-0.44311753,-0.18752329,1.42643316347e+12,1.42643316347e+12,888888,8290,1
-0.739612,0.78975767,12.086166,1.42643316347e+12,1.42643316348e+12,777777,8290,7
-8.099991,-19.199997,-38.09999,1.42643316347e+12,1.42643316348e+12,999999,8289,9
-0.16402356,-0.48788312,-0.2845159,1.42643316352e+12,1.42643316352e+12,888888,8339,2
-1.3464501,0.57255936,13.332624,1.42643316352e+12,1.42643316353e+12,777777,8339,8
-8.399994,-19.199997,-38.399994,1.42643316352e+12,1.42643316353e+12,999999,8339,10
-0.3899837,0.55025464,-0.25467223,1.42643316357e+12,1.42643316357e+12,888888,8388,1
-1.6902851,1.0071057,12.904216,1.42643316357e+12,1.42643316357e+12,777777,8388,4
-8.699997,-18.899994,-39.299988,1.42643316357e+12,1.42643316357e+12,999999,8388,5
-0.25355503,0.42768183,-0.15341645,1.42643316361e+12,1.42643316361e+12,888888,8431,2
-1.8594333,1.8396744,10.895244,1.42643316361e+12,1.42643316362e+12,777777,8431,6
-8.699997,-18.299988,-39.299988,1.42643316361e+12,1.42643316362e+12,999999,8431,7
0.02890302,-0.157461,0.023518642,1.42643316366e+12,1.42643316366e+12,888888,8482,1
-2.0101697,2.445315,9.217233,1.42643316366e+12,1.42643316367e+12,777777,8482,5
-9,-16.799988,-40.199997,1.42643316366e+12,1.42643316367e+12,999999,8481,7
0.2655214,0.022667496,0.11198433,1.42643316371e+12,1.42643316372e+12,888888,8530,8
-1.493145,2.2143452,8.337662,1.42643316371e+12,1.42643316372e+12,777777,8530,13
-8.099991,-16.5,-40.199997,1.42643316371e+12,1.42643316372e+12,999999,8529,15
0.277246,-0.32053593,-0.17792659,1.42643316377e+12,1.42643316377e+12,888888,8588,2
-1.2847782,1.8134788,7.483089,1.42643316377e+12,1.42643316378e+12,777777,8589,7
-8.099991,-16.5,-40.5,1.42643316377e+12,1.42643316378e+12,999999,8589,9
0.38169917,-0.33332658,-0.40068936,1.42643316382e+12,1.42643316382e+12,888888,8637,4
-1.4220428,1.0945239,7.858508,1.42643316382e+12,1.42643316383e+12,777777,8637,11
-8.099991,-16.799988,-40.199997,1.42643316382e+12,1.42643316383e+12,999999,8637,13
0.08859032,0.32643485,-0.41561133,1.42643316387e+12,1.42643316387e+12,888888,8687,1
-1.3615686,0.76790315,8.264015,1.42643316387e+12,1.42643316388e+12,777777,8687,7
-7.5,-18.899994,-39,1.42643316387e+12,1.42643316388e+12,999999,8687,9
0.28683868,0.034391794,-0.3228827,1.42643316392e+12,1.42643316392e+12,888888,8738,1
-1.4678476,1.0318043,8.509355,1.42643316392e+12,1.42643316393e+12,777777,8739,7
-7.199997,-19.799988,-39,1.42643316392e+12,1.42643316393e+12,999999,8738,9
0.30922124,0.14310843,-0.1374247,1.42643316397e+12,1.42643316397e+12,888888,8788,1
-1.6753162,1.2530442,9.294322,1.42643316397e+12,1.42643316398e+12,777777,8787,9
-6.299988,-20.399994,-39.59999,1.42643316397e+12,1.42643316398e+12,999999,8787,10
0.13015854,-0.031690817,-0.04576163,1.42643316402e+12,1.42643316402e+12,888888,8837,2
-1.7603394,1.848506,9.770632,1.42643316402e+12,1.42643316402e+12,777777,8837,7
-6,-21,-39.299988,1.42643316402e+12,1.42643316403e+12,999999,8837,9
-0.3654616,-0.38768488,-0.35379216,1.42643316407e+12,1.42643316407e+12,888888,8887,1
-1.9440074,1.7112415,11.679313,1.42643316407e+12,1.42643316407e+12,777777,8887,4
-6,-21,-39.299988,1.42643316407e+12,1.42643316407e+12,999999,8888,5
-0.27486432,0.045050565,-0.15447825,1.42643316411e+12,1.42643316412e+12,888888,8929,8
-1.5055691,0.8330177,12.975617,1.42643316411e+12,1.42643316412e+12,777777,8929,13
-6.299988,-20.699997,-39.299988,1.42643316411e+12,1.42643316412e+12,999999,8929,14
-0.3526715,-5.326322e-07,0.06615292,1.42643316416e+12,1.42643316417e+12,888888,8983,2
-0.8057744,1.3251942,12.09919,1.42643316416e+12,1.42643316417e+12,777777,8983,10
-6.899994,-20.09999,-38.699997,1.42643316416e+12,1.42643316418e+12,999999,8983,12
-0.1650819,0.25928617,0.03737507,1.42643316422e+12,1.42643316422e+12,888888,9038,2
-0.42766067,1.9570303,10.299932,1.42643316422e+12,1.42643316423e+12,777777,9039,10
-6.899994,-20.09999,-39,1.42643316422e+12,1.42643316423e+12,999999,9038,12
0.17705573,0.16868888,0.08427227,1.42643316427e+12,1.42643316427e+12,888888,9087,2
-0.7509883,1.6308587,8.366402,1.42643316427e+12,1.42643316428e+12,777777,9087,9
-7.199997,-19.799988,-39.899994,1.42643316427e+12,1.42643316428e+12,999999,9087,11
0.18025365,-0.08178595,0.083206475,1.42643316432e+12,1.42643316432e+12,888888,9138,1
-0.9662407,1.2885205,6.9783382,1.42643316432e+12,1.42643316432e+12,777777,9139,5
-6.599991,-19.799988,-40.199997,1.42643316432e+12,1.42643316433e+12,999999,9138,7
-5.326322e-07,-0.23313658,0.09706237,1.42643316437e+12,1.42643316437e+12,888888,9187,1
-0.705932,1.2172687,7.238348,1.42643316437e+12,1.42643316438e+12,777777,9187,7
-6.299988,-19.5,-40.5,1.42643316437e+12,1.42643316438e+12,999999,9188,8
-0.1746746,-0.40793583,0.31023243,1.42643316441e+12,1.42643316442e+12,888888,9233,1
-0.41179368,1.0535092,8.437055,1.42643316441e+12,1.42643316442e+12,777777,9233,8
-6,-19.199997,-40.5,1.42643316441e+12,1.42643316442e+12,999999,9233,10
0.30922124,0.43088827,0.56177276,1.42643316446e+12,1.42643316446e+12,888888,9281,1
-0.21285737,1.0972183,8.469089,1.42643316446e+12,1.42643316447e+12,777777,9281,10
-5.399994,-18,-40.5,1.42643316446e+12,1.42643316447e+12,999999,9281,12
0.1440147,0.09514516,0.560707,1.42643316451e+12,1.42643316452e+12,888888,9330,8
-0.18860778,1.6956738,7.0024385,1.42643316451e+12,1.42643316452e+12,777777,9329,15
-6,-18,-40.5,1.42643316451e+12,1.42643316453e+12,999999,9329,17
0.18771423,-0.08178595,0.35499805,1.42643316457e+12,1.42643316459e+12,888888,9387,23
-0.4510121,1.6959732,7.1600604,1.42643316457e+12,1.4264331646e+12,777777,9387,32
-6.299988,-18.299988,-40.5,1.42643316457e+12,1.4264331646e+12,999999,9388,33
-0.24821806,-0.5795377,0.10558901,1.42643316462e+12,1.42643316463e+12,888888,9437,8
-0.590522,1.2790902,9.485325,1.42643316462e+12,1.42643316463e+12,777777,9437,15
-7.199997,-18.59999,-40.799988,1.42643316462e+12,1.42643316464e+12,999999,9437,17
0.2548629,-0.3013508,-5.326322e-07,1.42643316467e+12,1.42643316467e+12,888888,9489,1
-0.86160827,0.90411985,12.515474,1.42643316467e+12,1.42643316467e+12,777777,9489,4
-8.099991,-19.199997,-40.5,1.42643316467e+12,1.42643316468e+12,999999,9490,5
0.113104984,0.11219898,0.07894275,1.42643316471e+12,1.42643316472e+12,888888,9529,8
-1.1216176,1.137784,12.0921545,1.42643316471e+12,1.42643316472e+12,777777,9529,13
-8.699997,-18.899994,-39.899994,1.42643316471e+12,1.42643316472e+12,999999,9529,14
-0.4102328,-0.22567627,-0.15768124,1.42643316477e+12,1.42643316477e+12,888888,9589,2
-1.2657678,1.8543439,11.697125,1.42643316477e+12,1.42643316478e+12,777777,9590,9
-9.599991,-18.59999,-39.59999,1.42643316477e+12,1.42643316478e+12,999999,9590,11
-0.08834611,0.674967,-5.326322e-07,1.42643316482e+12,1.42643316482e+12,888888,9637,4
-1.2204121,1.8293458,10.941497,1.42643316482e+12,1.42643316483e+12,777777,9637,9
-9.899994,-18,-39.299988,1.42643316482e+12,1.42643316483e+12,999999,9637,12
-0.21944581,-0.3429198,-0.09692761,1.42643316487e+12,1.42643316487e+12,888888,9687,1
-1.5847545,2.121688,8.738828,1.42643316487e+12,1.42643316487e+12,777777,9687,5
-9.899994,-17.699997,-38.699997,1.42643316487e+12,1.42643316487e+12,999999,9687,6
-5.326322e-07,0.21558581,0.07254238,1.42643316492e+12,1.42643316492e+12,888888,9738,1
-1.5649955,1.6660354,8.743618,1.42643316492e+12,1.42643316492e+12,777777,9738,5
-9.899994,-17.399994,-39.59999,1.42643316492e+12,1.42643316493e+12,999999,9739,6
0.20263061,-0.3354587,0.03630368,1.42643316497e+12,1.42643316497e+12,888888,9787,1
-1.2484039,1.5690372,8.326435,1.42643316497e+12,1.42643316498e+12,777777,9787,7
-8.699997,-16.799988,-39.59999,1.42643316497e+12,1.42643316498e+12,999999,9786,9
0.19623555,0.0802224,-0.09905974,1.42643316502e+12,1.42643316502e+12,888888,9839,2
-0.9349558,1.3232483,7.5273967,1.42643316502e+12,1.42643316503e+12,777777,9839,10
-8.399994,-17.399994,-39.899994,1.42643316502e+12,1.42643316503e+12,999999,9839,12
0.036358275,0.017337445,-0.20031525,1.42643316507e+12,1.42643316507e+12,888888,9887,4
-0.93735075,1.3404624,6.940617,1.42643316507e+12,1.42643316508e+12,777777,9887,13
-8.399994,-16.799988,-39.899994,1.42643316507e+12,1.42643316508e+12,999999,9887,15
0.1461407,0.19640014,-0.112915635,1.42643316512e+12,1.42643316512e+12,888888,9937,1
-1.3698015,1.3867164,7.9209285,1.42643316512e+12,1.42643316512e+12,777777,9937,7
-8.399994,-17.399994,-39.299988,1.42643316512e+12,1.42643316513e+12,999999,9938,8
0.1109678,0.18574163,0.025644643,1.42643316516e+12,1.42643316516e+12,888888,9982,1
-1.4745836,1.7958156,8.844807,1.42643316516e+12,1.42643316517e+12,777777,9981,8
-8.699997,-18,-39,1.42643316516e+12,1.42643316517e+12,999999,9982,9
-0.6010225,-0.71170986,-0.2866512,1.42643316521e+12,1.42643316521e+12,888888,10031,1
-1.7542021,1.3648617,11.742481,1.42643316521e+12,1.42643316522e+12,777777,10031,7
-8.699997,-17.699997,-39,1.42643316521e+12,1.42643316522e+12,999999,10031,8
-0.28020155,0.3477449,0.13542573,1.42643316527e+12,1.42643316527e+12,888888,10089,1
-1.0324031,0.47331575,14.519806,1.42643316527e+12,1.42643316528e+12,777777,10089,8
-8.099991,-17.699997,-39,1.42643316527e+12,1.42643316528e+12,999999,10088,10
-0.199197,-0.14894101,0.16207199,1.42643316532e+12,1.42643316532e+12,888888,10140,2
-0.4035608,1.2578343,13.553116,1.42643316532e+12,1.42643316533e+12,777777,10140,10
-7.799988,-16.5,-39.59999,1.42643316532e+12,1.42643316533e+12,999999,10140,12
0.096043445,0.2710038,0.17699368,1.42643316537e+12,1.42643316537e+12,888888,10188,5
0.31240037,1.8356328,11.575728,1.42643316537e+12,1.42643316538e+12,777777,10189,14
-8.099991,-15.299988,-39.59999,1.42643316537e+12,1.42643316539e+12,999999,10188,17
0.23886745,0.26354295,0.15993987,1.42643316542e+12,1.42643316542e+12,888888,10237,2
0.065413974,2.001488,8.98761,1.42643316542e+12,1.42643316543e+12,777777,10237,8
-8.399994,-15,-39.299988,1.42643316542e+12,1.42643316543e+12,999999,10238,9
0.17704801,0.045043908,0.19617884,1.42643316547e+12,1.42643316547e+12,888888,10287,1
-0.25671616,1.7092955,7.1667967,1.42643316547e+12,1.42643316548e+12,777777,10287,7
-8.699997,-15,-39.899994,1.42643316547e+12,1.42643316548e+12,999999,10287,8
-0.067031495,-0.39088893,-0.09586368,1.42643316552e+12,1.42643316552e+12,888888,10337,1
-0.5303471,1.2909155,7.5467067,1.42643316552e+12,1.42643316552e+12,777777,10337,6
-9,-16.199997,-38.699997,1.42643316552e+12,1.42643316552e+12,999999,10337,7
0.15999447,-0.22035287,0.16846678,1.42643316557e+12,1.42643316557e+12,888888,10389,1
-0.36269578,1.0496173,8.250243,1.42643316557e+12,1.42643316557e+12,777777,10389,4
-9,-16.5,-38.699997,1.42643316557e+12,1.42643316558e+12,999999,10389,6
0.17385063,0.026924025,0.3208832,1.42643316562e+12,1.42643316562e+12,888888,10438,1
-0.07544312,1.3169614,7.680528,1.42643316562e+12,1.42643316562e+12,777777,10438,5
-9,-17.09999,-39,1.42643316562e+12,1.42643316562e+12,999999,10438,6
0.10350455,-0.30562118,0.37204415,1.42643316567e+12,1.42643316567e+12,888888,10487,2
-0.12843293,1.7748592,7.335496,1.42643316567e+12,1.42643316568e+12,777777,10487,7
-9.899994,-16.799988,-39.299988,1.42643316567e+12,1.42643316568e+12,999999,10488,8
-5.326322e-07,-0.4281937,0.29103956,1.42643316572e+12,1.42643316572e+12,888888,10539,2
-0.39428008,1.9444565,8.111332,1.42643316572e+12,1.42643316573e+12,777777,10540,6
-10.5,-16.199997,-40.199997,1.42643316572e+12,1.42643316573e+12,999999,10539,8
0.18877257,0.057834007,0.34859526,1.42643316577e+12,1.42643316577e+12,888888,10591,1
-0.2665956,1.9514918,9.885742,1.42643316577e+12,1.42643316578e+12,777777,10591,7
-10.5,-16.5,-40.199997,1.42643316577e+12,1.42643316578e+12,999999,10592,8
-0.14164075,-0.30029166,0.2761176,1.42643316582e+12,1.42643316582e+12,888888,10637,1
-0.21031265,1.8612295,11.495345,1.42643316582e+12,1.42643316582e+12,777777,10638,4
-11.399994,-16.199997,-40.5,1.42643316582e+12,1.42643316582e+12,999999,10637,6
-0.046780556,-0.93766975,0.09066013,1.42643316587e+12,1.42643316587e+12,888888,10688,1
-0.36045045,0.8586145,13.633649,1.42643316587e+12,1.42643316588e+12,777777,10688,6
-12,-16.199997,-39.59999,1.42643316587e+12,1.42643316588e+12,999999,10689,7
-0.5455983,0.53426874,-0.018057032,1.42643316592e+12,1.42643316592e+12,888888,10738,1
-0.5917195,0.020507354,14.354999,1.42643316592e+12,1.42643316592e+12,777777,10737,6
-12,-15.599991,-39.299988,1.42643316592e+12,1.42643316593e+12,999999,10738,7
-0.16082643,0.50016135,0.026708577,1.42643316597e+12,1.42643316597e+12,888888,10788,1
-1.1764036,0.7313791,11.654465,1.42643316597e+12,1.42643316597e+12,777777,10787,6
-12.599991,-14.399994,-39.899994,1.42643316597e+12,1.42643316598e+12,999999,10788,7
0.13974325,0.2251724,0.053354833,1.42643316602e+12,1.4264331661e+12,888888,10838,79
-1.1190729,1.4483881,8.947494,1.42643316602e+12,1.42643316611e+12,777777,10837,88
-12.299988,-14.099991,-39.59999,1.42643316602e+12,1.42643316611e+12,999999,10838,95
0.31347695,-0.30029166,0.17059891,1.42643316607e+12,1.42643316612e+12,888888,10887,51
-0.30835876,1.6459771,6.945856,1.42643316607e+12,1.42643316612e+12,777777,10887,56
-12,-13.799988,-39.899994,1.42643316607e+12,1.42643316613e+12,999999,10887,58
0.07046298,-0.45057648,-0.1001274,1.42643316612e+12,1.42643316615e+12,888888,10937,32
0.24893235,1.2636722,7.601343,1.42643316612e+12,1.42643316616e+12,777777,10936,40
-12.299988,-13.5,-41.699997,1.42643316612e+12,1.42643316616e+12,999999,10937,41
-0.096875146,-0.3045554,-0.18752675,1.42643316617e+12,1.42643316619e+12,888888,10986,20
-0.13052857,0.43978545,10.355166,1.42643316617e+12,1.42643316619e+12,777777,10986,26
-12.899994,-14.099991,-41.399994,1.42643316617e+12,1.42643316619e+12,999999,10986,27
-0.19493327,0.32962558,-0.21843673,1.42643316622e+12,1.42643316622e+12,888888,11037,7
-0.3264711,-0.1751358,11.904295,1.42643316622e+12,1.42643316623e+12,777777,11037,15
-13.199997,-14.099991,-41.399994,1.42643316622e+12,1.42643316623e+12,999999,11037,16
-5.326322e-07,0.51188594,-0.13316844,1.42643316627e+12,1.42643316627e+12,888888,11087,1
0.19743942,0.32078293,10.876083,1.42643316627e+12,1.42643316627e+12,777777,11087,5
-13.199997,-14.099991,-41.09999,1.42643316627e+12,1.42643316628e+12,999999,11087,7
0.0736609,0.33815223,0.056552757,1.42643316632e+12,1.42643316632e+12,888888,11138,1
0.43065444,1.3735437,9.314381,1.42643316632e+12,1.42643316633e+12,777777,11138,7
-12.599991,-14.399994,-39.899994,1.42643316632e+12,1.42643316633e+12,999999,11138,8
0.1663746,-0.28110117,-0.038321555,1.42643316636e+12,1.42643316636e+12,888888,11180,1
0.13322297,1.3236973,9.269624,1.42643316636e+12,1.42643316637e+12,777777,11179,7
-12.299988,-14.399994,-39.899994,1.42643316636e+12,1.42643316637e+12,999999,11180,8
0.073645994,-0.15426521,-0.15130137,1.42643316642e+12,1.42643316642e+12,888888,11236,1
-0.16316071,0.44667113,9.692494,1.42643316642e+12,1.42643316642e+12,777777,11236,8
-11.399994,-14.699997,-40.199997,1.42643316642e+12,1.42643316643e+12,999999,11236,10
-0.11074622,0.1548314,-0.1896722,1.42643316647e+12,1.42643316647e+12,888888,11287,2
-0.18157242,0.34727782,9.359138,1.42643316647e+12,1.42643316648e+12,777777,11287,9
-10.799988,-14.699997,-41.09999,1.42643316647e+12,1.42643316648e+12,999999,11287,11
-0.113943614,0.046114765,-0.074560255,1.42643316652e+12,1.42643316652e+12,888888,11338,2
-0.065863036,0.88690567,9.411828,1.42643316652e+12,1.42643316653e+12,777777,11339,7
-11.099991,-14.699997,-41.09999,1.42643316652e+12,1.42643316653e+12,999999,11338,9
-0.04249127,-5.326322e-07,-5.326322e-07,1.42643316657e+12,1.42643316657e+12,888888,11389,1
-0.31659165,1.1731105,9.544901,1.42643316657e+12,1.42643316658e+12,777777,11389,5
-10.199997,-15.299988,-40.799988,1.42643316657e+12,1.42643316658e+12,999999,11389,7
-0.04139937,0.10471044,-5.326322e-07,1.42643316662e+12,1.42643316662e+12,888888,11438,1
-0.64830184,1.0780581,9.595047,1.42643316662e+12,1.42643316662e+12,777777,11437,6
-9.599991,-14.699997,-40.799988,1.42643316662e+12,1.42643316663e+12,999999,11438,8
0.17816548,0.36690956,0.08639987,1.42643316667e+12,1.42643316667e+12,888888,11489,1
-0.73856413,0.96414506,9.511071,1.42643316667e+12,1.42643316668e+12,777777,11489,9
-9.899994,-14.699997,-40.799988,1.42643316667e+12,1.42643316668e+12,999999,11489,11
0.1707049,-0.56570923,0.1375608,1.42643316672e+12,1.42643316673e+12,888888,11540,5
-0.9199869,0.95471466,9.433982,1.42643316672e+12,1.42643316673e+12,777777,11539,14
-9.299988,-14.699997,-41.09999,1.42643316672e+12,1.42643316674e+12,999999,11539,16
-0.29933503,0.6738743,-0.122506745,1.42643316677e+12,1.42643316677e+12,888888,11589,1
-0.013172608,1.223855,10.17045,1.42643316677e+12,1.42643316678e+12,777777,11588,7
-9.599991,-14.399994,-41.09999,1.42643316677e+12,1.42643316678e+12,999999,11589,8
-0.1842231,-0.21717626,-0.08413618,1.42643316682e+12,1.42643316682e+12,888888,11639,1
-0.41703278,1.2180171,9.856853,1.42643316682e+12,1.42643316682e+12,777777,11639,5
-9.899994,-14.699997,-41.09999,1.42643316682e+12,1.42643316683e+12,999999,11639,7
