0.05116039,-0.07887298,-0.07034633,1.42643359512e+12,1.42643359528e+12,888888,0,153
-0.97686857,0.9262738,9.774973,1.42643359512e+12,1.42643359529e+12,777777,0,164
-5.326322e-07,-0.036239497,-0.074609786,1.42643359538e+12,1.42643359538e+12,888888,257,2
-0.9195378,1.491199,9.620344,1.42643359538e+12,1.42643359539e+12,777777,257,10
8.699997,-7.199997,-40.5,1.42643359538e+12,1.42643359539e+12,999999,257,12
-5.326322e-07,-5.326322e-07,-0.11830108,1.42643359543e+12,1.42643359545e+12,888888,305,18
-0.9171428,1.5928377,9.529184,1.42643359543e+12,1.42643359545e+12,777777,305,25
0.59999084,-11.099991,-38.399994,1.42643359543e+12,1.42643359546e+12,999999,306,27
0.05862017,-0.02984205,-0.08845716,1.42643359548e+12,1.42643359549e+12,888888,355,16
-0.9574091,1.5955321,9.666149,1.42643359548e+12,1.4264335955e+12,777777,356,22
-7.5,-15.899994,-36.899994,1.42643359548e+12,1.4264335955e+12,999999,356,24
0.042601258,-5.326322e-07,-0.0329979,1.42643359553e+12,1.42643359556e+12,888888,408,32
-0.9645941,1.6669335,9.664204,1.42643359553e+12,1.42643359557e+12,777777,407,36
-6.899994,-15.899994,-37.799988,1.42643359553e+12,1.42643359557e+12,999999,408,37
0.023373766,-5.326322e-07,-0.050003514,1.42643359558e+12,1.4264335956e+12,888888,456,24
-0.96429473,1.7769548,9.57888,1.42643359558e+12,1.42643359561e+12,777777,456,35
-6.599991,-16.199997,-37.5,1.42643359558e+12,1.42643359562e+12,999999,456,36
0.060635384,-5.326322e-07,-0.040349554,1.42643359563e+12,1.42643359565e+12,888888,506,24
-0.93989545,1.798959,9.673484,1.42643359563e+12,1.42643359566e+12,777777,506,35
-6.599991,-16.5,-36.899994,1.42643359563e+12,1.42643359567e+12,999999,506,37
0.058474228,0.033077527,-5.326322e-07,1.42643359568e+12,1.4264335957e+12,888888,557,17
-0.8520282,1.7143849,9.538764,1.42643359568e+12,1.4264335957e+12,777777,556,23
-6.899994,-16.799988,-37.199997,1.42643359568e+12,1.42643359570e+12,999999,556,26
0.05845106,-0.050056774,-5.326322e-07,1.42643359573e+12,1.42643359574e+12,888888,606,13
-0.79320055,1.6205301,9.315429,1.42643359573e+12,1.42643359575e+12,777777,606,22
-7.5,-17.09999,-36.299988,1.42643359573e+12,1.42643359575e+12,999999,606,24
-0.026846528,-0.132084,-0.020074641,1.42643359578e+12,1.42643359579e+12,888888,655,11
-0.5201683,1.8119819,9.5423565,1.42643359578e+12,1.4264335958e+12,777777,656,19
-7.5,-16.799988,-36.299988,1.42643359578e+12,1.4264335958e+12,999999,655,21
-0.09719259,-0.045750443,-0.036062397,1.42643359583e+12,1.42643359583e+12,888888,708,1
-0.44158173,2.1848567,9.695338,1.42643359583e+12,1.42643359584e+12,777777,708,9
-8.099991,-16.799988,-36.899994,1.42643359583e+12,1.42643359584e+12,999999,708,11
-0.18246062,0.18020998,0.044942442,1.42643359588e+12,1.42643359588e+12,888888,755,1
-0.63497955,2.4987538,9.544303,1.42643359588e+12,1.42643359588e+12,777777,756,4
-8.099991,-16.5,-36.59999,1.42643359588e+12,1.42643359588e+12,999999,755,5
-0.14515613,0.10240281,0.13660552,1.42643359593e+12,1.42643359593e+12,888888,806,1
-0.8822653,2.509681,9.3630295,1.42643359593e+12,1.42643359593e+12,777777,805,4
-8.099991,-15.599991,-37.199997,1.42643359593e+12,1.42643359593e+12,999999,805,5
-0.20271184,-5.326322e-07,0.16858076,1.42643359598e+12,1.42643359598e+12,888888,856,1
-1.0078541,2.3177803,8.997041,1.42643359598e+12,1.42643359598e+12,777777,856,4
-8.099991,-15.299988,-37.199997,1.42643359598e+12,1.42643359598e+12,999999,856,5
-0.3380747,0.054439805,0.21228057,1.42643359602e+12,1.42643359602e+12,888888,895,1
-0.9035211,2.1882994,9.052725,1.42643359602e+12,1.42643359602e+12,777777,896,4
-7.799988,-14.699997,-37.5,1.42643359602e+12,1.42643359602e+12,999999,896,5
-0.19631651,0.0693615,0.26877102,1.42643359608e+12,1.42643359608e+12,888888,955,1
-0.5110373,2.3451731,9.753717,1.42643359608e+12,1.42643359608e+12,777777,955,4
-7.5,-15,-38.09999,1.42643359608e+12,1.42643359608e+12,999999,955,5
-0.16007783,0.08108606,0.20801738,1.42643359613e+12,1.42643359613e+12,888888,1005,1
-0.3797603,2.498604,9.804761,1.42643359613e+12,1.42643359614e+12,777777,1005,7
-7.5,-14.699997,-38.09999,1.42643359613e+12,1.42643359614e+12,999999,1006,7
-5.326322e-07,0.11412711,0.1430003,1.42643359618e+12,1.42643359618e+12,888888,1055,1
-0.27961853,2.531835,9.906549,1.42643359618e+12,1.42643359618e+12,777777,1055,4
-7.199997,-14.399994,-38.699997,1.42643359618e+12,1.42643359618e+12,999999,1055,5
0.13303076,0.05337348,0.14086871,1.42643359623e+12,1.42643359623e+12,888888,1105,1
-0.09879456,2.5143213,10.065069,1.42643359623e+12,1.42643359623e+12,777777,1105,5
-7.5,-13.799988,-39.299988,1.42643359623e+12,1.42643359623e+12,999999,1105,6
0.22149643,0.03845205,0.16325177,1.42643359628e+12,1.42643359628e+12,888888,1158,1
-0.13202545,2.443369,10.317744,1.42643359628e+12,1.42643359629e+12,777777,1158,5
-7.5,-13.799988,-39.899994,1.42643359628e+12,1.42643359629e+12,999999,1158,7
0.26732785,-0.113964655,0.09716889,1.42643359633e+12,1.42643359633e+12,888888,1205,1
-0.54441786,2.0255878,10.546169,1.42643359633e+12,1.42643359633e+12,777777,1205,4
-7.5,-14.099991,-39.59999,1.42643359633e+12,1.42643359633e+12,999999,1205,6
0.1053187,-0.3623076,0.046008237,1.42643359638e+12,1.42643359638e+12,888888,1255,1
-0.7773335,1.0463241,11.311976,1.42643359638e+12,1.42643359638e+12,777777,1255,4
-8.099991,-14.099991,-39.299988,1.42643359638e+12,1.42643359638e+12,999999,1255,5
0.44532475,-0.47955117,0.20268813,1.42643359642e+12,1.42643359642e+12,888888,1296,1
-0.5192702,0.5502557,11.940819,1.42643359642e+12,1.42643359642e+12,777777,1295,4
-8.699997,-14.699997,-38.699997,1.42643359642e+12,1.42643359642e+12,999999,1295,5
0.30783027,-5.326322e-07,0.25384906,1.42643359647e+12,1.42643359647e+12,888888,1347,1
-0.1924997,0.7934999,9.621392,1.42643359647e+12,1.42643359648e+12,777777,1348,4
-9.299988,-15,-38.09999,1.42643359647e+12,1.42643359648e+12,999999,1348,5
0.06694814,0.12052242,-0.059511,1.42643359652e+12,1.42643359652e+12,888888,1398,1
-0.7969428,1.13973,7.433991,1.42643359652e+12,1.42643359653e+12,777777,1398,5
-9.599991,-15.899994,-38.399994,1.42643359652e+12,1.42643359653e+12,999999,1398,6
-0.29970416,-0.0851868,-0.21405903,1.42643359658e+12,1.42643359658e+12,888888,1456,1
-1.0382409,1.1054512,7.8276725,1.42643359658e+12,1.42643359658e+12,777777,1456,5
-9.599991,-16.799988,-38.699997,1.42643359658e+12,1.42643359659e+12,999999,1456,7
-0.2250949,-5.326322e-07,-0.13625239,1.42643359663e+12,1.42643359663e+12,888888,1505,1
-1.2263997,1.0350975,9.743688,1.42643359663e+12,1.42643359663e+12,777777,1504,6
-9.899994,-16.5,-38.699997,1.42643359663e+12,1.42643359664e+12,999999,1505,7
-0.12277306,0.2526879,0.17071289,1.42643359668e+12,1.42643359668e+12,888888,1555,1
-0.970432,1.2684622,9.871672,1.42643359668e+12,1.42643359668e+12,777777,1555,7
-9.299988,-16.799988,-38.699997,1.42643359668e+12,1.42643359669e+12,999999,1555,9
-0.18565828,-0.15233548,0.15792225,1.42643359673e+12,1.42643359673e+12,888888,1607,1
-1.0208771,1.8684146,8.649613,1.42643359673e+12,1.42643359674e+12,777777,1606,10
-9,-15.299988,-39,1.42643359673e+12,1.42643359674e+12,999999,1606,12
-0.16220967,-5.326322e-07,0.095037304,1.42643359678e+12,1.42643359678e+12,888888,1658,1
-1.1129357,2.0237916,8.995094,1.42643359678e+12,1.42643359679e+12,777777,1658,10
-9,-14.399994,-39.299988,1.42643359678e+12,1.42643359679e+12,999999,1658,13
-0.09932446,0.08748085,0.10995926,1.42643359683e+12,1.42643359683e+12,888888,1705,1
-1.0662328,2.1619542,9.423204,1.42643359683e+12,1.42643359684e+12,777777,1705,7
-9,-14.399994,-39,1.42643359683e+12,1.42643359686e+12,999999,1705,29
0.0466972,0.15782692,0.06945684,1.42643359688e+12,1.42643359691e+12,888888,1755,33
-1.1079959,2.3796015,9.116642,1.42643359688e+12,1.42643359692e+12,777777,1755,47
-8.399994,-13.5,-39.299988,1.42643359688e+12,1.42643359696e+12,999999,1755,80
0.12557018,0.10027121,-5.326322e-07,1.42643359693e+12,1.42643359699e+12,888888,1805,66
-1.1500584,2.4396267,8.985515,1.42643359693e+12,1.426433597e+12,777777,1805,75
-9,-13.799988,-39.299988,1.42643359693e+12,1.426433597e+12,999999,1805,76
0.114898354,-0.13633654,-0.11598812,1.42643359698e+12,1.42643359700e+12,888888,1854,28
-1.0213262,2.2641916,10.112222,1.42643359698e+12,1.42643359701e+12,777777,1855,33
-9,-14.399994,-39,1.42643359698e+12,1.42643359701e+12,999999,1854,35
0.1330177,0.2963989,-0.041378867,1.42643359703e+12,1.42643359704e+12,888888,1905,11
-1.1431727,1.71678,10.825189,1.42643359703e+12,1.42643359704e+12,777777,1905,16
-8.699997,-14.699997,-39,1.42643359703e+12,1.42643359704e+12,999999,1904,18
-0.122786105,-5.326322e-07,-0.25454894,1.42643359708e+12,1.42643359708e+12,888888,1954,1
-1.4217435,1.1837384,11.908936,1.42643359708e+12,1.42643359708e+12,777777,1954,7
-9.299988,-15,-38.699997,1.42643359708e+12,1.42643359708e+12,999999,1954,8
0.46556318,0.14824566,0.039625708,1.42643359713e+12,1.42643359713e+12,888888,2005,1
-0.76116717,0.81295943,12.128529,1.42643359713e+12,1.42643359713e+12,777777,2005,5
-8.699997,-15,-38.699997,1.42643359713e+12,1.42643359714e+12,999999,2005,7
0.29182947,0.055516787,-0.13304168,1.42643359718e+12,1.42643359718e+12,888888,2055,1
-0.7095245,0.952619,9.162746,1.42643359718e+12,1.42643359718e+12,777777,2055,5
-8.699997,-15,-38.699997,1.42643359718e+12,1.42643359718e+12,999999,2055,6
0.054144993,-0.24185577,-0.32063127,1.42643359722e+12,1.42643359722e+12,888888,2096,1
-0.7101233,0.9187894,8.738977,1.42643359722e+12,1.42643359722e+12,777777,2096,4
-8.699997,-15.299988,-38.699997,1.42643359722e+12,1.42643359722e+12,999999,2096,5
0.0871863,-0.12780963,-0.08934239,1.42643359727e+12,1.42643359727e+12,888888,2148,1
-0.45999345,0.9071137,9.728569,1.42643359727e+12,1.42643359728e+12,777777,2148,4
-9.299988,-15.899994,-38.699997,1.42643359727e+12,1.42643359728e+12,999999,2148,5
0.057342384,0.060845774,-0.022193452,1.42643359732e+12,1.42643359732e+12,888888,2199,1
-0.36733612,1.4465919,9.304651,1.42643359732e+12,1.42643359733e+12,777777,2200,5
-9.899994,-16.199997,-38.699997,1.42643359732e+12,1.42643359733e+12,999999,2200,6
-0.055692557,-0.11502939,-5.326322e-07,1.42643359738e+12,1.42643359738e+12,888888,2256,1
-0.5438191,1.8803897,8.320598,1.42643359738e+12,1.42643359738e+12,777777,2256,6
-9.599991,-16.799988,-39.299988,1.42643359738e+12,1.42643359739e+12,999999,2256,9
-0.22835994,-0.054276023,0.11213773,1.42643359743e+12,1.42643359743e+12,888888,2307,1
-0.8653505,1.8703606,8.40083,1.42643359743e+12,1.42643359744e+12,777777,2307,7
-9.899994,-18.299988,-40.5,1.42643359743e+12,1.42643359744e+12,999999,2306,9
-0.18466012,-5.326322e-07,0.20593293,1.42643359748e+12,1.42643359748e+12,888888,2355,1
-0.99453187,1.9675086,9.208101,1.42643359748e+12,1.42643359748e+12,777777,2355,5
-9.599991,-17.699997,-40.199997,1.42643359748e+12,1.42643359748e+12,999999,2355,7
-0.17719929,0.1855403,0.28267378,1.42643359753e+12,1.42643359753e+12,888888,2405,1
-0.936752,2.2993684,9.544751,1.42643359753e+12,1.42643359753e+12,777777,2405,5
-9.899994,-18,-40.799988,1.42643359753e+12,1.42643359753e+12,999999,2405,6
0.034904722,0.08641612,0.35301983,1.42643359758e+12,1.42643359758e+12,888888,2456,1
-0.9533675,2.5908124,9.398805,1.42643359758e+12,1.42643359758e+12,777777,2456,5
-10.199997,-17.399994,-41.09999,1.42643359758e+12,1.42643359758e+12,999999,2456,6
-0.048231445,0.19406694,0.3487564,1.42643359763e+12,1.42643359763e+12,888888,2506,1
-0.63468015,2.4472609,9.951306,1.42643359763e+12,1.42643359763e+12,777777,2506,5
-9.299988,-15.899994,-39.899994,1.42643359763e+12,1.42643359764e+12,999999,2505,7
0.0540904,-0.06386873,0.50543654,1.42643359768e+12,1.42643359768e+12,888888,2555,1
-0.37631744,1.7515078,11.313773,1.42643359768e+12,1.42643359768e+12,777777,2556,5
-9.599991,-15.599991,-41.09999,1.42643359768e+12,1.42643359769e+12,999999,2556,8
-0.04183613,-0.056407616,0.3849956,1.42643359773e+12,1.42643359773e+12,888888,2606,1
-0.22617966,1.8898201,10.96889,1.42643359773e+12,1.42643359774e+12,777777,2606,6
-9.599991,-15,-41.399994,1.42643359773e+12,1.42643359774e+12,999999,2606,8
-0.19425283,-5.326322e-07,0.2912007,1.42643359778e+12,1.42643359778e+12,888888,2656,1
-0.88031936,1.3853691,11.162737,1.42643359778e+12,1.42643359778e+12,777777,2655,6
-10.199997,-14.699997,-41.399994,1.42643359778e+12,1.42643359778e+12,999999,2655,7
0.4292696,-0.1342148,0.5629923,1.42643359783e+12,1.42643359783e+12,888888,2705,1
-0.9349558,0.81295943,10.726994,1.42643359783e+12,1.42643359784e+12,777777,2705,7
-11.699997,-14.699997,-41.699997,1.42643359783e+12,1.42643359784e+12,999999,2706,10
0.15960911,-0.29302627,0.37113947,1.42643359788e+12,1.42643359788e+12,888888,2756,1
-1.1302996,0.98570025,8.289911,1.42643359788e+12,1.42643359789e+12,777777,2756,9
-12.599991,-14.699997,-40.799988,1.42643359788e+12,1.42643359789e+12,999999,2756,10
-5.326322e-07,-5.326322e-07,0.12919155,1.42643359793e+12,1.42643359793e+12,888888,2807,1
-1.4611115,0.5990543,8.400082,1.42643359793e+12,1.42643359794e+12,777777,2807,6
-13.199997,-14.699997,-40.799988,1.42643359793e+12,1.42643359794e+12,999999,2806,8
-0.15375069,0.069362566,0.19740602,1.42643359798e+12,1.42643359798e+12,888888,2855,2
-1.13973,0.65892977,9.634266,1.42643359798e+12,1.42643359798e+12,777777,2856,4
-13.5,-14.699997,-40.5,1.42643359798e+12,1.42643359798e+12,999999,2855,6
-0.097260505,0.14290603,0.35621724,1.42643359803e+12,1.42643359803e+12,888888,2905,1
-1.0225236,1.0011182,9.861942,1.42643359803e+12,1.42643359803e+12,777777,2905,5
-13.5,-14.099991,-40.799988,1.42643359803e+12,1.42643359803e+12,999999,2905,6
-0.11857752,-0.03509061,0.37327105,1.42643359808e+12,1.42643359808e+12,888888,2955,1
-0.9249266,1.6049625,8.691227,1.42643359808e+12,1.42643359808e+12,777777,2955,5
-13.199997,-13.799988,-41.399994,1.42643359808e+12,1.42643359808e+12,999999,2955,6
-0.16973817,-0.08092228,0.2581591,1.42643359813e+12,1.42643359813e+12,888888,3005,1
-0.79858935,2.0381615,8.626411,1.42643359813e+12,1.42643359813e+12,777777,3005,5
-13.199997,-13.199997,-42,1.42643359813e+12,1.42643359813e+12,999999,3005,6
-0.08233882,0.09814042,0.25496173,1.42643359818e+12,1.42643359818e+12,888888,3055,1
-0.9827064,2.10148,9.131761,1.42643359818e+12,1.42643359818e+12,777777,3056,4
-12.899994,-12.899994,-42.299988,1.42643359818e+12,1.42643359818e+12,999999,3056,5
-5.326322e-07,0.07895527,0.18461566,1.42643359823e+12,1.42643359823e+12,888888,3106,1
-1.2546909,2.1097128,9.0325165,1.42643359823e+12,1.42643359823e+12,777777,3106,4
-13.199997,-12.899994,-42.299988,1.42643359823e+12,1.42643359823e+12,999999,3106,5
0.1244362,0.11625976,0.21019611,1.42643359828e+12,1.42643359828e+12,888888,3155,1
-1.2769945,2.1664448,9.104667,1.42643359828e+12,1.42643359828e+12,777777,3155,5
-13.199997,-11.699997,-42.59999,1.42643359828e+12,1.42643359828e+12,999999,3155,6
0.078604534,-0.12142444,0.18035246,1.42643359833e+12,1.42643359833e+12,888888,3205,1
-1.1529025,2.3763084,9.695039,1.42643359833e+12,1.42643359833e+12,777777,3205,5
-13.5,-11.699997,-42,1.42643359833e+12,1.42643359833e+12,999999,3205,6
0.16813602,0.25375476,0.18035246,1.42643359838e+12,1.42643359838e+12,888888,3256,1
-1.3445041,2.1031265,10.491832,1.42643359838e+12,1.42643359838e+12,777777,3256,5
-13.5,-11.099991,-41.699997,1.42643359838e+12,1.42643359838e+12,999999,3256,6
-0.27738926,-0.49766943,-0.047739826,1.42643359843e+12,1.42643359843e+12,888888,3306,1
-1.4347664,1.9145187,11.248658,1.42643359843e+12,1.42643359844e+12,777777,3305,15
-13.799988,-10.799988,-41.09999,1.42643359843e+12,1.42643359844e+12,999999,3306,16
0.49748382,0.09281143,0.21339351,1.42643359848e+12,1.42643359848e+12,888888,3356,1
-0.7631131,0.84619033,13.058844,1.42643359848e+12,1.42643359849e+12,777777,3356,8
-14.399994,-12,-40.199997,1.42643359848e+12,1.42643359849e+12,999999,3356,10
0.39409643,0.2089889,0.25602752,1.42643359853e+12,1.42643359853e+12,888888,3405,1
-0.23575974,0.66401917,9.746681,1.42643359853e+12,1.42643359854e+12,777777,3405,13
-14.099991,-12.599991,-40.199997,1.42643359853e+12,1.42643359854e+12,999999,3406,14
-0.19958209,-0.09477817,-5.326322e-07,1.42643359858e+12,1.42643359858e+12,888888,3456,1
-0.5240602,1.1178753,8.449779,1.42643359858e+12,1.42643359859e+12,777777,3455,8
-14.399994,-12.599991,-39.899994,1.42643359858e+12,1.42643359859e+12,999999,3456,9
0.12763385,0.25375476,0.3391637,1.42643359863e+12,1.42643359863e+12,888888,3505,1
-0.7283853,1.0508149,9.946666,1.42643359863e+12,1.42643359863e+12,777777,3504,6
-14.099991,-12.899994,-40.5,1.42643359863e+12,1.42643359864e+12,999999,3505,7
0.077538736,0.3411544,0.6184166,1.42643359867e+12,1.42643359867e+12,888888,3548,1
-0.96863574,1.4440471,8.907826,1.42643359867e+12,1.42643359868e+12,777777,3547,6
-13.799988,-12.899994,-40.5,1.42643359867e+12,1.42643359868e+12,999999,3548,8
-0.11111667,0.19513275,0.4755929,1.42643359872e+12,1.42643359872e+12,888888,3596,2
-1.5037729,1.9182609,7.9198804,1.42643359872e+12,1.42643359873e+12,777777,3597,6
-14.099991,-12,-40.799988,1.42643359872e+12,1.42643359873e+12,999999,3596,8
-0.2528746,0.19726487,0.6503919,1.42643359878e+12,1.42643359878e+12,888888,3656,1
-1.477727,1.8061441,8.817265,1.42643359878e+12,1.42643359879e+12,777777,3657,12
-14.099991,-12,-41.09999,1.42643359878e+12,1.4264335988e+12,999999,3657,16
-0.0887336,0.27507153,0.80707204,1.42643359883e+12,1.42643359884e+12,888888,3707,14
-0.91489744,1.8941611,10.125244,1.42643359883e+12,1.42643359887e+12,777777,3708,40
-13.799988,-11.399994,-40.799988,1.42643359883e+12,1.42643359887e+12,999999,3707,42
0.06794629,0.22817431,0.7026186,1.42643359888e+12,1.42643359891e+12,888888,3755,33
-0.5324428,2.3507116,10.031389,1.42643359888e+12,1.42643359892e+12,777777,3754,46
-13.5,-10.5,-41.09999,1.42643359888e+12,1.42643359893e+12,999999,3755,48
0.18945329,0.18980376,0.46919757,1.42643359893e+12,1.42643359897e+12,888888,3805,39
0.17543519,2.8719277,9.253457,1.42643359893e+12,1.42643359898e+12,777777,3805,53
-12.899994,-10.5,-41.399994,1.42643359893e+12,1.42643359898e+12,999999,3805,54
0.09352676,0.09707462,0.24003977,1.42643359898e+12,1.42643359901e+12,888888,3857,30
0.5533992,2.7973828,9.074879,1.42643359898e+12,1.42643359902e+12,777777,3856,41
-12.299988,-10.799988,-40.799988,1.42643359898e+12,1.42643359902e+12,999999,3856,42
0.13935816,-0.2908947,-0.024290958,1.42643359903e+12,1.42643359906e+12,888888,3905,31
0.69320846,1.9537371,10.170899,1.42643359903e+12,1.42643359907e+12,777777,3905,39
-12,-10.799988,-41.09999,1.42643359903e+12,1.42643359907e+12,999999,3905,41
-0.097260505,-0.2940921,-0.39307538,1.42643359908e+12,1.4264335991e+12,888888,3954,26
0.8533754,1.8137783,11.0387945,1.42643359908e+12,1.42643359911e+12,777777,3955,30
-12.599991,-10.799988,-40.799988,1.42643359908e+12,1.42643359911e+12,999999,3955,32
-0.20171368,-0.20029742,-0.52097714,1.42643359913e+12,1.42643359914e+12,888888,4005,12
0.14400055,1.8958076,11.59399,1.42643359913e+12,1.42643359915e+12,777777,4004,24
-12.899994,-10.799988,-40.5,1.42643359913e+12,1.42643359915e+12,999999,4005,25
0.2917746,-5.326322e-07,-0.1319418,1.42643359918e+12,1.42643359918e+12,888888,4055,6
-0.3252736,1.5928377,11.298655,1.42643359918e+12,1.42643359919e+12,777777,4055,10
-12.599991,-10.199997,-39.899994,1.42643359918e+12,1.42643359919e+12,999999,4054,12
0.19691414,-0.12568815,-0.28542402,1.42643359923e+12,1.42643359923e+12,888888,4106,2
-1.088237,1.5155983,9.053923,1.42643359923e+12,1.42643359924e+12,777777,4106,6
-13.5,-10.799988,-39.299988,1.42643359923e+12,1.42643359924e+12,999999,4106,7
0.050892476,-0.04894677,-0.4037336,1.42643359928e+12,1.42643359928e+12,888888,4156,5
-1.9064355,0.72643936,8.8073845,1.42643359928e+12,1.4264335993e+12,777777,4156,25
-12.899994,-11.399994,-39,1.42643359928e+12,1.42643359931e+12,999999,4156,27
-5.326322e-07,0.035255194,-0.2630415,1.42643359933e+12,1.42643359933e+12,888888,4205,3
-1.407074,0.49966094,9.598789,1.42643359933e+12,1.42643359934e+12,777777,4205,7
-12.899994,-11.699997,-39,1.42643359933e+12,1.42643359934e+12,999999,4205,8
0.035970785,-0.19923161,-0.058398064,1.42643359938e+12,1.42643359938e+12,888888,4256,1
-1.2458593,0.8587642,9.275461,1.42643359938e+12,1.42643359939e+12,777777,4256,9
-13.5,-12.599991,-39.59999,1.42643359938e+12,1.42643359939e+12,999999,4256,10
-0.097260505,-0.13741219,-0.11915169,1.42643359942e+12,1.42643359942e+12,888888,4296,1
-0.70772827,1.6913328,8.528964,1.42643359942e+12,1.42643359942e+12,777777,4296,6
-13.5,-12.599991,-39.299988,1.42643359942e+12,1.42643359943e+12,999999,4296,8
-0.07274611,-0.15979499,-0.32379484,1.42643359947e+12,1.42643359947e+12,888888,4349,1
-0.38724473,2.2161415,8.508756,1.42643359947e+12,1.42643359948e+12,777777,4349,4
-13.5,-12.299988,-39,1.42643359947e+12,1.42643359948e+12,999999,4349,5
-0.18998964,-5.326322e-07,-0.46022353,1.42643359952e+12,1.42643359952e+12,888888,4399,1
-0.45280838,2.2758672,8.81906,1.42643359952e+12,1.42643359953e+12,777777,4399,7
-13.799988,-12.599991,-39.299988,1.42643359952e+12,1.42643359953e+12,999999,4400,7
-0.065285,0.12158928,-0.4932651,1.42643359957e+12,1.42643359958e+12,888888,4448,10
-0.6797365,2.3692732,9.00707,1.42643359957e+12,1.42643359959e+12,777777,4448,16
-13.199997,-12.299988,-39.59999,1.42643359957e+12,1.42643359959e+12,999999,4448,17
0.032773126,-0.052144162,-0.5572161,1.42643359963e+12,1.42643359963e+12,888888,4506,1
-0.84229845,2.5084836,9.095835,1.42643359963e+12,1.42643359964e+12,777777,4505,13
-12.599991,-12.299988,-40.5,1.42643359963e+12,1.42643359964e+12,999999,4506,14
0.103119195,-0.18217807,-0.63822067,1.42643359968e+12,1.42643359968e+12,888888,4557,1
-0.6610254,2.398163,10.107282,1.42643359968e+12,1.42643359969e+12,777777,4556,11
-12.599991,-12.899994,-40.199997,1.42643359968e+12,1.42643359969e+12,999999,4556,13
0.26725993,0.43281746,-0.5412281,1.42643359973e+12,1.42643359973e+12,888888,4605,1
-0.6918613,2.1213884,10.634635,1.42643359973e+12,1.42643359973e+12,777777,4605,6
-12.299988,-13.799988,-39.299988,1.42643359973e+12,1.42643359974e+12,999999,4605,7
-0.08233882,-0.5840035,-0.96330476,1.42643359978e+12,1.42643359978e+12,888888,4655,1
-1.1332933,1.9511925,11.223062,1.42643359978e+12,1.42643359978e+12,777777,4655,6
-11.699997,-14.099991,-38.399994,1.42643359978e+12,1.42643359978e+12,999999,4655,7
0.3908988,0.22604272,-0.4836724,1.42643359982e+12,1.42643359982e+12,888888,4697,1
-0.560734,0.81670165,12.147539,1.42643359982e+12,1.42643359983e+12,777777,4698,7
-11.699997,-15,-38.09999,1.42643359982e+12,1.42643359983e+12,999999,4698,9
0.20224339,-0.26744583,-0.5774671,1.42643359987e+12,1.42643359987e+12,888888,4746,1
-0.18860778,0.81415695,9.680819,1.42643359987e+12,1.42643359988e+12,777777,4745,7
-10.799988,-16.199997,-38.399994,1.42643359987e+12,1.42643359988e+12,999999,4746,8
-0.018387796,-0.71830064,-0.7437399,1.42643359992e+12,1.42643359992e+12,888888,4801,1
-0.22917344,1.1225157,9.013656,1.42643359992e+12,1.42643359993e+12,777777,4801,6
-11.099991,-16.799988,-39,1.42643359992e+12,1.42643359993e+12,999999,4801,7
0.040234238,0.14823554,-0.4964625,1.42643359998e+12,1.42643359998e+12,888888,4856,1
0.1300795,1.4444962,9.667197,1.42643359998e+12,1.42643359998e+12,777777,4855,6
-10.799988,-18.299988,-39,1.42643359998e+12,1.42643359999e+12,999999,4856,7
0.07647294,-0.24612881,-0.4090626,1.42643360003e+12,1.42643360003e+12,888888,4907,1
0.10298584,1.9444565,8.881481,1.42643360003e+12,1.42643360004e+12,777777,4907,7
-10.799988,-18.59999,-39,1.42643360003e+12,1.42643360004e+12,999999,4907,9
0.07434134,-0.4145333,-0.42398483,1.42643360008e+12,1.42643360008e+12,888888,4956,1
0.042511597,1.7559984,8.39589,1.42643360008e+12,1.42643360008e+12,777777,4956,5
-11.099991,-18.299988,-38.09999,1.42643360008e+12,1.42643360009e+12,999999,4956,8
-0.17719929,-0.22587787,-0.34724346,1.42643360013e+12,1.42643360013e+12,888888,5005,1
0.28351045,1.6363971,8.7174225,1.42643360013e+12,1.42643360013e+12,777777,5005,5
-11.099991,-18.59999,-38.09999,1.42643360013e+12,1.42643360013e+12,999999,5005,6
-0.15481648,-0.093712375,-0.28009504,1.42643360017e+12,1.42643360018e+12,888888,5047,8
0.40580612,2.225123,9.25256,1.42643360017e+12,1.42643360018e+12,777777,5047,13
-11.699997,-18,-38.399994,1.42643360017e+12,1.42643360018e+12,999999,5047,14
-0.084470406,0.059769858,-0.1617857,1.42643360023e+12,1.42643360023e+12,888888,5105,1
0.27093658,2.7527757,9.271121,1.42643360023e+12,1.42643360023e+12,777777,5105,6
-11.399994,-18.299988,-38.399994,1.42643360023e+12,1.42643360024e+12,999999,5105,8
-0.023716781,0.038453117,-0.1649831,1.42643360028e+12,1.42643360028e+12,888888,5155,1
-0.19728974,2.8660898,9.117241,1.42643360028e+12,1.42643360028e+12,777777,5155,7
-11.399994,-18.899994,-38.399994,1.42643360028e+12,1.42643360029e+12,999999,5156,8
-0.023716781,0.09281143,-0.08397853,1.42643360033e+12,1.42643360033e+12,888888,5206,2
-0.09295669,2.5027955,10.048454,1.42643360033e+12,1.42643360034e+12,777777,5206,6
-11.099991,-18.899994,-37.799988,1.42643360033e+12,1.42643360034e+12,999999,5207,9
0.14467943,0.021378526,0.13771525,1.42643360038e+12,1.42643360038e+12,888888,5257,1
0.3676355,2.4544458,11.250455,1.42643360038e+12,1.42643360038e+12,777777,5257,5
-10.799988,-19.199997,-37.799988,1.42643360038e+12,1.42643360039e+12,999999,5257,6
-0.08554819,-0.2770529,-0.12662318,1.42643360043e+12,1.42643360043e+12,888888,5305,1
0.101189576,2.7701395,11.15181,1.42643360043e+12,1.42643360043e+12,777777,5305,5
-10.799988,-18.899994,-37.5,1.42643360043e+12,1.42643360044e+12,999999,5306,7
0.28643364,0.1727361,-0.0285648,1.42643360048e+12,1.42643360048e+12,888888,5357,1
-0.010927277,1.95718,11.558663,1.42643360048e+12,1.42643360048e+12,777777,5357,5
-10.199997,-19.199997,-36.899994,1.42643360048e+12,1.42643360049e+12,999999,5357,6
0.21928495,0.081073016,-5.326322e-07,1.42643360053e+12,1.42643360053e+12,888888,5405,1
-0.13412109,1.4184504,9.831855,1.42643360053e+12,1.42643360053e+12,777777,5405,5
-9.899994,-19.5,-36.899994,1.42643360053e+12,1.42643360053e+12,999999,5405,6
0.14147776,-0.052158277,-0.17138879,1.42643360058e+12,1.42643360058e+12,888888,5457,1
-0.82044387,0.93540484,8.820258,1.42643360058e+12,1.42643360058e+12,777777,5457,5
-9.899994,-19.799988,-36,1.42643360058e+12,1.42643360059e+12,999999,5456,7
-5.326322e-07,0.22069909,-0.26411766,1.42643360063e+12,1.42643360063e+12,888888,5507,1
-0.927621,0.72958285,9.535022,1.42643360063e+12,1.42643360064e+12,777777,5506,9
-9.599991,-21,-36,1.42643360063e+12,1.42643360064e+12,999999,5506,12
0.029552566,-0.06493239,-5.326322e-07,1.42643360068e+12,1.42643360068e+12,888888,5555,1
-0.6966513,1.0172845,9.405691,1.42643360068e+12,1.42643360068e+12,777777,5555,6
-9.899994,-21.59999,-36.899994,1.42643360068e+12,1.42643360068e+12,999999,5555,7
-0.024803085,-0.0670014,0.018308433,1.42643360073e+12,1.42643360073e+12,888888,5605,1
-0.5917195,1.6302599,8.413105,1.42643360073e+12,1.42643360073e+12,777777,5605,6
-10.5,-21,-36.899994,1.42643360073e+12,1.42643360074e+12,999999,5605,7
-0.13030714,-0.20766984,-0.050972905,1.42643360078e+12,1.42643360078e+12,888888,5655,1
-0.57031405,2.0435505,8.248298,1.42643360078e+12,1.42643360078e+12,777777,5655,7
-10.799988,-21.299988,-37.199997,1.42643360078e+12,1.42643360079e+12,999999,5655,10
-0.18359965,-0.03606799,-0.10639701,1.42643360083e+12,1.42643360083e+12,888888,5706,3
-0.60833496,2.2185366,8.669821,1.42643360083e+12,1.42643360084e+12,777777,5706,10
-11.099991,-21,-37.5,1.42643360083e+12,1.42643360084e+12,999999,5706,12
-0.0993977,0.04173919,-0.10746308,1.42643360088e+12,1.42643360088e+12,888888,5755,1
-0.8360115,2.4272027,9.1114025,1.42643360088e+12,1.42643360088e+12,777777,5755,5
-11.099991,-20.399994,-36.899994,1.42643360088e+12,1.42643360088e+12,999999,5755,6
-0.06315873,0.121677965,-0.032853555,1.42643360093e+12,1.42643360093e+12,888888,5805,1
-0.9315129,2.756518,9.071586,1.42643360093e+12,1.42643360093e+12,777777,5805,6
-10.799988,-20.399994,-36.59999,1.42643360093e+12,1.42643360094e+12,999999,5805,7
-0.045028728,-0.18102571,-0.110643156,1.42643360098e+12,1.42643360098e+12,888888,5856,1
-1.11563,3.0759535,9.365274,1.42643360098e+12,1.42643360098e+12,777777,5855,5
-9.899994,-19.799988,-36.59999,1.42643360098e+12,1.42643360098e+12,999999,5855,6
-0.039699476,0.15791453,-0.09039195,1.42643360102e+12,1.42643360102e+12,888888,5897,1
-1.0063573,2.6497898,10.360704,1.42643360102e+12,1.42643360103e+12,777777,5897,8
-9,-19.5,-36.899994,1.42643360102e+12,1.42643360103e+12,999999,5897,9
-0.29656935,0.21547078,-0.07760158,1.42643360108e+12,1.42643360108e+12,888888,5955,1
-1.1020083,2.3834934,10.872191,1.42643360108e+12,1.42643360108e+12,777777,5956,6
-8.399994,-19.199997,-37.799988,1.42643360108e+12,1.42643360109e+12,999999,5955,8
0.19798526,-0.5146367,-0.20230623,1.42643360113e+12,1.42643360113e+12,888888,6006,1
-1.0006691,1.5314653,12.838202,1.42643360113e+12,1.42643360113e+12,777777,6005,6
-8.399994,-20.09999,-37.799988,1.42643360113e+12,1.42643360114e+12,999999,6006,7
0.48150113,0.28475052,-0.14901371,1.42643360118e+12,1.42643360118e+12,888888,6057,1
0.006586304,0.803529,11.260633,1.42643360118e+12,1.42643360119e+12,777777,6056,9
-8.399994,-20.699997,-37.799988,1.42643360118e+12,1.42643360119e+12,999999,6057,10
-5.326322e-07,-0.48585886,-0.49221742,1.42643360123e+12,1.42643360123e+12,888888,6105,1
0.002694397,1.0192305,8.335117,1.42643360123e+12,1.42643360123e+12,777777,6104,7
-9,-20.699997,-36.899994,1.42643360123e+12,1.42643360124e+12,999999,6105,9
0.088202566,-0.44322485,-0.4581103,1.42643360128e+12,1.42643360128e+12,888888,6155,1
0.13412109,0.780477,9.762698,1.42643360128e+12,1.42643360128e+12,777777,6155,5
-9.299988,-20.699997,-36.299988,1.42643360128e+12,1.42643360128e+12,999999,6155,6
0.13296817,-0.04779442,-0.19484513,1.42643360133e+12,1.42643360133e+12,888888,6205,1
0.41568556,1.027613,10.100396,1.42643360133e+12,1.42643360133e+12,777777,6205,5
-9.299988,-21,-36,1.42643360133e+12,1.42643360133e+12,999999,6205,6
0.11165117,-5.326322e-07,-0.24387445,1.42643360138e+12,1.42643360138e+12,888888,6255,1
0.19594254,1.8371297,8.765922,1.42643360138e+12,1.42643360138e+12,777777,6256,5
-9.299988,-21,-36,1.42643360138e+12,1.42643360138e+12,999999,6255,7
-0.02371172,-0.16610375,-0.24494025,1.42643360143e+12,1.42643360143e+12,888888,6305,1
-0.36583924,1.8634748,8.223748,1.42643360143e+12,1.42643360143e+12,777777,6305,6
-9,-21.59999,-36.59999,1.42643360143e+12,1.42643360144e+12,999999,6305,7
-0.22302537,-0.095757686,-0.0839969,1.42643360148e+12,1.42643360148e+12,888888,6357,1
-0.5480104,1.547033,8.529563,1.42643360148e+12,1.42643360149e+12,777777,6357,7
-9.299988,-22.5,-36.59999,1.42643360148e+12,1.42643360149e+12,999999,6357,8
-0.19744544,0.035341747,0.063090555,1.42643360153e+12,1.42643360153e+12,888888,6407,4
-0.22992188,1.943259,9.046886,1.42643360153e+12,1.42643360154e+12,777777,6406,12
-9,-22.199997,-36.59999,1.42643360153e+12,1.42643360154e+12,999999,6407,13
-0.11217714,0.06305407,0.124909714,1.42643360158e+12,1.42643360158e+12,888888,6454,3
-0.18920654,2.5917106,9.128018,1.42643360158e+12,1.42643360159e+12,777777,6455,9
-9.299988,-21.899994,-36.899994,1.42643360158e+12,1.42643360159e+12,999999,6455,10
-0.086596675,0.14299257,0.09719766,1.42643360163e+12,1.42643360163e+12,888888,6505,1
-0.26270372,3.0217662,9.249865,1.42643360163e+12,1.42643360164e+12,777777,6506,7
-9.599991,-21,-37.199997,1.42643360163e+12,1.42643360164e+12,999999,6505,9
-0.037567884,0.122741364,0.13130476,1.42643360168e+12,1.42643360168e+12,888888,6556,1
-0.11121872,2.6099725,10.99748,1.42643360168e+12,1.42643360168e+12,777777,6556,6
-9.299988,-20.399994,-37.199997,1.42643360168e+12,1.42643360169e+12,999999,6556,9
0.106321916,-5.326322e-07,0.16647793,1.42643360173e+12,1.42643360173e+12,888888,6606,1
0.21106109,2.4831862,11.834391,1.42643360173e+12,1.42643360173e+12,777777,6605,6
-10.199997,-20.399994,-38.09999,1.42643360173e+12,1.42643360174e+12,999999,6605,7
0.026383137,-0.06271665,0.03751009,1.42643360178e+12,1.42643360178e+12,888888,6655,1
-0.015417938,2.525548,11.244766,1.42643360178e+12,1.42643360178e+12,777777,6655,5
-10.199997,-20.399994,-38.09999,1.42643360178e+12,1.42643360178e+12,999999,6655,6
0.24487446,0.6279601,0.24747159,1.42643360183e+12,1.42643360183e+12,888888,6706,1
-0.07229965,1.8067429,10.754985,1.42643360183e+12,1.42643360184e+12,777777,6706,6
-9.899994,-20.699997,-38.399994,1.42643360183e+12,1.42643360184e+12,999999,6706,8
0.27365232,-0.37713665,0.2421426,1.42643360188e+12,1.42643360188e+12,888888,6754,2
-1.0804532,1.1250604,8.73748,1.42643360188e+12,1.42643360188e+12,777777,6755,7
-9.599991,-21.59999,-38.09999,1.42643360188e+12,1.42643360189e+12,999999,6755,10
-0.051431768,-0.16503236,0.09718674,1.42643360193e+12,1.42643360193e+12,888888,6805,1
-1.3994398,0.3026706,8.915011,1.42643360193e+12,1.42643360194e+12,777777,6805,7
-8.699997,-21.299988,-36.899994,1.42643360193e+12,1.42643360194e+12,999999,6805,9
-0.03544401,0.04600611,0.15367691,1.42643360199e+12,1.42643360199e+12,888888,6863,1
-0.7861652,0.1803749,9.813743,1.42643360199e+12,1.42643360199e+12,777777,6863,8
-8.099991,-21.59999,-36.59999,1.42643360199e+12,1.426433602e+12,999999,6863,9
-0.07061718,-5.326322e-07,0.28584215,1.42643360203e+12,1.42643360203e+12,888888,6905,1
-0.66057634,0.88196594,9.272617,1.42643360203e+12,1.42643360203e+12,777777,6905,5
-8.399994,-21.299988,-35.699997,1.42643360203e+12,1.42643360204e+12,999999,6905,7
-0.03224662,-0.30998796,0.33593726,1.42643360208e+12,1.42643360208e+12,888888,6956,1
-0.53813094,1.5410454,8.844209,1.42643360208e+12,1.42643360208e+12,777777,6957,4
-9,-21,-35.699997,1.42643360208e+12,1.42643360208e+12,999999,6957,5
-0.10685588,-0.10747666,0.18778402,1.42643360213e+12,1.42643360213e+12,888888,7005,1
-0.2616559,1.88503,8.585247,1.42643360213e+12,1.42643360213e+12,777777,7005,5
-9.599991,-20.699997,-36,1.42643360213e+12,1.42643360213e+12,999999,7005,6
-0.025851306,-0.027537884,0.059881978,1.42643360218e+12,1.42643360218e+12,888888,7056,1
-0.3528163,1.9660116,8.996891,1.42643360218e+12,1.42643360218e+12,777777,7056,6
-10.199997,-20.09999,-36.899994,1.42643360218e+12,1.42643360219e+12,999999,7056,8
0.017847707,0.045972817,0.022540197,1.42643360223e+12,1.42643360223e+12,888888,7106,2
-0.43020537,2.064956,8.98746,1.42643360223e+12,1.42643360224e+12,777777,7107,7
-11.399994,-20.399994,-36.899994,1.42643360223e+12,1.42643360224e+12,999999,7107,10
0.1350718,-5.326322e-07,0.031059382,1.42643360228e+12,1.42643360228e+12,888888,7155,2
-0.37736526,2.3589447,8.922646,1.42643360228e+12,1.42643360228e+12,777777,7155,6
-11.399994,-19.5,-36.59999,1.42643360228e+12,1.42643360228e+12,999999,7155,7
0.053001165,-0.240766,-0.07019613,1.42643360233e+12,1.42643360233e+12,888888,7205,1
-0.29488677,2.6188042,9.26154,1.42643360233e+12,1.42643360233e+12,777777,7205,5
-12,-20.09999,-36.299988,1.42643360233e+12,1.42643360233e+12,999999,7205,6
0.057264622,-0.24609552,-0.1501349,1.42643360237e+12,1.42643360238e+12,888888,7247,9
-0.014220429,2.4815397,10.22853,1.42643360237e+12,1.42643360238e+12,777777,7247,13
-12.299988,-21,-35.699997,1.42643360237e+12,1.42643360238e+12,999999,7247,14
0.041276865,0.204759,-0.15120071,1.42643360243e+12,1.42643360243e+12,888888,7306,1
-0.067060545,2.6532326,10.242002,1.42643360243e+12,1.42643360244e+12,777777,7306,6
-11.699997,-20.699997,-35.699997,1.42643360243e+12,1.42643360244e+12,999999,7306,8
-0.02054256,-0.6884234,-0.2801688,1.42643360248e+12,1.42643360248e+12,888888,7356,2
-0.20237915,2.7753785,11.583363,1.42643360248e+12,1.42643360249e+12,777777,7356,7
-12.299988,-21.299988,-35.399994,1.42643360248e+12,1.42643360249e+12,999999,7357,10
0.45376083,0.23673451,-0.20236163,1.42643360253e+12,1.42643360253e+12,888888,7405,1
0.60264677,1.8670675,12.090807,1.42643360253e+12,1.42643360253e+12,777777,7405,4
-12,-21.299988,-34.799988,1.42643360253e+12,1.42643360253e+12,999999,7405,5
0.3152003,-5.326322e-07,-0.32493442,1.42643360258e+12,1.42643360258e+12,888888,7457,1
0.3143463,1.2855268,9.120983,1.42643360258e+12,1.42643360259e+12,777777,7456,7
-12.599991,-21,-34.799988,1.42643360258e+12,1.42643360259e+12,999999,7457,9
-5.326322e-07,-0.35054895,-0.4762853,1.42643360263e+12,1.42643360263e+12,888888,7505,1
0.11870316,1.0463241,9.041348,1.42643360263e+12,1.42643360263e+12,777777,7505,6
-13.199997,-21.59999,-34.199997,1.42643360263e+12,1.42643360264e+12,999999,7505,7
0.12228144,-0.124588266,-0.38142434,1.42643360268e+12,1.42643360268e+12,888888,7555,1
0.36703673,1.0476713,10.283016,1.42643360268e+12,1.42643360268e+12,777777,7555,6
-12.899994,-22.5,-33.899994,1.42643360268e+12,1.42643360268e+12,999999,7555,7
0.01995986,0.30921245,-0.20662534,1.42643360273e+12,1.42643360273e+12,888888,7606,1
0.47151947,1.679208,9.592203,1.42643360273e+12,1.42643360274e+12,777777,7606,7
-12.299988,-23.399994,-33.59999,1.42643360273e+12,1.42643360274e+12,999999,7605,11
0.114820324,-5.326322e-07,-0.09684239,1.42643360278e+12,1.42643360278e+12,888888,7656,1
0.22483246,2.2110522,8.761281,1.42643360278e+12,1.42643360279e+12,777777,7657,7
-12,-24.299988,-33.299988,1.42643360278e+12,1.42643360279e+12,999999,7656,9
-0.0535836,-0.10860105,-0.0947108,1.42643360283e+12,1.42643360283e+12,888888,7705,1
-0.0968486,2.2170396,8.500672,1.42643360283e+12,1.42643360284e+12,777777,7705,7
-11.399994,-24.59999,-33.299988,1.42643360283e+12,1.42643360284e+12,999999,7705,10
-0.12712759,-0.025464347,-0.040352482,1.42643360288e+12,1.42643360288e+12,888888,7755,1
-0.0014968872,2.0005898,8.911569,1.42643360288e+12,1.42643360289e+12,777777,7756,7
-10.5,-24.299988,-33.299988,1.42643360288e+12,1.42643360289e+12,999999,7755,9
-0.15164173,0.13014948,0.0481132,1.42643360293e+12,1.42643360293e+12,888888,7805,1
0.19714004,2.1871018,9.111253,1.42643360293e+12,1.42643360294e+12,777777,7805,10
-10.799988,-24,-33.59999,1.42643360293e+12,1.42643360294e+12,999999,7805,11
-0.10154713,0.204759,0.18241028,1.42643360298e+12,1.42643360298e+12,888888,7857,1
0.19803818,2.6560767,8.943452,1.42643360298e+12,1.42643360299e+12,777777,7857,9
-10.799988,-23.399994,-33.899994,1.42643360298e+12,1.42643360299e+12,999999,7857,11
-0.06424237,0.13334687,0.2175832,1.42643360303e+12,1.42643360303e+12,888888,7905,1
-0.057779845,3.0326934,8.915461,1.42643360303e+12,1.42643360304e+12,777777,7905,7
-10.5,-23.09999,-33.899994,1.42643360303e+12,1.42643360304e+12,999999,7905,10
-0.03866191,0.135479,0.17175178,1.42643360308e+12,1.42643360308e+12,888888,7956,1
-0.07185058,3.11607,9.823322,1.42643360308e+12,1.42643360308e+12,777777,7956,6
-10.799988,-22.799988,-34.5,1.42643360308e+12,1.42643360309e+12,999999,7956,7
0.094569385,0.16532265,0.25808534,1.42643360313e+12,1.42643360313e+12,888888,8006,1
0.050744478,2.833907,10.777139,1.42643360313e+12,1.42643360313e+12,777777,8006,5
-11.099991,-22.799988,-34.5,1.42643360313e+12,1.42643360314e+12,999999,8006,6
-0.06317657,-0.1736176,0.30498308,1.42643360318e+12,1.42643360318e+12,888888,8055,1
0.16735199,3.2724948,10.578352,1.42643360318e+12,1.42643360318e+12,777777,8055,5
-10.5,-22.799988,-34.799988,1.42643360318e+12,1.42643360318e+12,999999,8055,6
0.28855404,0.33052918,0.22930749,1.42643360323e+12,1.42643360323e+12,888888,8105,1
-0.13157639,2.429897,12.115655,1.42643360323e+12,1.42643360323e+12,777777,8105,5
-10.5,-22.799988,-34.199997,1.42643360323e+12,1.42643360323e+12,999999,8105,6
0.5038557,0.47868243,0.2857974,1.42643360328e+12,1.42643360328e+12,888888,8156,1
-0.32317793,1.4103671,10.133926,1.42643360328e+12,1.42643360328e+12,777777,8155,5
-10.5,-23.399994,-33.59999,1.42643360328e+12,1.42643360328e+12,999999,8155,6
-0.09302022,-0.20985655,0.0950104,1.42643360333e+12,1.42643360333e+12,888888,8206,1
-1.0837463,0.753533,8.68479,1.42643360333e+12,1.42643360333e+12,777777,8205,5
-10.199997,-22.799988,-33.59999,1.42643360333e+12,1.42643360334e+12,999999,8206,6
-0.06743976,0.11203013,0.07156154,1.42643360338e+12,1.42643360338e+12,888888,8255,1
-0.7557784,0.17154327,10.804981,1.42643360338e+12,1.42643360338e+12,777777,8255,5
-10.199997,-23.09999,-33.899994,1.42643360338e+12,1.42643360338e+12,999999,8255,6
-5.326322e-07,0.23033947,0.25275636,1.42643360343e+12,1.42643360343e+12,888888,8305,1
-0.41448808,0.7220984,10.138417,1.42643360343e+12,1.42643360343e+12,777777,8305,5
-10.199997,-22.5,-34.5,1.42643360343e+12,1.42643360344e+12,999999,8305,7
-0.17402479,0.10989854,0.25275636,1.42643360348e+12,1.42643360348e+12,888888,8357,1
-0.6066884,1.5061679,8.72326,1.42643360348e+12,1.42643360349e+12,777777,8356,7
-9.899994,-21.899994,-35.09999,1.42643360348e+12,1.42643360349e+12,999999,8356,9
-0.068505555,-0.031859662,0.14084181,1.42643360353e+12,1.42643360353e+12,888888,8406,2
-0.8545729,1.651815,9.048833,1.42643360353e+12,1.42643360354e+12,777777,8407,7
-9.899994,-21.59999,-34.799988,1.42643360353e+12,1.42643360355e+12,999999,8407,17
0.042342663,-0.02120116,0.09181301,1.42643360358e+12,1.42643360358e+12,888888,8456,1
-0.7776329,1.3317806,9.328751,1.42643360358e+12,1.42643360358e+12,777777,8456,6
-10.799988,-20.699997,-35.09999,1.42643360358e+12,1.42643360359e+12,999999,8456,10
0.3141345,-0.1256546,0.31351,1.42643360363e+12,1.42643360363e+12,888888,8505,1
-0.4219725,1.0788066,9.227262,1.42643360363e+12,1.42643360364e+12,777777,8505,7
-10.799988,-20.699997,-35.399994,1.42643360363e+12,1.42643360364e+12,999999,8505,8
-0.018410966,-0.26634645,-0.2386006,1.42643360368e+12,1.42643360368e+12,888888,8556,2
-0.20537293,1.5582596,10.586735,1.42643360368e+12,1.42643360369e+12,777777,8556,9
-12,-21.299988,-34.5,1.42643360368e+12,1.42643360369e+12,999999,8556,14
0.106293686,0.5213167,-0.279103,1.42643360373e+12,1.42643360373e+12,888888,8605,1
0.11421249,1.6902851,10.778187,1.42643360373e+12,1.42643360373e+12,777777,8605,5
-12.299988,-21.59999,-34.799988,1.42643360373e+12,1.42643360374e+12,999999,8605,7
