0.17373317,0.15348223,-0.1406924,1.43022746418e+12,1.43022746419e+12,888888,0,11
-0.468376,2.0386107,9.857601,1.43022746418e+12,1.4302274642e+12,777777,0,18
-14.399994,-18.59999,-14.699997,1.43022746418e+12,1.4302274642e+12,999999,0,19
-0.05968783,0.14602113,0.044765607,1.43022746422e+12,1.43022746423e+12,888888,40,14
-0.19848724,2.537673,9.490864,1.43022746422e+12,1.43022746424e+12,777777,40,26
-14.099991,-18.299988,-15.299988,1.43022746422e+12,1.43022746424e+12,999999,40,27
-0.03834446,-0.042645466,-5.326322e-07,1.43022746427e+12,1.43022746428e+12,888888,92,11
0.06301895,3.194058,9.135054,1.43022746427e+12,1.43022746429e+12,777777,92,21
-14.099991,-17.699997,-16.199997,1.43022746427e+12,1.4302274643e+12,999999,92,25
-0.046850596,0.040518664,0.06820888,1.43022746432e+12,1.43022746433e+12,888888,140,11
-0.06915619,3.2382162,8.869057,1.43022746432e+12,1.43022746434e+12,777777,141,18
-13.5,-18,-16.5,1.43022746432e+12,1.43022746434e+12,999999,140,20
-0.02653547,0.0681921,0.03617505,1.43022746437e+12,1.43022746437e+12,888888,190,5
-0.37392244,2.991529,8.357421,1.43022746437e+12,1.43022746438e+12,777777,191,12
-12.899994,-17.699997,-16.199997,1.43022746437e+12,1.43022746438e+12,999999,191,13
0.1621234,0.110817865,0.15980911,1.43022746442e+12,1.43022746442e+12,888888,239,1
-0.5797444,2.3411317,7.7923455,1.43022746442e+12,1.43022746442e+12,777777,240,4
-12.299988,-17.699997,-15.599991,1.43022746442e+12,1.43022746442e+12,999999,240,6
0.20475714,-0.06504744,0.22376066,1.43022746447e+12,1.43022746447e+12,888888,289,1
-0.5824388,1.6332536,7.339687,1.43022746447e+12,1.43022746447e+12,777777,290,4
-12.299988,-18.299988,-15.599991,1.43022746447e+12,1.43022746447e+12,999999,290,6
0.24845695,-5.326322e-07,0.32395038,1.43022746452e+12,1.43022746452e+12,888888,339,1
-0.58079225,1.4447955,7.0537815,1.43022746452e+12,1.43022746452e+12,777777,339,5
-12.299988,-18.59999,-15,1.43022746452e+12,1.43022746452e+12,999999,339,7
-0.08408824,0.35596317,0.1246362,1.43022746457e+12,1.43022746457e+12,888888,390,1
-0.7927515,1.5908917,7.9260178,1.43022746457e+12,1.43022746457e+12,777777,390,4
-12.299988,-18.59999,-15.299988,1.43022746457e+12,1.43022746458e+12,999999,390,10
-5.326322e-07,0.025549835,0.6106639,1.43022746462e+12,1.43022746462e+12,888888,440,1
-0.47870454,1.9065852,10.332414,1.43022746462e+12,1.43022746462e+12,777777,440,7
-12.599991,-18.299988,-15.599991,1.43022746462e+12,1.43022746463e+12,999999,441,10
0.13441133,-0.25690025,0.24081367,1.43022746467e+12,1.43022746467e+12,888888,490,1
-0.07244934,2.6247916,11.985725,1.43022746467e+12,1.43022746468e+12,777777,490,11
-12.899994,-18,-15.599991,1.43022746467e+12,1.43022746468e+12,999999,490,12
-0.13205124,-0.58518225,-5.326322e-07,1.43022746472e+12,1.43022746472e+12,888888,539,1
-0.54082537,2.2129982,12.566967,1.43022746472e+12,1.43022746472e+12,777777,539,7
-13.199997,-17.399994,-15.599991,1.43022746472e+12,1.43022746473e+12,999999,540,8
-5.326322e-07,0.030879086,0.31648928,1.43022746477e+12,1.43022746477e+12,888888,590,1
-0.82747924,1.859134,12.392729,1.43022746477e+12,1.43022746477e+12,777777,590,6
-14.099991,-17.399994,-15.599991,1.43022746477e+12,1.43022746478e+12,999999,590,7
-0.269546,-0.49138704,0.1981802,1.43022746481e+12,1.43022746482e+12,888888,636,1
-0.6261479,2.592459,10.281968,1.43022746481e+12,1.43022746482e+12,777777,636,6
-15,-16.5,-15.599991,1.43022746481e+12,1.43022746482e+12,999999,636,7
-0.11073451,-5.326322e-07,-0.15035276,1.43022746486e+12,1.43022746486e+12,888888,686,1
-0.31015503,3.0217662,9.839639,1.43022746486e+12,1.43022746487e+12,777777,686,5
-15.899994,-15.599991,-15,1.43022746486e+12,1.43022746487e+12,999999,687,6
0.08537642,-0.10341294,-5.326322e-07,1.43022746492e+12,1.43022746492e+12,888888,741,1
-0.7209009,2.2695804,9.028475,1.43022746492e+12,1.43022746492e+12,777777,741,6
-16.199997,-15.599991,-14.399994,1.43022746492e+12,1.43022746493e+12,999999,741,8
0.1631836,-0.13432293,-0.028840171,1.43022746497e+12,1.43022746497e+12,888888,791,1
-0.90217394,1.8994002,8.384963,1.43022746497e+12,1.43022746498e+12,777777,791,8
-16.199997,-15.599991,-14.699997,1.43022746497e+12,1.43022746498e+12,999999,790,10
0.058722436,0.047944356,-0.2441349,1.43022746502e+12,1.43022746502e+12,888888,840,1
-0.51462984,2.1314178,8.671468,1.43022746502e+12,1.43022746503e+12,777777,840,10
-16.5,-16.199997,-14.699997,1.43022746502e+12,1.43022746503e+12,999999,840,12
0.17916363,0.32719705,-0.090652406,1.43022746507e+12,1.43022746507e+12,888888,891,1
-0.53289187,2.1685405,8.910221,1.43022746507e+12,1.43022746508e+12,777777,891,6
-15.899994,-16.799988,-14.699997,1.43022746507e+12,1.43022746508e+12,999999,891,8
0.42963845,0.52544487,-0.10024511,1.43022746512e+12,1.43022746512e+12,888888,940,1
-0.42481658,2.1636007,9.027577,1.43022746512e+12,1.43022746513e+12,777777,941,9
-15.599991,-17.09999,-15.299988,1.43022746512e+12,1.43022746513e+12,999999,941,11
-0.22266184,0.26431182,-0.55323094,1.43022746517e+12,1.43022746517e+12,888888,991,1
-1.2159215,2.5469537,9.659413,1.43022746517e+12,1.43022746518e+12,777777,991,10
-15,-17.09999,-15.299988,1.43022746517e+12,1.43022746518e+12,999999,990,12
-0.30686432,-0.24942768,-0.34006143,1.43022746522e+12,1.43022746522e+12,888888,1042,1
-1.165177,2.502047,12.042907,1.43022746522e+12,1.43022746523e+12,777777,1041,8
-14.099991,-17.399994,-15.299988,1.43022746522e+12,1.43022746523e+12,999999,1042,9
-0.24184752,0.7386149,-0.24306911,1.43022746527e+12,1.43022746527e+12,888888,1090,1
-0.55639297,2.805466,12.388837,1.43022746527e+12,1.43022746528e+12,777777,1090,7
-13.199997,-17.09999,-15.299988,1.43022746527e+12,1.43022746528e+12,999999,1090,9
-0.62768525,-1.166059,-0.079993635,1.43022746532e+12,1.43022746532e+12,888888,1140,1
-0.0889151,3.1972015,11.551029,1.43022746532e+12,1.43022746532e+12,777777,1140,6
-13.199997,-17.09999,-15.299988,1.43022746532e+12,1.43022746532e+12,999999,1139,8
-0.06278455,0.41353086,-0.35498312,1.43022746537e+12,1.43022746537e+12,888888,1190,1
0.78526706,2.663561,11.232791,1.43022746537e+12,1.43022746538e+12,777777,1191,6
-12.599991,-16.5,-15.899994,1.43022746537e+12,1.43022746538e+12,999999,1190,8
-0.32178628,-0.46259773,-0.0458868,1.43022746542e+12,1.43022746542e+12,888888,1240,1
0.21914428,1.7766554,8.2655115,1.43022746542e+12,1.43022746542e+12,777777,1240,7
-12.899994,-15,-17.09999,1.43022746542e+12,1.43022746543e+12,999999,1240,8
-0.20454249,0.18330725,-0.06507195,1.43022746547e+12,1.43022746547e+12,888888,1291,1
-0.027692413,1.3509407,7.450906,1.43022746547e+12,1.43022746548e+12,777777,1290,9
-13.5,-14.699997,-17.699997,1.43022746547e+12,1.43022746548e+12,999999,1291,10
-0.35695893,-0.14710636,0.17474438,1.43022746552e+12,1.43022746552e+12,888888,1340,1
-0.20357665,1.0841954,6.8638268,1.43022746552e+12,1.43022746553e+12,777777,1340,10
-13.799988,-13.5,-17.699997,1.43022746552e+12,1.43022746553e+12,999999,1340,11
-0.17256725,0.075656414,0.27813202,1.43022746557e+12,1.43022746557e+12,888888,1390,1
-0.5164261,1.0365944,7.560927,1.43022746557e+12,1.43022746557e+12,777777,1390,6
-14.699997,-12.899994,-17.09999,1.43022746557e+12,1.43022746558e+12,999999,1390,8
-0.12780137,-0.26221803,0.55525285,1.43022746562e+12,1.43022746562e+12,888888,1437,1
-0.10837463,0.9883946,9.326805,1.43022746562e+12,1.43022746562e+12,777777,1437,8
-14.399994,-13.5,-16.5,1.43022746562e+12,1.43022746562e+12,999999,1437,9
0.2633656,0.15666099,0.095871404,1.43022746567e+12,1.43022746567e+12,888888,1490,1
0.81101346,1.1692185,11.377541,1.43022746567e+12,1.43022746568e+12,777777,1490,7
-14.399994,-12.899994,-17.09999,1.43022746567e+12,1.43022746568e+12,999999,1490,10
0.14931946,0.07672221,0.06283036,1.43022746572e+12,1.43022746572e+12,888888,1540,1
0.20791763,0.6637198,11.178155,1.43022746572e+12,1.43022746573e+12,777777,1540,8
-14.699997,-13.199997,-17.699997,1.43022746572e+12,1.43022746573e+12,999999,1540,9
-0.60636663,-1.0157651,-0.3006288,1.43022746577e+12,1.43022746577e+12,888888,1590,1
-0.71027297,0.62060946,12.544813,1.43022746577e+12,1.43022746577e+12,777777,1589,6
-15,-13.199997,-18,1.43022746577e+12,1.43022746578e+12,999999,1590,7
0.13972807,0.6458951,0.18859655,1.43022746582e+12,1.43022746582e+12,888888,1640,1
-0.41089553,0.73152876,13.672119,1.43022746582e+12,1.43022746582e+12,777777,1641,6
-15,-12.899994,-17.699997,1.43022746582e+12,1.43022746583e+12,999999,1640,8
-0.32285103,-0.20038982,-0.08639295,1.43022746587e+12,1.43022746587e+12,888888,1690,1
-0.41344026,1.9275416,10.566377,1.43022746587e+12,1.43022746588e+12,777777,1690,7
-15.599991,-12.299988,-17.399994,1.43022746587e+12,1.43022746588e+12,999999,1690,9
-0.106483035,-0.17480937,-0.082129754,1.43022746592e+12,1.43022746592e+12,888888,1741,1
-0.8068222,1.7305512,9.4772415,1.43022746592e+12,1.43022746592e+12,777777,1740,6
-16.199997,-11.699997,-17.699997,1.43022746592e+12,1.43022746593e+12,999999,1741,7
0.07790865,-0.07888283,0.47850746,1.43022746597e+12,1.43022746597e+12,888888,1790,1
-1.1115885,0.9630972,9.241183,1.43022746597e+12,1.430227466e+12,777777,1789,33
-15.899994,-11.399994,-17.699997,1.43022746597e+12,1.430227466e+12,999999,1790,34
0.25377423,0.04582155,-0.066142,1.43022746602e+12,1.43022746608e+12,888888,1839,61
-0.6030958,1.366658,8.4222355,1.43022746602e+12,1.43022746608e+12,777777,1839,66
-16.799988,-11.399994,-17.699997,1.43022746602e+12,1.43022746609e+12,999999,1839,70
0.112016015,-0.05330237,-0.23987518,1.43022746607e+12,1.43022746609e+12,888888,1890,21
-0.5706134,1.3528867,8.808433,1.43022746607e+12,1.4302274661e+12,777777,1890,27
-16.799988,-11.699997,-17.399994,1.43022746607e+12,1.4302274661e+12,999999,1890,29
0.29640824,0.056480054,-0.19084638,1.43022746612e+12,1.43022746612e+12,888888,1939,3
-0.73347473,1.1406281,9.634116,1.43022746612e+12,1.43022746613e+12,777777,1939,14
-16.5,-11.399994,-17.09999,1.43022746612e+12,1.43022746613e+12,999999,1939,15
0.44989046,0.15560424,-0.15354162,1.43022746617e+12,1.43022746617e+12,888888,1990,1
-0.6279442,1.45707,10.540031,1.43022746617e+12,1.43022746617e+12,777777,1990,6
-16.5,-11.699997,-17.09999,1.43022746617e+12,1.43022746618e+12,999999,1990,7
0.08110657,0.25685975,-0.11836872,1.43022746621e+12,1.43022746621e+12,888888,2034,1
-0.6966513,1.7842896,11.021281,1.43022746621e+12,1.43022746622e+12,777777,2034,6
-16.199997,-12.599991,-17.09999,1.43022746621e+12,1.43022746622e+12,999999,2034,7
0.11733168,-0.039448075,0.03939481,1.43022746627e+12,1.43022746627e+12,888888,2090,1
0.10208771,1.8037491,12.369678,1.43022746627e+12,1.43022746627e+12,777777,2091,5
-15.899994,-13.199997,-16.799988,1.43022746627e+12,1.43022746628e+12,999999,2090,7
-0.24079743,-0.08527229,-0.04481541,1.43022746632e+12,1.43022746632e+12,888888,2140,1
0.866548,1.307531,12.203972,1.43022746632e+12,1.43022746632e+12,777777,2141,6
-15.599991,-13.5,-16.5,1.43022746632e+12,1.43022746633e+12,999999,2141,9
-0.1565952,-0.14069639,0.2845324,1.43022746637e+12,1.43022746637e+12,888888,2190,1
0.5492079,1.0647359,10.398875,1.43022746637e+12,1.43022746637e+12,777777,2190,6
-15,-13.5,-16.5,1.43022746637e+12,1.43022746638e+12,999999,2190,7
-0.27490455,-0.118313864,0.11506214,1.43022746642e+12,1.43022746642e+12,888888,2240,1
0.11645783,1.4862593,8.640931,1.43022746642e+12,1.43022746642e+12,777777,2240,5
-15.299988,-13.199997,-15.899994,1.43022746642e+12,1.43022746642e+12,999999,2240,7
-0.0628008,0.060748834,0.10973316,1.43022746647e+12,1.43022746647e+12,888888,2290,1
0.052091673,1.4039305,8.389005,1.43022746647e+12,1.43022746647e+12,777777,2290,6
-15.599991,-13.5,-16.5,1.43022746647e+12,1.43022746648e+12,999999,2290,8
0.065101504,0.1417534,0.5062291,1.43022746652e+12,1.43022746652e+12,888888,2341,1
0.09131012,0.86415297,7.8517723,1.43022746652e+12,1.43022746653e+12,777777,2341,7
-15.899994,-12.899994,-17.399994,1.43022746652e+12,1.43022746653e+12,999999,2340,10
0.19939859,-0.022387331,0.323969,1.43022746657e+12,1.43022746657e+12,888888,2390,1
0.102237396,0.98644865,8.000263,1.43022746657e+12,1.43022746657e+12,777777,2390,5
-16.5,-12.599991,-17.399994,1.43022746657e+12,1.43022746657e+12,999999,2390,6
0.106669456,-0.056494433,0.44014674,1.43022746662e+12,1.43022746662e+12,888888,2441,1
0.59501266,0.83855623,9.671089,1.43022746662e+12,1.43022746662e+12,777777,2441,6
-16.5,-12.299988,-17.399994,1.43022746662e+12,1.43022746663e+12,999999,2441,8
0.22391325,-0.26113787,0.19393513,1.43022746667e+12,1.43022746667e+12,888888,2491,1
0.8421487,1.0500664,10.590627,1.43022746667e+12,1.43022746668e+12,777777,2491,6
-16.799988,-12.299988,-17.09999,1.43022746667e+12,1.43022746668e+12,999999,2490,11
0.019270102,0.04049789,-0.2910265,1.43022746672e+12,1.43022746672e+12,888888,2540,1
0.6547385,1.015638,11.183843,1.43022746672e+12,1.43022746672e+12,777777,2540,6
-16.799988,-12.299988,-16.5,1.43022746672e+12,1.43022746673e+12,999999,2541,7
-0.3559091,-0.94008416,-0.26970977,1.43022746676e+12,1.43022746677e+12,888888,2587,1
-0.28485763,1.121917,12.159664,1.43022746677e+12,1.43022746677e+12,777777,2588,7
-17.699997,-12.299988,-16.799988,1.43022746677e+12,1.43022746677e+12,999999,2588,8
0.0555088,0.20996815,-0.24626091,1.43022746682e+12,1.43022746682e+12,888888,2641,1
0.25731492,1.6004719,12.928016,1.43022746682e+12,1.43022746683e+12,777777,2641,9
-17.399994,-12.599991,-16.199997,1.43022746682e+12,1.43022746683e+12,999999,2642,10
-0.02656157,0.0841977,-0.2793022,1.43022746687e+12,1.43022746687e+12,888888,2690,1
0.43544447,2.0953426,10.467433,1.43022746687e+12,1.43022746688e+12,777777,2690,11
-17.699997,-12.899994,-16.199997,1.43022746687e+12,1.43022746688e+12,999999,2690,12
-0.11396119,-0.17373797,-0.33579212,1.43022746692e+12,1.43022746692e+12,888888,2742,1
-0.2585124,1.8383272,8.639434,1.43022746692e+12,1.43022746693e+12,777777,2742,10
-17.699997,-12.899994,-16.199997,1.43022746692e+12,1.43022746693e+12,999999,2741,12
0.06083805,0.069275744,-0.075724855,1.43022746697e+12,1.43022746697e+12,888888,2791,1
-0.5354366,1.1307486,8.933872,1.43022746697e+12,1.43022746698e+12,777777,2791,10
-17.09999,-12.899994,-15.899994,1.43022746697e+12,1.43022746698e+12,999999,2792,11
0.16209383,0.12256826,-0.2793022,1.43022746702e+12,1.43022746702e+12,888888,2841,1
-0.3930826,1.3786331,8.76622,1.43022746702e+12,1.43022746703e+12,777777,2841,9
-16.199997,-12.899994,-16.199997,1.43022746702e+12,1.43022746703e+12,999999,2840,11
-5.326322e-07,-0.03730929,-0.40507266,1.43022746707e+12,1.43022746707e+12,888888,2890,1
-0.5481601,1.5359559,8.993897,1.43022746707e+12,1.43022746707e+12,777777,2890,6
-16.799988,-12.899994,-16.5,1.43022746707e+12,1.43022746708e+12,999999,2890,7
0.30172017,0.18012424,-0.26438025,1.43022746712e+12,1.43022746712e+12,888888,2941,1
-0.57959473,1.439257,10.311906,1.43022746712e+12,1.43022746712e+12,777777,2941,6
-16.5,-13.199997,-16.199997,1.43022746712e+12,1.43022746713e+12,999999,2941,8
0.31131262,0.20783629,-0.237734,1.43022746717e+12,1.43022746717e+12,888888,2991,1
-0.5457651,1.7205222,10.5620365,1.43022746717e+12,1.43022746718e+12,777777,2991,6
-16.5,-14.099991,-15.599991,1.43022746717e+12,1.43022746718e+12,999999,2991,9
0.22497906,-0.16307947,-0.5670818,1.43022746722e+12,1.43022746722e+12,888888,3040,1
-0.12663665,2.2935305,11.023376,1.43022746722e+12,1.43022746722e+12,777777,3040,5
-16.5,-14.699997,-15.599991,1.43022746722e+12,1.43022746722e+12,999999,3040,6
0.07256262,0.56596196,-0.33579212,1.43022746727e+12,1.43022746727e+12,888888,3090,1
0.23321503,1.9624192,10.957664,1.43022746727e+12,1.43022746727e+12,777777,3090,6
-14.699997,-15.599991,-15.299988,1.43022746727e+12,1.43022746728e+12,999999,3089,8
-1.0988064,-0.9443473,-0.07252746,1.43022746732e+12,1.43022746732e+12,888888,3138,1
0.33919466,1.9086809,11.909833,1.43022746732e+12,1.43022746732e+12,777777,3138,8
-14.399994,-16.199997,-15.299988,1.43022746732e+12,1.43022746733e+12,999999,3138,10
0.46905857,0.52332795,0.24296445,1.43022746737e+12,1.43022746737e+12,888888,3190,1
1.129551,1.34166,12.578942,1.43022746737e+12,1.43022746738e+12,777777,3190,8
-13.799988,-16.199997,-15.599991,1.43022746737e+12,1.43022746738e+12,999999,3190,10
-0.33992162,-0.0458362,0.6906213,1.43022746742e+12,1.43022746742e+12,888888,3240,1
0.67988616,1.1835887,7.951315,1.43022746742e+12,1.43022746743e+12,777777,3240,10
-13.799988,-15.899994,-15.599991,1.43022746742e+12,1.43022746743e+12,999999,3240,11
-0.4230578,-0.41994908,0.117194265,1.43022746747e+12,1.43022746747e+12,888888,3291,1
0.25821304,1.4754817,7.01606,1.43022746747e+12,1.43022746748e+12,777777,3291,6
-15,-14.699997,-15.899994,1.43022746747e+12,1.43022746748e+12,999999,3291,8
0.12265721,0.48708898,0.29945436,1.43022746752e+12,1.43022746752e+12,888888,3341,1
0.53019744,0.7523355,7.8471317,1.43022746752e+12,1.43022746753e+12,777777,3342,8
-15.599991,-14.099991,-15.899994,1.43022746752e+12,1.43022746753e+12,999999,3341,10
0.17914765,-0.22809629,0.281335,1.43022746757e+12,1.43022746757e+12,888888,3392,4
0.038170625,0.9517209,7.80956,1.43022746757e+12,1.43022746758e+12,777777,3392,11
-16.5,-13.199997,-16.799988,1.43022746757e+12,1.43022746758e+12,999999,3392,12
0.7365869,0.27924842,0.30904707,1.43022746762e+12,1.43022746763e+12,888888,3445,4
0.5078938,0.94648176,9.235195,1.43022746762e+12,1.43022746764e+12,777777,3445,12
-17.09999,-13.199997,-17.09999,1.43022746762e+12,1.43022746764e+12,999999,3444,16
0.2590859,0.14601713,0.19500092,1.43022746767e+12,1.43022746767e+12,888888,3490,6
0.28710297,1.4917978,11.059452,1.43022746767e+12,1.43022746768e+12,777777,3491,15
-16.5,-14.099991,-16.799988,1.43022746767e+12,1.43022746769e+12,999999,3490,18
0.027796743,-0.83349913,-0.045881204,1.43022746772e+12,1.43022746772e+12,888888,3541,1
-0.34952316,1.7717156,12.624298,1.43022746772e+12,1.43022746773e+12,777777,3541,9
-16.799988,-14.699997,-17.09999,1.43022746772e+12,1.43022746773e+12,999999,3541,10
-0.110763796,0.43273064,-0.280368,1.43022746777e+12,1.43022746777e+12,888888,3590,1
0.3650908,1.945654,15.116764,1.43022746777e+12,1.43022746778e+12,777777,3591,9
-16.5,-15.599991,-16.5,1.43022746777e+12,1.43022746778e+12,999999,3591,10
0.048047952,-5.326322e-07,0.092679605,1.43022746782e+12,1.43022746782e+12,888888,3640,1
0.10059082,2.3758593,11.846365,1.43022746782e+12,1.43022746783e+12,777777,3640,10
-16.799988,-15.299988,-15.899994,1.43022746782e+12,1.43022746783e+12,999999,3640,11
-0.057479005,-0.15027472,-5.326322e-07,1.43022746787e+12,1.43022746787e+12,888888,3689,1
-0.72778654,2.0463946,8.2164135,1.43022746787e+12,1.43022746787e+12,777777,3689,7
-17.399994,-15.299988,-15.299988,1.43022746787e+12,1.43022746788e+12,999999,3690,10
0.16208611,-0.19823799,0.16091192,1.43022746792e+12,1.43022746792e+12,888888,3740,1
-0.7246431,1.1669732,7.530241,1.43022746792e+12,1.43022746792e+12,777777,3740,4
-17.699997,-15.899994,-14.399994,1.43022746792e+12,1.43022746792e+12,999999,3740,6
-0.1278304,-0.05754159,-0.268624,1.43022746797e+12,1.43022746797e+12,888888,3789,1
-0.18830842,1.2546909,7.839797,1.43022746797e+12,1.43022746797e+12,777777,3790,5
-18.299988,-15.899994,-13.199997,1.43022746797e+12,1.43022746798e+12,999999,3790,7
-0.08626218,-0.16945587,-0.39119652,1.43022746802e+12,1.43022746802e+12,888888,3839,1
-0.119900666,1.4747332,9.1395445,1.43022746802e+12,1.43022746802e+12,777777,3840,4
-17.699997,-16.5,-12.899994,1.43022746802e+12,1.43022746802e+12,999999,3840,6
0.28252172,0.19826248,-0.15564393,1.43022746807e+12,1.43022746807e+12,888888,3890,1
-0.22363494,1.8348843,10.530003,1.43022746807e+12,1.43022746807e+12,777777,3890,6
-17.399994,-16.5,-12.899994,1.43022746807e+12,1.43022746808e+12,999999,3890,7
0.4040287,0.3123081,-5.326322e-07,1.43022746812e+12,1.43022746812e+12,888888,3941,1
-0.15148498,1.9372715,10.87743,1.43022746812e+12,1.43022746812e+12,777777,3941,5
-16.5,-17.399994,-13.199997,1.43022746812e+12,1.43022746813e+12,999999,3942,6
-0.07773501,0.17800649,-0.24623108,1.43022746816e+12,1.43022746816e+12,888888,3985,1
0.14953904,2.0874093,12.019555,1.43022746816e+12,1.43022746817e+12,777777,3985,4
-15.599991,-17.399994,-14.099991,1.43022746816e+12,1.43022746817e+12,999999,3984,7
-5.326322e-07,0.32615975,-0.10767081,1.43022746822e+12,1.43022746822e+12,888888,4039,1
0.43020537,2.1957839,11.750415,1.43022746822e+12,1.43022746822e+12,777777,4040,4
-15.599991,-17.399994,-14.699997,1.43022746822e+12,1.43022746822e+12,999999,4039,6
-0.6447675,-0.690661,-0.13751446,1.43022746827e+12,1.43022746827e+12,888888,4091,1
0.4429289,2.079775,11.096874,1.43022746827e+12,1.43022746828e+12,777777,4091,11
-15.299988,-16.799988,-15.299988,1.43022746827e+12,1.43022746828e+12,999999,4091,13
0.18233226,0.5499883,-0.1439095,1.43022746832e+12,1.43022746832e+12,888888,4140,1
0.94708055,2.0416045,11.7573,1.43022746832e+12,1.43022746832e+12,777777,4140,6
-15.899994,-15.899994,-15.599991,1.43022746832e+12,1.43022746833e+12,999999,4140,8
-5.326322e-07,0.070355654,0.31653774,1.43022746837e+12,1.43022746837e+12,888888,4190,1
0.44382706,1.8040484,7.7908487,1.43022746837e+12,1.43022746838e+12,777777,4191,7
-15.599991,-15.599991,-15,1.43022746837e+12,1.43022746838e+12,999999,4190,10
-0.03936445,-0.54463935,0.1641213,1.43022746842e+12,1.43022746842e+12,888888,4240,1
-0.051193543,1.9312838,6.681206,1.43022746842e+12,1.43022746842e+12,777777,4240,7
-15.299988,-15,-15.299988,1.43022746842e+12,1.43022746843e+12,999999,4239,9
0.13436925,0.1726775,0.3932791,1.43022746847e+12,1.43022746847e+12,888888,4292,1
0.27572662,1.5245796,8.187374,1.43022746847e+12,1.43022746848e+12,777777,4292,9
-15.599991,-15.299988,-15.599991,1.43022746847e+12,1.43022746848e+12,999999,4292,11
0.36885607,0.22703582,0.27710137,1.43022746852e+12,1.43022746852e+12,888888,4341,1
0.050744478,1.7024099,8.950787,1.43022746852e+12,1.43022746853e+12,777777,4341,10
-15.599991,-15.299988,-15.899994,1.43022746852e+12,1.43022746853e+12,999999,4341,11
0.425346,0.24728675,0.2227428,1.43022746857e+12,1.43022746857e+12,888888,4391,1
-0.24069947,1.368604,9.400751,1.43022746857e+12,1.43022746858e+12,777777,4392,6
-15.899994,-16.199997,-15.599991,1.43022746857e+12,1.43022746858e+12,999999,4392,7
0.06828638,0.06076295,0.23979636,1.43022746862e+12,1.43022746862e+12,888888,4441,1
-0.5956114,1.4353652,9.846973,1.43022746862e+12,1.43022746862e+12,777777,4441,6
-16.5,-16.199997,-15.599991,1.43022746862e+12,1.43022746863e+12,999999,4441,8
-0.675677,-1.436756,-0.23983577,1.43022746867e+12,1.43022746867e+12,888888,4491,1
-0.62839323,2.1161494,12.103082,1.43022746867e+12,1.43022746868e+12,777777,4491,8
-16.5,-16.5,-15.299988,1.43022746867e+12,1.43022746868e+12,999999,4490,10
-5.326322e-07,0.5340006,-0.44234732,1.43022746872e+12,1.43022746872e+12,888888,4540,1
0.32317793,1.9960991,14.4665165,1.43022746872e+12,1.43022746873e+12,777777,4540,9
-16.5,-16.199997,-14.699997,1.43022746872e+12,1.43022746873e+12,999999,4540,10
0.22603233,0.06609247,0.03835112,1.43022746877e+12,1.43022746877e+12,888888,4590,1
0.43050477,2.0016375,10.260413,1.43022746877e+12,1.43022746878e+12,777777,4590,7
-16.799988,-15.599991,-15,1.43022746877e+12,1.43022746878e+12,999999,4590,9
-0.08093293,-0.38476232,0.06286552,1.43022746882e+12,1.43022746882e+12,888888,4640,1
0.03278183,1.8471588,7.7805204,1.43022746882e+12,1.43022746882e+12,777777,4640,7
-16.5,-15.899994,-15,1.43022746882e+12,1.43022746883e+12,999999,4640,9
-0.03830398,0.06822566,-0.11298674,1.43022746887e+12,1.43022746887e+12,888888,4692,1
0.15388,1.3347744,8.019873,1.43022746887e+12,1.43022746888e+12,777777,4693,6
-16.5,-16.5,-15,1.43022746887e+12,1.43022746888e+12,999999,4692,8
-5.326322e-07,-0.021305822,-0.3048398,1.43022746892e+12,1.43022746892e+12,888888,4742,1
-0.120200045,1.5649955,8.307724,1.43022746892e+12,1.43022746893e+12,777777,4742,8
-17.09999,-16.5,-14.699997,1.43022746892e+12,1.43022746893e+12,999999,4742,10
0.19724916,0.30271247,-0.40502977,1.43022746897e+12,1.43022746897e+12,888888,4791,1
-0.39457947,2.01481,9.576486,1.43022746897e+12,1.43022746898e+12,777777,4791,8
-16.799988,-17.09999,-14.099991,1.43022746897e+12,1.43022746898e+12,999999,4790,11
0.15568094,-0.041556764,0.31761658,1.43022746902e+12,1.43022746904e+12,888888,4840,17
-0.7652087,2.4065456,11.061996,1.43022746902e+12,1.43022746904e+12,777777,4839,26
-17.09999,-17.09999,-14.399994,1.43022746902e+12,1.43022746904e+12,999999,4840,26
0.559638,0.0298551,-0.42314914,1.43022746907e+12,1.43022746907e+12,888888,4890,2
0.5715115,3.6992574,13.693075,1.43022746907e+12,1.43022746908e+12,777777,4889,9
-17.09999,-17.399994,-14.099991,1.43022746907e+12,1.43022746908e+12,999999,4890,10
-0.08520118,-0.18864448,0.14068548,1.43022746912e+12,1.43022746912e+12,888888,4941,1
1.5962806,2.9303064,13.011243,1.43022746912e+12,1.43022746913e+12,777777,4941,8
-17.09999,-18.299988,-14.399994,1.43022746912e+12,1.43022746913e+12,999999,4941,9
-0.17473266,0.2835273,-0.07568198,1.43022746917e+12,1.43022746917e+12,888888,4990,1
1.2350817,2.3436763,10.989247,1.43022746917e+12,1.43022746918e+12,777777,4990,9
-16.799988,-18.299988,-14.699997,1.43022746917e+12,1.43022746918e+12,999999,4990,11
-0.10971584,0.15136182,0.43272853,1.43022746922e+12,1.43022746922e+12,888888,5040,1
0.32347733,1.6010705,7.712262,1.43022746922e+12,1.43022746923e+12,777777,5040,9
-16.5,-18.299988,-14.399994,1.43022746922e+12,1.43022746923e+12,999999,5040,11
-0.0915965,-0.22061972,0.25153396,1.43022746927e+12,1.43022746927e+12,888888,5091,2
0.18157242,1.5145504,6.343958,1.43022746927e+12,1.43022746928e+12,777777,5091,11
-16.5,-18,-14.699997,1.43022746927e+12,1.43022746928e+12,999999,5092,12
-0.18965462,-0.062874034,0.1705294,1.43022746932e+12,1.43022746932e+12,888888,5141,1
0.34143996,1.3627661,7.522906,1.43022746932e+12,1.43022746933e+12,777777,5140,9
-16.799988,-17.399994,-15,1.43022746932e+12,1.43022746933e+12,999999,5141,10
0.13010047,0.19719376,0.1897148,1.43022746937e+12,1.43022746937e+12,888888,5191,1
0.3606001,1.3706996,9.275162,1.43022746937e+12,1.43022746938e+12,777777,5191,6
-17.09999,-17.09999,-15.299988,1.43022746937e+12,1.43022746938e+12,999999,5192,7
0.4061555,0.6075456,0.16200276,1.43022746942e+12,1.43022746942e+12,888888,5240,1
0.1776805,1.4054275,9.58891,1.43022746942e+12,1.43022746942e+12,777777,5240,7
-17.699997,-17.399994,-15.299988,1.43022746942e+12,1.43022746943e+12,999999,5240,9
0.19724916,-0.6682766,0.43699172,1.43022746947e+12,1.43022746947e+12,888888,5291,1
-0.41837996,1.4271322,10.062225,1.43022746947e+12,1.43022746948e+12,777777,5291,7
-17.699997,-17.09999,-15.299988,1.43022746947e+12,1.43022746948e+12,999999,5291,9
-0.7812013,-0.9624512,-0.52760255,1.43022746952e+12,1.43022746952e+12,888888,5340,1
0.21779709,2.5114775,12.812606,1.43022746952e+12,1.43022746953e+12,777777,5340,9
-18.299988,-17.09999,-14.399994,1.43022746952e+12,1.43022746953e+12,999999,5340,11
-0.08520118,-0.32507315,0.09485407,1.43022746957e+12,1.43022746957e+12,888888,5391,1
0.99812436,2.7172995,13.417947,1.43022746957e+12,1.43022746958e+12,777777,5391,10
-18.59999,-17.09999,-14.099991,1.43022746957e+12,1.43022746958e+12,999999,5391,11
-0.34526873,0.10339856,-0.35386887,1.43022746962e+12,1.43022746962e+12,888888,5440,1
1.3885126,2.8810587,11.534265,1.43022746962e+12,1.43022746963e+12,777777,5440,11
-19.199997,-16.799988,-13.5,1.43022746962e+12,1.43022746963e+12,999999,5440,12
0.044832718,0.08954293,0.023441942,1.43022746967e+12,1.43022746967e+12,888888,5490,1
0.25132737,1.4784755,8.753048,1.43022746967e+12,1.43022746967e+12,777777,5491,5
-18.59999,-16.5,-13.799988,1.43022746967e+12,1.43022746968e+12,999999,5491,6
0.110915065,-5.326322e-07,-5.326322e-07,1.43022746972e+12,1.43022746972e+12,888888,5542,1
-0.25551865,1.0395882,7.3366933,1.43022746972e+12,1.43022746972e+12,777777,5542,4
-18.899994,-15.899994,-14.699997,1.43022746972e+12,1.43022746973e+12,999999,5541,7
0.16847104,0.08421341,-0.31123486,1.43022746977e+12,1.43022746977e+12,888888,5588,1
-0.0023950196,1.3066329,8.493787,1.43022746977e+12,1.43022746977e+12,777777,5589,6
-18.899994,-15.599991,-15,1.43022746977e+12,1.43022746977e+12,999999,5588,8
0.6139963,0.18866685,-0.088472076,1.43022746982e+12,1.43022746982e+12,888888,5642,1
0.13067825,1.6346009,9.936337,1.43022746982e+12,1.43022746983e+12,777777,5642,9
-18.299988,-16.199997,-14.699997,1.43022746982e+12,1.43022746983e+12,999999,5642,10
0.14608823,-0.09378348,-0.33042,1.43022746987e+12,1.43022746987e+12,888888,5690,1
0.028291168,2.2463787,9.822574,1.43022746987e+12,1.43022746988e+12,777777,5690,10
-18.299988,-16.5,-14.099991,1.43022746987e+12,1.43022746988e+12,999999,5690,11
-1.4228431,-0.104441985,-0.5126806,1.43022746992e+12,1.43022746992e+12,888888,5741,1
0.434247,2.2998176,12.137061,1.43022746992e+12,1.43022746993e+12,777777,5741,7
-17.699997,-17.09999,-13.5,1.43022746992e+12,1.43022746993e+12,999999,5741,9
-0.22482778,-0.05541319,0.07673446,1.43022746997e+12,1.43022746997e+12,888888,5791,1
1.2470567,1.5148499,13.875246,1.43022746997e+12,1.43022746998e+12,777777,5791,10
-17.399994,-17.09999,-13.199997,1.43022746997e+12,1.43022746998e+12,999999,5792,11
-0.1512838,0.3581371,0.05968091,1.43022747002e+12,1.43022747002e+12,888888,5840,2
1.7275575,1.7753083,12.858111,1.43022747002e+12,1.43022747003e+12,777777,5841,9
-17.399994,-16.5,-14.099991,1.43022747002e+12,1.43022747003e+12,999999,5840,11
-0.063884445,-5.326322e-07,0.23234856,1.43022747007e+12,1.43022747007e+12,888888,5891,1
1.1124866,2.1089644,9.3289,1.43022747007e+12,1.43022747008e+12,777777,5891,9
-16.5,-15.899994,-14.699997,1.43022747007e+12,1.43022747008e+12,999999,5891,11
-0.17473266,-0.12149554,0.02877146,1.43022747012e+12,1.43022747012e+12,888888,5942,1
0.7120693,2.1183949,7.975864,1.43022747012e+12,1.43022747013e+12,777777,5942,9
-15.899994,-15.299988,-15.299988,1.43022747012e+12,1.43022747013e+12,999999,5942,10
0.2580097,0.34107476,0.12789539,1.43022747017e+12,1.43022747017e+12,888888,5990,3
0.5105882,1.4885046,7.802824,1.43022747017e+12,1.43022747018e+12,777777,5990,10
-15.599991,-14.399994,-15.299988,1.43022747017e+12,1.43022747018e+12,999999,5990,11
0.2015198,-0.05328959,0.17372678,1.43022747022e+12,1.43022747022e+12,888888,6040,1
0.25387207,1.1111394,6.9606752,1.43022747022e+12,1.43022747022e+12,777777,6040,5
-16.199997,-13.799988,-15.599991,1.43022747022e+12,1.43022747022e+12,999999,6040,6
0.25268072,0.15668255,0.29097033,1.43022747027e+12,1.43022747027e+12,888888,6091,1
0.3107538,0.92148376,7.991282,1.43022747027e+12,1.43022747028e+12,777777,6091,10
-16.5,-13.799988,-15.899994,1.43022747027e+12,1.43022747028e+12,999999,6091,11
-5.326322e-07,0.3186917,0.2931019,1.43022747032e+12,1.43022747032e+12,888888,6141,1
0.19279908,1.060844,9.735006,1.43022747032e+12,1.43022747033e+12,777777,6140,11
-16.5,-14.099991,-15.599991,1.43022747032e+12,1.43022747033e+12,999999,6140,13
0.09919849,0.52759856,0.03303465,1.43022747037e+12,1.43022747037e+12,888888,6192,1
-0.0583786,1.2951068,12.2384,1.43022747037e+12,1.43022747038e+12,777777,6192,7
-16.5,-14.399994,-16.199997,1.43022747037e+12,1.43022747038e+12,999999,6192,8
-5.326322e-07,-0.4476545,-0.1854644,1.43022747042e+12,1.43022747042e+12,888888,6242,2
-0.3546126,1.4682966,12.856316,1.43022747042e+12,1.43022747043e+12,777777,6242,8
-16.199997,-14.699997,-16.199997,1.43022747042e+12,1.43022747043e+12,999999,6242,10
-5.326322e-07,0.48176664,-0.3176299,1.43022747047e+12,1.43022747047e+12,888888,6292,1
-0.22977218,1.0985656,12.770693,1.43022747047e+12,1.43022747047e+12,777777,6291,5
-15.599991,-15.299988,-15.599991,1.43022747047e+12,1.43022747048e+12,999999,6292,6
0.18766364,0.41355243,-0.07994517,1.43022747052e+12,1.43022747052e+12,888888,6341,1
-0.44936553,1.3904586,9.333691,1.43022747052e+12,1.43022747052e+12,777777,6341,6
-15.599991,-15,-16.199997,1.43022747052e+12,1.43022747053e+12,999999,6341,8
-0.08732532,-0.64270467,-0.3133667,1.43022747057e+12,1.43022747057e+12,888888,6391,1
-0.76371187,1.8971548,7.492968,1.43022747057e+12,1.43022747058e+12,777777,6391,6
-15.299988,-15.299988,-16.199997,1.43022747057e+12,1.43022747058e+12,999999,6390,8
0.24202222,-5.326322e-07,-0.3368153,1.43022747062e+12,1.43022747062e+12,888888,6440,1
-0.13157639,1.6134948,8.725804,1.43022747062e+12,1.43022747062e+12,777777,6440,7
-14.399994,-15.899994,-15.599991,1.43022747062e+12,1.43022747063e+12,999999,6439,9
0.37525326,0.030912377,-0.5169438,1.43022747067e+12,1.43022747067e+12,888888,6491,1
-0.25132737,1.7341439,9.076824,1.43022747067e+12,1.43022747068e+12,777777,6491,10
-14.699997,-15.899994,-15.899994,1.43022747067e+12,1.43022747068e+12,999999,6491,12
0.73870814,0.5862201,-0.3261568,1.43022747072e+12,1.43022747072e+12,888888,6540,1
-0.59785676,1.5949333,8.856932,1.43022747072e+12,1.43022747073e+12,777777,6540,11
-14.099991,-16.799988,-15.299988,1.43022747072e+12,1.43022747073e+12,999999,6540,12
-0.38576367,-0.5627659,-0.39650288,1.43022747077e+12,1.43022747077e+12,888888,6590,1
-1.0127939,2.1330643,10.688673,1.43022747077e+12,1.43022747078e+12,777777,6591,6
-13.799988,-17.09999,-15.599991,1.43022747077e+12,1.43022747078e+12,999999,6591,8
-0.035098597,0.8398923,0.07247127,1.43022747082e+12,1.43022747082e+12,888888,6641,1
-0.09804611,2.1140537,14.212195,1.43022747082e+12,1.43022747083e+12,777777,6641,10
-13.199997,-17.699997,-15.299988,1.43022747082e+12,1.43022747083e+12,999999,6641,11
-0.34845865,-0.39862514,0.16733174,1.43022747087e+12,1.43022747087e+12,888888,6690,1
0.16151413,2.7437942,14.693893,1.43022747087e+12,1.43022747088e+12,777777,6691,9
-12.599991,-17.09999,-15.899994,1.43022747087e+12,1.43022747088e+12,999999,6690,11
0.31876335,0.55744225,0.34532863,1.43022747092e+12,1.43022747092e+12,888888,6742,1
0.6572832,2.5502467,12.683275,1.43022747092e+12,1.43022747093e+12,777777,6742,9
-12.599991,-16.5,-16.5,1.43022747092e+12,1.43022747093e+12,999999,6742,11
0.24415381,-0.15667723,0.17159519,1.43022747097e+12,1.43022747097e+12,888888,6792,1
0.15462846,2.5394692,7.816745,1.43022747097e+12,1.43022747098e+12,777777,6791,10
-12.299988,-16.199997,-15.899994,1.43022747097e+12,1.43022747098e+12,999999,6792,11
0.06828851,0.122575454,0.25259978,1.43022747102e+12,1.43022747102e+12,888888,6839,4
0.05987549,2.0203485,6.556965,1.43022747102e+12,1.43022747103e+12,777777,6840,13
-12.599991,-15.899994,-16.199997,1.43022747102e+12,1.43022747103e+12,999999,6840,15
1.0883069,-0.46577382,0.09591987,1.43022747107e+12,1.43022747108e+12,888888,6896,5
0.48244676,1.7247134,6.5554676,1.43022747107e+12,1.43022747109e+12,777777,6896,12
-12.599991,-17.09999,-15.299988,1.43022747107e+12,1.43022747109e+12,999999,6896,14
0.30170953,-0.12043826,0.10018332,1.43022747112e+12,1.43022747112e+12,888888,6940,4
0.17393829,1.5877483,6.4505363,1.43022747112e+12,1.43022747113e+12,777777,6939,13
-12.299988,-18.59999,-14.399994,1.43022747112e+12,1.43022747113e+12,999999,6940,14
0.5830943,0.22916049,-0.21104486,1.43022747117e+12,1.43022747117e+12,888888,6990,1
0.29024643,1.5416441,8.828192,1.43022747117e+12,1.43022747117e+12,777777,6990,5
-12,-19.5,-13.199997,1.43022747117e+12,1.43022747117e+12,999999,6990,6
