0.028777853,-0.073543996,0.13749447,1.42643323465e+12,1.4264332348e+12,888888,0,153
-0.6423143,0.5758525,9.863439,1.42643323465e+12,1.42643323481e+12,777777,0,163
0.029827405,0.061794657,-5.326322e-07,1.42643323491e+12,1.42643323492e+12,888888,260,9
-0.651595,0.71191955,9.783056,1.42643323491e+12,1.42643323492e+12,777777,260,14
7.5,-1.199997,-41.399994,1.42643323491e+12,1.42643323493e+12,999999,259,17
0.046833817,0.07557891,-5.326322e-07,1.42643323496e+12,1.426433235e+12,888888,309,40
-0.6268964,0.75592804,9.707463,1.42643323496e+12,1.42643323501e+12,777777,309,50
16.799988,3.5999908,-39.299988,1.42643323496e+12,1.42643323501e+12,999999,309,54
0.031895082,0.058466505,0.021299163,1.42643323501e+12,1.42643323506e+12,888888,358,55
-0.646805,0.8282277,9.6107645,1.42643323501e+12,1.42643323507e+12,777777,358,61
25.799988,8.399994,-38.09999,1.42643323501e+12,1.42643323507e+12,999999,359,62
0.02439642,0.07226594,0.046857253,1.42643323506e+12,1.42643323508e+12,888888,408,16
-0.67764086,0.83795744,9.585168,1.42643323506e+12,1.42643323508e+12,777777,408,24
25.799988,7.799988,-38.09999,1.42643323506e+12,1.42643323508e+12,999999,408,25
0.055306397,0.05414659,0.08416202,1.42643323511e+12,1.42643323513e+12,888888,459,22
-0.75083864,0.8583151,9.608668,1.42643323511e+12,1.42643323514e+12,777777,458,27
26.699997,8.099991,-37.199997,1.42643323511e+12,1.42643323514e+12,999999,459,29
0.04997688,0.06160717,0.11293987,1.42643323516e+12,1.42643323518e+12,888888,508,26
-0.85023195,0.92747134,9.652678,1.42643323516e+12,1.4264332352e+12,777777,507,38
26.699997,7.5,-37.799988,1.42643323516e+12,1.4264332352e+12,999999,508,39
0.04677949,0.07013408,0.10121557,1.42643323521e+12,1.42643323523e+12,888888,557,26
-0.92313033,0.8827144,9.65612,1.42643323521e+12,1.42643323524e+12,777777,556,30
27.299988,6.599991,-37.799988,1.42643323521e+12,1.42643323524e+12,999999,556,32
0.03185753,0.04561968,0.11400566,1.42643323526e+12,1.42643323528e+12,888888,606,25
-1.0509645,0.81789917,9.586065,1.42643323526e+12,1.42643323529e+12,777777,606,30
27.59999,7.199997,-37.799988,1.42643323526e+12,1.42643323529e+12,999999,606,32
0.026528014,0.07652913,0.13852033,1.42643323531e+12,1.42643323533e+12,888888,657,24
-1.0765613,0.81535447,9.543704,1.42643323531e+12,1.42643323534e+12,777777,657,29
27.299988,6.899994,-37.799988,1.42643323531e+12,1.42643323534e+12,999999,656,31
-0.04594965,0.039224636,0.13638873,1.42643323536e+12,1.42643323538e+12,888888,707,21
-1.1888279,0.882415,9.416768,1.42643323536e+12,1.42643323538e+12,777777,708,24
27.59999,7.5,-38.09999,1.42643323536e+12,1.42643323538e+12,999999,708,25
-0.08964972,0.07226594,0.12253258,1.42643323541e+12,1.42643323541e+12,888888,757,5
-1.4659016,0.88989943,9.423204,1.42643323541e+12,1.42643323542e+12,777777,757,11
27.59999,7.799988,-38.399994,1.42643323541e+12,1.42643323542e+12,999999,756,13
-0.10350535,0.10530725,0.12679602,1.42643323546e+12,1.42643323546e+12,888888,807,1
-1.5036232,0.9395961,9.556726,1.42643323546e+12,1.42643323546e+12,777777,808,4
28.199997,7.5,-38.399994,1.42643323546e+12,1.42643323546e+12,999999,808,5
-0.18344413,0.0626735,0.080964625,1.42643323551e+12,1.42643323551e+12,888888,858,1
-1.5799644,0.997825,9.784553,1.42643323551e+12,1.42643323551e+12,777777,858,4
27.899994,7.799988,-37.5,1.42643323551e+12,1.42643323551e+12,999999,858,5
-0.133349,0.17565332,0.10334716,1.42643323556e+12,1.42643323556e+12,888888,908,1
-1.520987,0.979563,9.798175,1.42643323556e+12,1.42643323556e+12,777777,908,5
28.199997,7.799988,-37.199997,1.42643323556e+12,1.42643323556e+12,999999,908,6
-0.28043672,0.15966555,0.03406689,1.42643323561e+12,1.42643323561e+12,888888,958,1
-1.5552658,1.1975098,9.288634,1.42643323561e+12,1.42643323561e+12,777777,958,4
28.199997,8.399994,-36,1.42643323561e+12,1.42643323561e+12,999999,958,5
-0.2196831,0.065870896,0.11400566,1.42643323566e+12,1.42643323566e+12,888888,1008,1
-1.5771203,1.2090358,9.158256,1.42643323566e+12,1.42643323566e+12,777777,1008,5
28.199997,8.699997,-36,1.42643323566e+12,1.42643323566e+12,999999,1008,6
-0.24313197,-0.038582545,0.1609034,1.42643323571e+12,1.42643323571e+12,888888,1058,1
-1.4160553,1.1325449,9.121133,1.42643323571e+12,1.42643323571e+12,777777,1058,5
28.5,9.299988,-36.59999,1.42643323571e+12,1.42643323572e+12,999999,1058,6
-0.15253468,-0.033253293,0.22592022,1.42643323576e+12,1.42643323576e+12,888888,1107,1
-1.3219011,0.96175003,9.503139,1.42643323576e+12,1.42643323576e+12,777777,1107,7
28.5,9.599991,-36.899994,1.42643323576e+12,1.42643323577e+12,999999,1107,9
-0.13974431,-0.02685798,0.1534423,1.42643323581e+12,1.42643323581e+12,888888,1157,1
-1.4057268,1.0407857,9.391919,1.42643323581e+12,1.42643323582e+12,777777,1158,6
28.799988,9.299988,-37.5,1.42643323581e+12,1.42643323582e+12,999999,1157,8
-0.10883487,0.060541376,0.14704724,1.42643323586e+12,1.42643323586e+12,888888,1204,1
-1.5681391,1.2174183,9.3289,1.42643323586e+12,1.42643323586e+12,777777,1204,7
28.799988,10.199997,-36.899994,1.42643323586e+12,1.42643323586e+12,999999,1204,8
-0.063003466,0.08292445,0.08416202,1.42643323591e+12,1.42643323591e+12,888888,1258,1
-1.802851,1.7432748,9.679023,1.42643323591e+12,1.42643323592e+12,777777,1258,6
28.5,9.599991,-36.59999,1.42643323591e+12,1.42643323592e+12,999999,1258,7
0.03292333,-0.031121701,0.03939641,1.42643323596e+12,1.42643323596e+12,888888,1308,1
-2.0603156,1.8293458,10.345586,1.42643323596e+12,1.42643323596e+12,777777,1308,6
29.09999,9.899994,-36.299988,1.42643323596e+12,1.42643323597e+12,999999,1308,7
0.14909707,-0.104656905,-5.326322e-07,1.42643323601e+12,1.42643323601e+12,888888,1357,1
-1.8636246,1.2478051,11.379486,1.42643323601e+12,1.42643323601e+12,777777,1357,6
29.09999,10.199997,-35.699997,1.42643323601e+12,1.42643323602e+12,999999,1357,7
0.13950463,-5.326322e-07,0.107607424,1.42643323606e+12,1.42643323606e+12,888888,1408,1
-1.5425422,0.8346643,11.896062,1.42643323606e+12,1.42643323606e+12,777777,1408,5
29.399994,9,-36,1.42643323606e+12,1.42643323606e+12,999999,1408,6
-0.18451366,-0.76015484,-0.078916386,1.42643323611e+12,1.42643323611e+12,888888,1458,1
-1.4684464,0.32452515,12.797038,1.42643323611e+12,1.42643323612e+12,777777,1458,6
29.09999,9,-36.299988,1.42643323611e+12,1.42643323612e+12,999999,1458,7
-5.326322e-07,-0.26879817,-0.20575263,1.42643323616e+12,1.42643323616e+12,888888,1504,1
-0.76461,-0.8143066,14.509478,1.42643323616e+12,1.42643323616e+12,777777,1504,6
28.199997,8.699997,-38.399994,1.42643323616e+12,1.42643323616e+12,999999,1504,7
0.44114012,0.06907654,-0.4413055,1.42643323621e+12,1.42643323621e+12,888888,1558,1
-0.11271561,-0.82463515,11.490406,1.42643323621e+12,1.42643323622e+12,777777,1558,7
27.299988,9.299988,-39,1.42643323621e+12,1.42643323622e+12,999999,1558,8
0.42834976,-0.64824057,-0.6779239,1.42643323626e+12,1.42643323626e+12,888888,1607,1
0.27303222,-0.3623964,8.3234415,1.42643323626e+12,1.42643323626e+12,777777,1607,5
26.699997,9.599991,-39.59999,1.42643323626e+12,1.42643323626e+12,999999,1608,6
0.31536993,-0.21550566,-0.84419674,1.42643323631e+12,1.42643323631e+12,888888,1659,1
0.43215135,-0.5331912,7.9986167,1.42643323631e+12,1.42643323632e+12,777777,1659,5
25.799988,9.899994,-39.59999,1.42643323631e+12,1.42643323632e+12,999999,1660,6
-5.326322e-07,0.04243028,-0.6811218,1.42643323636e+12,1.42643323636e+12,888888,1708,1
0.30970597,-0.46643007,8.457562,1.42643323636e+12,1.42643323636e+12,777777,1707,6
25.799988,10.5,-38.399994,1.42643323636e+12,1.42643323637e+12,999999,1708,7
0.089409776,0.102117844,-0.33365467,1.42643323641e+12,1.42643323641e+12,888888,1758,1
0.052989807,-0.041463777,8.2494955,1.42643323641e+12,1.42643323642e+12,777777,1758,8
25.199997,10.199997,-39.299988,1.42643323641e+12,1.42643323642e+12,999999,1758,9
-0.07579703,-0.13663268,-0.2505185,1.42643323646e+12,1.42643323646e+12,888888,1809,1
-0.4737648,0.24698639,7.6428065,1.42643323646e+12,1.42643323646e+12,777777,1809,4
25.199997,10.5,-39.299988,1.42643323646e+12,1.42643323646e+12,999999,1808,6
-0.1685259,-5.326322e-07,-0.15992096,1.42643323651e+12,1.42643323651e+12,888888,1857,1
-1.0141411,0.2255809,7.8356056,1.42643323651e+12,1.42643323651e+12,777777,1856,5
25.199997,11.099991,-39.899994,1.42643323651e+12,1.42643323651e+12,999999,1856,6
-0.13228694,-0.067352146,-0.053335927,1.42643323656e+12,1.42643323656e+12,888888,1908,1
-1.2928615,0.4061055,8.106992,1.42643323656e+12,1.42643323656e+12,777777,1907,6
24.59999,11.699997,-39.899994,1.42643323656e+12,1.42643323657e+12,999999,1908,7
-0.07578025,-0.044955492,0.03832502,1.42643323661e+12,1.42643323661e+12,888888,1958,1
-0.9331595,0.7388635,8.580157,1.42643323661e+12,1.42643323662e+12,777777,1958,7
24.59999,12.599991,-39.59999,1.42643323661e+12,1.42643323662e+12,999999,1958,8
-0.13120437,-0.12489373,0.077761106,1.42643323666e+12,1.42643323666e+12,888888,2008,1
-0.7313791,0.8875044,10.247091,1.42643323666e+12,1.42643323667e+12,777777,2008,7
24.59999,13.5,-38.699997,1.42643323666e+12,1.42643323667e+12,999999,2007,9
-0.23992126,-0.123827934,0.21845351,1.42643323671e+12,1.42643323671e+12,888888,2058,1
-0.8785231,0.737666,12.779076,1.42643323671e+12,1.42643323672e+12,777777,2058,6
24.899994,13.799988,-39,1.42643323671e+12,1.42643323672e+12,999999,2058,7
-0.14292866,-5.326322e-07,0.23763865,1.42643323676e+12,1.42643323676e+12,888888,2109,1
-0.674198,-0.31284943,15.033238,1.42643323676e+12,1.42643323676e+12,777777,2109,5
25.5,13.5,-39.59999,1.42643323676e+12,1.42643323677e+12,999999,2109,6
0.4081156,0.7842759,0.355948,1.42643323681e+12,1.42643323681e+12,888888,2157,1
-0.7417076,-0.49412248,12.493619,1.42643323681e+12,1.42643323681e+12,777777,2157,5
25.799988,12.899994,-39.59999,1.42643323681e+12,1.42643323682e+12,999999,2157,7
0.3185841,0.2076512,0.30798498,1.42643323686e+12,1.42643323686e+12,888888,2208,1
-1.6516653,0.0717009,8.970995,1.42643323686e+12,1.42643323686e+12,777777,2208,5
26.09999,12,-39.899994,1.42643323686e+12,1.42643323686e+12,999999,2207,7
0.3303084,0.060563747,0.27387762,1.42643323691e+12,1.42643323691e+12,888888,2258,1
-1.7977616,0.19429596,8.435409,1.42643323691e+12,1.42643323691e+12,777777,2258,5
26.699997,11.099991,-39.299988,1.42643323691e+12,1.42643323692e+12,999999,2258,6
0.19387972,0.101066165,0.13958053,1.42643323696e+12,1.42643323696e+12,888888,2307,1
-1.5164964,0.20477417,7.813901,1.42643323696e+12,1.42643323696e+12,777777,2307,5
27,10.799988,-38.699997,1.42643323696e+12,1.42643323696e+12,999999,2307,6
-0.067253605,0.19592664,0.10440736,1.42643323701e+12,1.42643323701e+12,888888,2359,1
-1.3754897,0.23830444,6.633905,1.42643323701e+12,1.42643323702e+12,777777,2358,6
27.59999,10.199997,-38.699997,1.42643323701e+12,1.42643323702e+12,999999,2358,7
-0.27296257,0.10959307,0.14171213,1.42643323706e+12,1.42643323706e+12,888888,2409,1
-1.1364368,0.3519182,6.4931974,1.42643323706e+12,1.42643323706e+12,777777,2409,5
27.899994,10.199997,-38.699997,1.42643323706e+12,1.42643323707e+12,999999,2408,7
-0.2900161,-0.091852695,0.25256088,1.42643323711e+12,1.42643323711e+12,888888,2458,1
-1.0599458,0.5613327,7.7939925,1.42643323711e+12,1.42643323711e+12,777777,2458,5
28.199997,10.799988,-38.699997,1.42643323711e+12,1.42643323712e+12,999999,2458,7
-0.078977905,-0.1472768,0.18754353,1.42643323716e+12,1.42643323716e+12,888888,2508,1
-0.9806108,0.6902147,9.487271,1.42643323716e+12,1.42643323716e+12,777777,2508,5
28.199997,11.099991,-39,1.42643323716e+12,1.42643323716e+12,999999,2507,7
-0.11201921,-0.018309232,-5.326322e-07,1.42643323721e+12,1.42643323721e+12,888888,2559,1
-0.9852512,0.83122146,10.284364,1.42643323721e+12,1.42643323722e+12,777777,2559,8
28.199997,11.399994,-39,1.42643323721e+12,1.42643323722e+12,999999,2558,10
-0.13973127,0.070156455,-0.17271346,1.42643323726e+12,1.42643323726e+12,888888,2609,1
-1.2275972,1.2269984,11.269914,1.42643323726e+12,1.42643323727e+12,777777,2609,8
27.899994,11.399994,-38.699997,1.42643323726e+12,1.42643323727e+12,999999,2608,10
-5.326322e-07,0.44000667,-0.23453288,1.42643323731e+12,1.42643323731e+12,888888,2659,1
-1.3736933,1.0582993,12.57505,1.42643323731e+12,1.42643323732e+12,777777,2659,6
28.199997,11.399994,-38.699997,1.42643323731e+12,1.42643323732e+12,999999,2658,8
-0.41578656,-5.326322e-07,-0.9315988,1.42643323736e+12,1.42643323736e+12,888888,2708,1
-1.1933185,0.1963916,12.162059,1.42643323736e+12,1.42643323736e+12,777777,2708,6
28.799988,12,-38.399994,1.42643323736e+12,1.42643323737e+12,999999,2709,7
-5.326322e-07,0.025390578,-0.666202,1.42643323741e+12,1.42643323741e+12,888888,2757,1
-1.4834152,-0.7949968,12.290043,1.42643323741e+12,1.42643323742e+12,777777,2758,8
28.799988,13.199997,-37.799988,1.42643323741e+12,1.42643323742e+12,999999,2757,10
0.53708345,-0.34019592,-0.3453811,1.42643323746e+12,1.42643323746e+12,888888,2808,2
-0.6822812,-0.6839278,10.239307,1.42643323746e+12,1.42643323747e+12,777777,2809,10
29.399994,13.799988,-37.5,1.42643323746e+12,1.42643323747e+12,999999,2809,12
0.103282444,-0.856067,-0.8484621,1.42643323751e+12,1.42643323751e+12,888888,2857,2
-0.10807525,-0.4459227,9.341624,1.42643323751e+12,1.42643323752e+12,777777,2857,7
27.899994,14.399994,-38.09999,1.42643323751e+12,1.42643323752e+12,999999,2857,9
0.101150855,0.12238317,-0.7951696,1.42643323756e+12,1.42643323756e+12,888888,2910,1
-0.25656646,-0.86475176,9.899814,1.42643323756e+12,1.42643323757e+12,777777,2910,7
26.699997,15.299988,-38.399994,1.42643323756e+12,1.42643323757e+12,999999,2910,8
-0.12587537,-0.15154,-0.401871,1.42643323761e+12,1.42643323761e+12,888888,2960,1
-0.63887143,-0.26255402,8.134684,1.42643323761e+12,1.42643323762e+12,777777,2960,5
26.09999,15,-39.299988,1.42643323761e+12,1.42643323762e+12,999999,2959,7
-0.120546125,-0.4275953,-0.45942724,1.42643323766e+12,1.42643323766e+12,888888,3008,1
-0.31539413,0.64800245,7.2495747,1.42643323766e+12,1.42643323766e+12,777777,3008,6
24.299988,15.899994,-39.899994,1.42643323766e+12,1.42643323767e+12,999999,3008,7
0.42197174,-0.19310847,-0.3027471,1.42643323771e+12,1.42643323771e+12,888888,3060,1
-0.13696519,0.5803432,6.835236,1.42643323771e+12,1.42643323772e+12,777777,3060,5
24.299988,16.5,-40.5,1.42643323771e+12,1.42643323772e+12,999999,3060,6
0.27488428,-0.4116078,-0.1567257,1.42643323776e+12,1.42643323776e+12,888888,3109,1
-0.4035608,0.4287085,6.8046994,1.42643323776e+12,1.42643323776e+12,777777,3108,6
23.399994,16.199997,-41.09999,1.42643323776e+12,1.42643323777e+12,999999,3109,7
0.25783047,-0.038560174,-0.10663057,1.42643323781e+12,1.42643323781e+12,888888,3159,1
-0.39218444,0.69231033,7.5338335,1.42643323781e+12,1.42643323782e+12,777777,3159,9
21.899994,16.199997,-41.399994,1.42643323781e+12,1.42643323782e+12,999999,3159,10
0.19494553,-0.020440826,0.10760529,1.42643323786e+12,1.42643323786e+12,888888,3209,1
-0.27677444,1.5334113,9.010962,1.42643323786e+12,1.42643323787e+12,777777,3208,8
21.899994,15.599991,-41.699997,1.42643323786e+12,1.42643323787e+12,999999,3209,9
-5.326322e-07,0.42508444,0.49237695,1.42643323791e+12,1.42643323791e+12,888888,3260,1
-0.6370752,1.6349002,11.627071,1.42643323791e+12,1.42643323792e+12,777777,3259,6
21.59999,15,-41.699997,1.42643323791e+12,1.42643323792e+12,999999,3260,7
0.15337758,0.61373985,0.62027895,1.42643323796e+12,1.42643323796e+12,888888,3309,1
-1.0761123,0.8428972,13.2178135,1.42643323796e+12,1.42643323796e+12,777777,3309,5
22.799988,14.099991,-41.399994,1.42643323796e+12,1.42643323797e+12,999999,3309,7
-0.5618077,-0.6119875,0.2653507,1.42643323801e+12,1.42643323801e+12,888888,3358,1
-1.873504,0.12888199,14.63357,1.42643323801e+12,1.42643323801e+12,777777,3358,5
23.09999,13.799988,-41.699997,1.42643323801e+12,1.42643323802e+12,999999,3358,7
-0.085372955,0.18526813,0.44654527,1.42643323806e+12,1.42643323806e+12,888888,3410,1
-0.78915894,-0.7512877,13.287718,1.42643323806e+12,1.42643323806e+12,777777,3410,4
23.699997,13.199997,-41.399994,1.42643323806e+12,1.42643323807e+12,999999,3409,6
0.32391337,0.4517307,0.56592065,1.42643323811e+12,1.42643323811e+12,888888,3458,1
-0.4926256,0.021854553,8.332123,1.42643323811e+12,1.42643323811e+12,777777,3458,5
24.59999,12.899994,-41.399994,1.42643323811e+12,1.42643323812e+12,999999,3458,6
0.17682591,-0.4243979,0.31331426,1.42643323816e+12,1.42643323816e+12,888888,3508,1
-0.61073,0.41628432,8.070467,1.42643323816e+12,1.42643323816e+12,777777,3508,5
24,12.899994,-41.09999,1.42643323816e+12,1.42643323817e+12,999999,3508,7
0.3303084,-0.047087085,-0.033087112,1.42643323821e+12,1.42643323821e+12,888888,3560,1
-0.39248383,0.046403505,7.25167,1.42643323821e+12,1.42643323822e+12,777777,3560,7
24.899994,12.299988,-40.5,1.42643323821e+12,1.42643323822e+12,999999,3559,9
-5.326322e-07,-0.103576995,-0.13434316,1.42643323826e+12,1.42643323826e+12,888888,3608,1
-0.6147716,-0.08652008,7.874974,1.42643323826e+12,1.42643323827e+12,777777,3608,9
24.59999,11.699997,-40.799988,1.42643323826e+12,1.42643323827e+12,999999,3608,11
0.09155122,0.32382333,0.0990901,1.42643323831e+12,1.42643323831e+12,888888,3658,1
-0.6210585,0.34158966,7.174431,1.42643323831e+12,1.42643323832e+12,777777,3659,9
24.899994,11.699997,-41.09999,1.42643323831e+12,1.42643323832e+12,999999,3658,15
-0.44670293,-0.20590442,0.18116046,1.42643323836e+12,1.42643323837e+12,888888,3707,8
-0.8349637,0.8894504,8.06942,1.42643323836e+12,1.42643323838e+12,777777,3706,21
25.5,11.699997,-41.399994,1.42643323836e+12,1.42643323838e+12,999999,3707,24
-0.039548475,0.12877263,0.11827525,1.42643323841e+12,1.42643323843e+12,888888,3756,24
-0.850681,0.76221496,9.201216,1.42643323841e+12,1.42643323844e+12,777777,3757,32
25.799988,12,-40.5,1.42643323841e+12,1.42643323844e+12,999999,3756,34
-0.20475501,-0.08546323,0.120406836,1.42643323846e+12,1.42643323848e+12,888888,3807,19
-0.9080118,0.8378078,9.723181,1.42643323846e+12,1.42643323849e+12,777777,3806,30
26.09999,12,-40.199997,1.42643323846e+12,1.42643323849e+12,999999,3806,31
-0.024626518,0.17140691,0.16304085,1.42643323851e+12,1.42643323853e+12,888888,3856,20
-0.81101346,1.0490185,9.661808,1.42643323851e+12,1.42643323854e+12,777777,3856,30
25.799988,11.699997,-39,1.42643323851e+12,1.42643323854e+12,999999,3857,31
0.036127113,0.23216,0.107616745,1.42643323856e+12,1.42643323857e+12,888888,3907,12
-0.9645941,1.3516891,9.56481,1.42643323856e+12,1.42643323858e+12,777777,3907,18
25.799988,11.699997,-38.399994,1.42643323856e+12,1.42643323858e+12,999999,3908,19
-5.326322e-07,-0.27305096,-0.033071667,1.42643323861e+12,1.42643323861e+12,888888,3958,3
-1.3600717,1.2364289,10.945239,1.42643323861e+12,1.42643323862e+12,777777,3957,13
25.5,11.099991,-38.399994,1.42643323861e+12,1.42643323862e+12,999999,3957,14
0.05745344,-5.326322e-07,-0.17802726,1.42643323866e+12,1.42643323866e+12,888888,4008,1
-1.2745994,0.9032217,12.008478,1.42643323866e+12,1.42643323867e+12,777777,4008,11
25.5,11.699997,-39,1.42643323866e+12,1.42643323867e+12,999999,4008,12
0.032938775,-0.34766024,-0.3485633,1.42643323871e+12,1.42643323871e+12,888888,4057,2
-0.7680528,0.78945833,11.192525,1.42643323871e+12,1.42643323872e+12,777777,4057,14
25.199997,11.699997,-39,1.42643323871e+12,1.42643323872e+12,999999,4058,15
-0.6044393,0.15435496,-0.60649896,1.42643323876e+12,1.42643323876e+12,888888,4108,1
-0.3357518,0.52226394,11.966116,1.42643323876e+12,1.42643323877e+12,777777,4108,11
24.899994,12,-39,1.42643323876e+12,1.42643323877e+12,999999,4107,13
0.21200174,-5.326322e-07,-0.30592957,1.42643323881e+12,1.42643323881e+12,888888,4157,3
-0.22468276,-0.14744338,13.26257,1.42643323881e+12,1.42643323882e+12,777777,4157,8
25.5,12.899994,-38.699997,1.42643323881e+12,1.42643323882e+12,999999,4158,12
0.5392177,0.22576709,-0.22279286,1.42643323886e+12,1.42643323886e+12,888888,4209,1
0.07873627,0.24908203,9.749676,1.42643323886e+12,1.42643323886e+12,777777,4209,5
25.5,12.899994,-38.09999,1.42643323886e+12,1.42643323887e+12,999999,4209,6
0.13312876,-0.42333582,-0.34003693,1.42643323891e+12,1.42643323891e+12,888888,4258,1
-0.08427475,0.63093793,7.3865395,1.42643323891e+12,1.42643323891e+12,777777,4258,5
25.199997,13.199997,-38.699997,1.42643323891e+12,1.42643323892e+12,999999,4258,6
-0.13013616,-0.427599,-0.2856781,1.42643323896e+12,1.42643323896e+12,888888,4308,1
-0.45295808,-0.15477814,9.167835,1.42643323896e+12,1.42643323896e+12,777777,4308,6
25.199997,13.199997,-39.59999,1.42643323896e+12,1.42643323897e+12,999999,4308,7
-0.1066873,0.07548197,-0.13326165,1.42643323901e+12,1.42643323901e+12,888888,4358,1
-0.52091676,-0.25761428,9.695488,1.42643323901e+12,1.42643323901e+12,777777,4357,6
24.299988,13.5,-40.5,1.42643323901e+12,1.42643323902e+12,999999,4358,7
-0.116279736,0.079745166,0.122542165,1.42643323906e+12,1.42643323906e+12,888888,4409,1
-0.36209702,0.47765672,8.579858,1.42643323906e+12,1.42643323907e+12,777777,4408,8
24,13.799988,-41.399994,1.42643323906e+12,1.42643323907e+12,999999,4409,9
0.10008772,-0.060946707,0.16091299,1.42643323911e+12,1.42643323911e+12,888888,4458,2
-0.1553769,1.011297,7.8278217,1.42643323911e+12,1.42643323912e+12,777777,4459,11
24.299988,14.099991,-41.699997,1.42643323911e+12,1.42643323912e+12,999999,4459,13
0.19921164,0.031782165,0.11614685,1.42643323916e+12,1.42643323916e+12,888888,4508,2
-0.16360977,0.93735075,6.760691,1.42643323916e+12,1.42643323917e+12,777777,4509,11
24.59999,14.399994,-41.399994,1.42643323916e+12,1.42643323917e+12,999999,4509,13
0.2855452,-0.26452407,0.06285486,1.42643323921e+12,1.42643323921e+12,888888,4559,1
-0.062719576,0.8837622,6.431376,1.42643323921e+12,1.42643323922e+12,777777,4559,8
24.59999,14.099991,-41.399994,1.42643323921e+12,1.42643323922e+12,999999,4559,9
0.11181175,-0.2826434,-5.326322e-07,1.42643323926e+12,1.42643323926e+12,888888,4607,1
0.32602203,1.1436218,8.3499365,1.42643323926e+12,1.42643323926e+12,777777,4607,7
24,13.5,-41.399994,1.42643323926e+12,1.42643323927e+12,999999,4607,8
-0.12907037,-0.33273855,-5.326322e-07,1.42643323931e+12,1.42643323931e+12,888888,4658,1
0.17453705,1.0264156,11.726166,1.42643323931e+12,1.42643323931e+12,777777,4658,5
23.399994,13.5,-41.09999,1.42643323931e+12,1.42643323932e+12,999999,4658,6
-0.3838081,0.24175484,0.23232459,1.42643323936e+12,1.42643323936e+12,888888,4707,1
-0.18696122,0.11076965,14.583723,1.42643323936e+12,1.42643323936e+12,777777,4708,4
23.399994,13.5,-41.09999,1.42643323936e+12,1.42643323936e+12,999999,4708,5
-0.5458178,-0.21229735,0.2163371,1.42643323941e+12,1.42643323941e+12,888888,4757,2
-0.46942383,-0.28485763,14.99896,1.42643323941e+12,1.42643323941e+12,777777,4757,5
23.399994,13.799988,-40.799988,1.42643323941e+12,1.42643323942e+12,999999,4758,6
0.25889894,0.9505451,0.49985296,1.42643323946e+12,1.42643323953e+12,888888,4807,68
-0.4951703,-0.21779709,11.195069,1.42643323946e+12,1.42643323953e+12,777777,4806,72
24,14.399994,-41.09999,1.42643323946e+12,1.42643323953e+12,999999,4807,72
0.18855314,-0.4244016,0.3602269,1.42643323952e+12,1.42643323953e+12,888888,4866,14
-1.0621911,0.5495073,8.974737,1.42643323952e+12,1.42643323953e+12,777777,4866,17
24.299988,14.099991,-40.799988,1.42643323952e+12,1.42643323954e+12,999999,4866,18
0.18855314,0.06375794,0.29201242,1.42643323956e+12,1.42643323956e+12,888888,4907,3
-0.7192543,0.3835025,9.602382,1.42643323956e+12,1.42643323957e+12,777777,4907,9
24.299988,13.799988,-40.799988,1.42643323956e+12,1.42643323957e+12,999999,4906,11
-0.0821729,0.31210065,0.2184687,1.42643323961e+12,1.42643323961e+12,888888,4958,1
-0.60264677,0.291893,10.144854,1.42643323961e+12,1.42643323962e+12,777777,4958,6
24.59999,12.899994,-40.5,1.42643323961e+12,1.42643323962e+12,999999,4958,7
-0.06618515,0.5657731,0.38793895,1.42643323966e+12,1.42643323966e+12,888888,5004,1
-0.9939331,0.103883974,8.695268,1.42643323966e+12,1.42643323966e+12,777777,5004,6
24.59999,12.599991,-39.899994,1.42643323966e+12,1.42643323966e+12,999999,5004,7
-0.097094595,0.13090609,0.33358064,1.42643323971e+12,1.42643323971e+12,888888,5058,1
-1.1317964,0.40251297,6.9412155,1.42643323971e+12,1.42643323971e+12,777777,5057,6
25.199997,12,-39.299988,1.42643323971e+12,1.42643323972e+12,999999,5058,7
0.08516549,0.139433,0.39433426,1.42643323976e+12,1.42643323976e+12,888888,5107,1
-0.7262897,0.54082537,6.2849803,1.42643323976e+12,1.42643323976e+12,777777,5108,5
25.799988,11.699997,-38.399994,1.42643323976e+12,1.42643323976e+12,999999,5107,7
0.08623129,-5.326322e-07,0.36342427,1.42643323981e+12,1.42643323981e+12,888888,5158,1
-0.53648436,0.719404,6.1936703,1.42643323981e+12,1.42643323981e+12,777777,5157,6
27,11.399994,-38.09999,1.42643323981e+12,1.42643323982e+12,999999,5158,7
0.05638764,-0.107844174,0.17050569,1.42643323986e+12,1.42643323986e+12,888888,5208,1
-0.7099736,0.8427475,7.919581,1.42643323986e+12,1.42643323987e+12,777777,5208,7
27.59999,10.5,-38.09999,1.42643323986e+12,1.42643323987e+12,999999,5208,8
-0.29747456,0.01792627,0.11934477,1.42643323991e+12,1.42643323991e+12,888888,5257,1
-0.68677187,0.7583231,11.34416,1.42643323991e+12,1.42643323991e+12,777777,5257,5
27.899994,10.5,-38.399994,1.42643323991e+12,1.42643323991e+12,999999,5257,6
-0.035275165,-0.04495922,-0.12366895,1.42643323996e+12,1.42643323996e+12,888888,5308,1
-0.47211823,0.87133807,13.615686,1.42643323996e+12,1.42643323996e+12,777777,5308,4
27.59999,10.5,-38.399994,1.42643323996e+12,1.42643323996e+12,999999,5308,5
-0.0821729,-0.28477502,-0.558536,1.42643324001e+12,1.42643324001e+12,888888,5358,1
-0.84888476,0.7683522,14.368022,1.42643324001e+12,1.42643324001e+12,777777,5359,4
27,10.199997,-38.699997,1.42643324001e+12,1.42643324002e+12,999999,5359,5
0.22479211,0.11918205,-0.30592957,1.42643324006e+12,1.42643324006e+12,888888,5407,1
-0.8295749,0.03607498,12.338991,1.42643324006e+12,1.42643324006e+12,777777,5407,5
26.699997,11.099991,-39,1.42643324006e+12,1.42643324006e+12,999999,5407,6
0.7374658,-5.326322e-07,-0.17056668,1.42643324011e+12,1.42643324011e+12,888888,5458,1
-0.6024971,-0.003293152,9.586664,1.42643324011e+12,1.42643324011e+12,777777,5458,4
27,11.099991,-39.299988,1.42643324011e+12,1.42643324011e+12,999999,5458,5
0.7896925,0.15648654,-0.39546105,1.42643324016e+12,1.42643324016e+12,888888,5508,1
-0.24563919,0.4734654,7.8275228,1.42643324016e+12,1.42643324016e+12,777777,5508,6
27,10.199997,-39,1.42643324016e+12,1.42643324017e+12,999999,5508,8
0.058519237,-0.17499259,-0.4231731,1.42643324021e+12,1.42643324021e+12,888888,5558,1
-0.5581892,0.46493316,7.6707983,1.42643324021e+12,1.42643324021e+12,777777,5558,5
27.299988,9.899994,-38.699997,1.42643324021e+12,1.42643324022e+12,999999,5558,6
0.076638855,0.07015272,-0.1428541,1.42643324025e+12,1.42643324026e+12,888888,5603,1
-0.76655596,0.17423767,8.140372,1.42643324025e+12,1.42643324026e+12,777777,5603,5
27.299988,8.699997,-37.799988,1.42643324025e+12,1.42643324026e+12,999999,5603,6
0.18535548,0.1458283,-0.0810352,1.42643324031e+12,1.42643324031e+12,888888,5658,1
-0.74110883,0.6161188,6.9404674,1.42643324031e+12,1.42643324031e+12,777777,5658,4
26.399994,8.399994,-37.799988,1.42643324031e+12,1.42643324031e+12,999999,5658,5
-0.23992552,-0.49261475,-0.045851644,1.42643324036e+12,1.42643324036e+12,888888,5708,1
-1.1261083,1.0219249,7.3125935,1.42643324036e+12,1.42643324036e+12,777777,5708,6
26.399994,8.399994,-38.699997,1.42643324036e+12,1.42643324037e+12,999999,5708,7
-0.1258799,-0.1803205,0.055404138,1.42643324041e+12,1.42643324041e+12,888888,5757,1
-1.0036628,1.0665321,8.743767,1.42643324041e+12,1.42643324041e+12,777777,5756,7
26.09999,8.399994,-39,1.42643324041e+12,1.42643324042e+12,999999,5756,9
-0.12907729,-0.24960051,0.13214526,1.42643324046e+12,1.42643324046e+12,888888,5809,1
-0.6532416,1.4944922,9.278007,1.42643324046e+12,1.42643324047e+12,777777,5809,7
25.199997,8.699997,-41.399994,1.42643324046e+12,1.42643324047e+12,999999,5809,8
-0.039546076,-0.046023417,0.20035973,1.42643324051e+12,1.42643324051e+12,888888,5859,1
-0.18396744,2.1956341,10.398426,1.42643324051e+12,1.42643324052e+12,777777,5858,14
25.199997,9,-42,1.42643324051e+12,1.42643324052e+12,999999,5859,15
-0.13867,0.22043917,0.26750815,1.42643324056e+12,1.42643324057e+12,888888,5907,11
-0.30222154,2.1965322,11.97869,1.42643324056e+12,1.42643324058e+12,777777,5907,20
25.199997,9.899994,-42.299988,1.42643324056e+12,1.42643324058e+12,999999,5907,22
-0.28042793,-5.326322e-07,0.29308861,1.42643324061e+12,1.42643324061e+12,888888,5957,2
-0.9108559,1.6119978,13.376782,1.42643324061e+12,1.42643324062e+12,777777,5957,7
24.899994,9.899994,-42.299988,1.42643324061e+12,1.42643324062e+12,999999,5957,8
-0.281494,-0.03110146,0.31120795,1.42643324066e+12,1.42643324066e+12,888888,6007,1
-0.98001206,0.43065444,13.964012,1.42643324066e+12,1.42643324066e+12,777777,6007,4
25.5,10.5,-40.5,1.42643324066e+12,1.42643324066e+12,999999,6007,5
0.35055536,1.2138113,0.49879757,1.42643324071e+12,1.42643324071e+12,888888,6058,1
-1.0725197,0.2122586,10.720407,1.42643324071e+12,1.42643324071e+12,777777,6058,4
26.699997,9.899994,-40.199997,1.42643324071e+12,1.42643324071e+12,999999,6058,5
-0.028887575,-0.33167142,0.37729084,1.42643324076e+12,1.42643324076e+12,888888,6109,1
-2.2489233,0.64695466,8.484357,1.42643324076e+12,1.42643324076e+12,777777,6109,4
27.299988,8.699997,-39.299988,1.42643324076e+12,1.42643324076e+12,999999,6109,5
0.10434372,-0.26558825,0.35277617,1.42643324081e+12,1.42643324081e+12,888888,6159,1
-1.9038908,0.104482725,9.143137,1.42643324081e+12,1.42643324082e+12,777777,6158,6
28.199997,8.099991,-38.699997,1.42643324081e+12,1.42643324082e+12,999999,6159,7
0.08409277,-0.23041536,0.11722356,1.42643324086e+12,1.42643324086e+12,888888,6208,2
-0.8095166,0.29758117,8.077802,1.42643324086e+12,1.42643324087e+12,777777,6208,9
28.5,7.5,-39.299988,1.42643324086e+12,1.42643324087e+12,999999,6208,11
-0.20901793,0.21403986,-5.326322e-07,1.42643324091e+12,1.42643324091e+12,888888,6256,4
-0.57225996,0.55654263,6.9394193,1.42643324091e+12,1.42643324092e+12,777777,6256,8
27.899994,7.5,-39,1.42643324091e+12,1.42643324092e+12,999999,6257,9
-0.26977155,0.053096507,0.094836764,1.42643324096e+12,1.42643324096e+12,888888,6308,1
-0.7192543,0.62554914,7.186705,1.42643324096e+12,1.42643324096e+12,777777,6308,6
27.59999,7.5,-39,1.42643324096e+12,1.42643324097e+12,999999,6307,8
-0.034218423,0.13516714,0.07884901,1.42643324101e+12,1.42643324101e+12,888888,6358,1
-0.68153274,0.8608598,7.0278854,1.42643324101e+12,1.42643324102e+12,777777,6357,7
28.199997,8.099991,-39,1.42643324101e+12,1.42643324102e+12,999999,6358,8
-0.18556906,-0.07906872,0.02662229,1.42643324106e+12,1.42643324106e+12,888888,6404,1
-0.7644603,1.2528946,7.059919,1.42643324106e+12,1.42643324106e+12,777777,6405,6
28.5,8.399994,-38.09999,1.42643324106e+12,1.42643324106e+12,999999,6404,8
-0.31560296,-0.10145179,-0.059711266,1.42643324111e+12,1.42643324111e+12,888888,6459,1
-0.92402846,1.3808784,9.328152,1.42643324111e+12,1.42643324112e+12,777777,6459,6
28.199997,9,-38.399994,1.42643324111e+12,1.42643324112e+12,999999,6458,8
-0.3230641,0.15648416,-0.19827208,1.42643324116e+12,1.42643324116e+12,888888,6507,2
-0.4752617,1.196911,12.838652,1.42643324116e+12,1.42643324117e+12,777777,6507,9
28.199997,9.299988,-39,1.42643324116e+12,1.42643324117e+12,999999,6508,10
0.46566516,-0.80491275,-1.0083178,1.42643324121e+12,1.42643324121e+12,888888,6558,2
-0.5736072,0.9559122,13.843513,1.42643324121e+12,1.42643324122e+12,777777,6559,10
27.299988,9.299988,-39,1.42643324121e+12,1.42643324122e+12,999999,6559,12
-0.1248157,0.17886695,-0.785555,1.42643324126e+12,1.42643324126e+12,888888,6608,1
-0.15373032,0.09714798,14.082266,1.42643324126e+12,1.42643324127e+12,777777,6608,7
27.299988,9.599991,-39.299988,1.42643324126e+12,1.42643324127e+12,999999,6608,8
0.15763436,0.36112732,-0.16203311,1.42643324131e+12,1.42643324131e+12,888888,6658,1
-0.69216067,-0.5965096,10.735076,1.42643324131e+12,1.42643324131e+12,777777,6658,4
27.899994,9.899994,-38.699997,1.42643324131e+12,1.42643324132e+12,999999,6659,5
0.9143881,0.058425758,-0.4935125,1.42643324136e+12,1.42643324136e+12,888888,6708,1
-0.4552034,0.21061203,8.363408,1.42643324136e+12,1.42643324136e+12,777777,6708,6
27.899994,10.199997,-38.399994,1.42643324136e+12,1.42643324137e+12,999999,6709,7
0.47632366,0.021121264,-0.58304375,1.42643324141e+12,1.42643324141e+12,888888,6757,2
-0.214953,0.59516233,7.92976,1.42643324141e+12,1.42643324142e+12,777777,6757,7
28.799988,10.799988,-37.5,1.42643324141e+12,1.42643324142e+12,999999,6757,9
0.31218266,-0.02897386,-0.57664865,1.42643324146e+12,1.42643324146e+12,888888,6807,4
-1.0303074,0.6873706,8.18962,1.42643324146e+12,1.42643324147e+12,777777,6807,9
29.09999,11.099991,-37.5,1.42643324146e+12,1.42643324147e+12,999999,6807,11
0.08622251,-0.24534132,-0.28993487,1.42643324151e+12,1.42643324151e+12,888888,6857,1
-1.2816348,0.53648436,9.290131,1.42643324151e+12,1.42643324151e+12,777777,6857,5
29.09999,10.799988,-37.199997,1.42643324151e+12,1.42643324152e+12,999999,6858,6
0.088354096,-5.326322e-07,-0.22811572,1.42643324156e+12,1.42643324156e+12,888888,6908,1
-1.0285112,0.6680608,9.317524,1.42643324156e+12,1.42643324156e+12,777777,6909,5
29.399994,11.099991,-37.5,1.42643324156e+12,1.42643324157e+12,999999,6908,7
-0.66093826,-0.28584346,0.20248759,1.42643324161e+12,1.42643324161e+12,888888,6959,1
-0.98390394,0.85846484,8.586893,1.42643324161e+12,1.42643324162e+12,777777,6958,6
29.09999,11.099991,-38.399994,1.42643324161e+12,1.42643324162e+12,999999,6959,7
-0.23886158,-0.32101664,0.06179546,1.42643324166e+12,1.42643324166e+12,888888,7009,2
-1.0382409,1.2237053,7.943382,1.42643324166e+12,1.42643324167e+12,777777,7010,7
28.5,12,-38.699997,1.42643324166e+12,1.42643324167e+12,999999,7009,9
-0.27190316,-0.10784684,0.15985358,1.42643324171e+12,1.42643324171e+12,888888,7057,2
-0.90337145,1.3521382,9.168584,1.42643324171e+12,1.42643324172e+12,777777,7057,7
28.5,13.199997,-39.299988,1.42643324171e+12,1.42643324172e+12,999999,7058,8
-0.06193048,0.16714239,0.06819051,1.42643324176e+12,1.42643324176e+12,888888,7109,1
-0.47571075,1.4846127,10.513687,1.42643324176e+12,1.42643324176e+12,777777,7109,5
28.199997,13.5,-39.899994,1.42643324176e+12,1.42643324177e+12,999999,7110,6
-0.4349781,0.09999424,0.11082452,1.42643324181e+12,1.42643324181e+12,888888,7157,1
-1.1141331,0.9327104,12.200978,1.42643324181e+12,1.42643324181e+12,777777,7157,4
28.799988,14.099991,-39.899994,1.42643324181e+12,1.42643324181e+12,999999,7157,5
0.2301123,0.52100486,0.5744694,1.42643324186e+12,1.42643324186e+12,888888,7209,1
-1.3621674,-0.32003447,12.394526,1.42643324186e+12,1.42643324187e+12,777777,7208,9
28.799988,13.799988,-39.59999,1.42643324186e+12,1.42643324187e+12,999999,7208,10
0.14591007,0.24281797,0.46681857,1.42643324191e+12,1.42643324191e+12,888888,7258,1
-1.4891034,0.13082795,10.788665,1.42643324191e+12,1.42643324192e+12,777777,7257,11
28.799988,13.199997,-39.59999,1.42643324191e+12,1.42643324192e+12,999999,7257,17
0.10860557,-0.17179786,0.18223666,1.42643324196e+12,1.42643324196e+12,888888,7309,1
-2.0190015,0.39862105,9.285042,1.42643324196e+12,1.42643324197e+12,777777,7309,8
29.09999,12.299988,-39.299988,1.42643324196e+12,1.42643324197e+12,999999,7308,10
-0.086445145,0.038174815,0.16091965,1.42643324201e+12,1.42643324201e+12,888888,7358,1
-1.9505937,0.0017962647,9.075028,1.42643324201e+12,1.42643324201e+12,777777,7358,5
28.799988,11.399994,-38.699997,1.42643324201e+12,1.42643324202e+12,999999,7359,6
-0.25058615,0.24281797,0.21527795,1.42643324206e+12,1.42643324206e+12,888888,7408,2
-1.4750327,0.10178833,8.57417,1.42643324206e+12,1.42643324206e+12,777777,7409,5
28.799988,11.099991,-38.09999,1.42643324206e+12,1.42643324207e+12,999999,7408,7
-0.29748362,0.2598715,0.18756564,1.42643324211e+12,1.42643324211e+12,888888,7458,1
-1.1249107,0.5185217,7.691605,1.42643324211e+12,1.42643324212e+12,777777,7458,6
29.699997,11.099991,-37.799988,1.42643324211e+12,1.42643324212e+12,999999,7458,7
-0.16638392,-0.05348826,0.29201907,1.42643324216e+12,1.42643324216e+12,888888,7508,1
-1.2097843,0.58109164,6.692882,1.42643324216e+12,1.42643324217e+12,777777,7507,14
29.699997,12,-37.5,1.42643324216e+12,1.42643324217e+12,999999,7508,15
-0.026757313,-0.20590523,0.24192421,1.42643324221e+12,1.42643324221e+12,888888,7558,3
-1.126707,0.52061737,7.0304303,1.42643324221e+12,1.42643324222e+12,777777,7557,7
30,12.599991,-36.899994,1.42643324221e+12,1.42643324222e+12,999999,7558,8
-0.0661942,-0.38390186,0.06712471,1.42643324226e+12,1.42643324226e+12,888888,7608,1
-0.9912387,0.72134995,8.447234,1.42643324226e+12,1.42643324227e+12,777777,7609,6
29.699997,12.599991,-38.09999,1.42643324226e+12,1.42643324227e+12,999999,7608,8
-0.059798885,-0.17712684,-0.04052612,1.42643324231e+12,1.42643324231e+12,888888,7658,1
-0.8430469,0.80996567,9.893526,1.42643324231e+12,1.42643324232e+12,777777,7658,8
29.09999,12.599991,-38.699997,1.42643324231e+12,1.42643324232e+12,999999,7658,9
-0.16317162,-0.124893464,-0.21211545,1.42643324236e+12,1.42643324236e+12,888888,7708,1
-0.5707631,0.7327263,13.097913,1.42643324236e+12,1.42643324237e+12,777777,7708,8
29.09999,12.899994,-39.299988,1.42643324236e+12,1.42643324237e+12,999999,7708,10
-0.36248553,-0.31887838,-0.572373,1.42643324241e+12,1.42643324241e+12,888888,7758,1
-0.9383986,-0.3215314,14.388229,1.42643324241e+12,1.42643324242e+12,777777,7758,10
28.5,12.899994,-39.899994,1.42643324241e+12,1.42643324242e+12,999999,7758,12
0.09050087,0.4581263,-0.34534675,1.42643324246e+12,1.42643324246e+12,888888,7810,1
-0.36419266,-0.8782237,11.836336,1.42643324246e+12,1.42643324247e+12,777777,7810,10
28.5,13.199997,-39.299988,1.42643324246e+12,1.42643324247e+12,999999,7810,11
0.41132176,-0.30075878,-0.26540798,1.42643324251e+12,1.42643324251e+12,888888,7859,1
-0.26240432,-0.35850447,9.749676,1.42643324251e+12,1.42643324252e+12,777777,7859,6
28.5,12.299988,-39,1.42643324251e+12,1.42643324252e+12,999999,7859,7
0.1523203,-0.11530076,-0.34961048,1.42643324256e+12,1.42643324256e+12,888888,7905,1
-0.003742218,-0.27632537,9.663904,1.42643324256e+12,1.42643324256e+12,777777,7905,6
28.5,12,-39,1.42643324256e+12,1.42643324256e+12,999999,7904,8
0.14379339,-0.2197542,-0.3901126,1.42643324261e+12,1.42643324261e+12,888888,7959,1
-0.29803026,-0.25536895,8.746761,1.42643324261e+12,1.42643324262e+12,777777,7958,7
28.199997,12,-40.5,1.42643324261e+12,1.42643324262e+12,999999,7959,8
0.1779005,0.14263465,-0.29418582,1.42643324266e+12,1.42643324266e+12,888888,8010,2
0.022453308,0.2615062,7.6481953,1.42643324266e+12,1.42643324267e+12,777777,8010,12
27.899994,12,-41.09999,1.42643324266e+12,1.42643324268e+12,999999,8010,14
-5.326322e-07,0.124515034,-0.21531337,1.42643324271e+12,1.42643324271e+12,888888,8059,2
0.09175918,0.6397696,7.0115695,1.42643324271e+12,1.42643324272e+12,777777,8059,15
27.299988,12.899994,-42,1.42643324271e+12,1.42643324273e+12,999999,8059,17
0.17896655,-5.326322e-07,-5.326322e-07,1.42643324276e+12,1.42643324276e+12,888888,8107,1
-0.5788463,0.47062135,7.454648,1.42643324276e+12,1.42643324276e+12,777777,8107,7
27,12.299988,-41.699997,1.42643324276e+12,1.42643324277e+12,999999,8108,8
0.069183595,-0.09078663,0.03196406,1.42643324281e+12,1.42643324281e+12,888888,8158,1
-0.88286406,0.59351575,8.099657,1.42643324281e+12,1.42643324282e+12,777777,8158,6
27.299988,12.899994,-40.199997,1.42643324281e+12,1.42643324282e+12,999999,8159,7
-0.04486228,-0.06840356,0.19717085,1.42643324286e+12,1.42643324286e+12,888888,8210,1
-1.1177257,0.89738387,8.799452,1.42643324286e+12,1.42643324287e+12,777777,8210,9
26.699997,12.599991,-39.59999,1.42643324286e+12,1.42643324287e+12,999999,8210,11
-0.1194718,0.41442648,0.3250729,1.42643324291e+12,1.42643324291e+12,888888,8260,3
-1.0270143,1.2729529,11.041938,1.42643324291e+12,1.42643324292e+12,777777,8260,12
26.699997,12.599991,-39.299988,1.42643324291e+12,1.42643324292e+12,999999,8260,14
-5.326322e-07,0.05097157,0.6267084,1.42643324296e+12,1.42643324296e+12,888888,8307,1
-1.7091458,1.1217673,13.813874,1.42643324296e+12,1.42643324296e+12,777777,8307,6
26.699997,12.599991,-39,1.42643324296e+12,1.42643324296e+12,999999,8307,7
-0.38913178,-0.39029026,0.5574281,1.42643324301e+12,1.42643324301e+12,888888,8358,1
-2.164948,0.34563124,13.677058,1.42643324301e+12,1.42643324302e+12,777777,8359,6
27,12,-39.299988,1.42643324301e+12,1.42643324302e+12,999999,8358,8
0.10755469,0.26627323,0.7428861,1.42643324306e+12,1.42643324306e+12,888888,8407,2
-1.3724959,-0.35640883,12.312496,1.42643324306e+12,1.42643324307e+12,777777,8408,10
27.59999,11.699997,-39,1.42643324306e+12,1.42643324307e+12,999999,8407,12
-0.024610804,0.30570987,0.5009382,1.42643324311e+12,1.42643324311e+12,888888,8458,2
-0.99213684,0.16914825,9.435629,1.42643324311e+12,1.42643324312e+12,777777,8458,12
28.199997,10.799988,-38.699997,1.42643324311e+12,1.42643324312e+12,999999,8458,14
-5.326322e-07,0.09467138,0.36877272,1.42643324316e+12,1.42643324316e+12,888888,8507,1
-1.3283377,0.023201752,9.825717,1.42643324316e+12,1.42643324316e+12,777777,8507,6
29.09999,10.5,-38.399994,1.42643324316e+12,1.42643324317e+12,999999,8507,8
0.04786686,-0.10037907,0.26325348,1.42643324321e+12,1.42643324321e+12,888888,8558,1
-1.1925701,-0.1407074,9.456285,1.42643324321e+12,1.42643324321e+12,777777,8559,4
29.399994,10.199997,-38.399994,1.42643324321e+12,1.42643324322e+12,999999,8558,6
-0.038467232,0.12558135,0.19823666,1.42643324326e+12,1.42643324326e+12,888888,8608,1
-0.7801776,0.17857864,7.872878,1.42643324326e+12,1.42643324326e+12,777777,8607,7
29.699997,10.199997,-38.399994,1.42643324326e+12,1.42643324327e+12,999999,8607,9
-0.118406005,0.48264095,0.14920732,1.42643324331e+12,1.42643324331e+12,888888,8659,2
-0.73467225,0.37811372,7.172335,1.42643324331e+12,1.42643324332e+12,777777,8659,12
30,10.199997,-38.699997,1.42643324331e+12,1.42643324332e+12,999999,8659,14
-0.08643023,0.07442044,0.23767301,1.42643324336e+12,1.42643324336e+12,888888,8709,1
-1.0280621,0.37018022,6.717431,1.42643324336e+12,1.42643324337e+12,777777,8709,7
30.299988,10.5,-38.699997,1.42643324336e+12,1.42643324337e+12,999999,8709,8
0.11288367,-0.019374497,0.21742207,1.42643324341e+12,1.42643324341e+12,888888,8757,1
-1.1943663,0.30027556,6.2652216,1.42643324341e+12,1.42643324341e+12,777777,8757,6
30.899994,9.899994,-38.09999,1.42643324341e+12,1.42643324342e+12,999999,8758,7
0.12140419,-0.032160066,-0.090608194,1.42643324346e+12,1.42643324346e+12,888888,8808,1
-1.2335848,0.5167255,7.5875716,1.42643324346e+12,1.42643324347e+12,777777,8809,6
31.199997,9.599991,-38.399994,1.42643324346e+12,1.42643324347e+12,999999,8808,8
0.41664463,-0.33166423,-0.16948064,1.42643324351e+12,1.42643324351e+12,888888,8858,1
-1.2472064,0.7143146,9.854458,1.42643324351e+12,1.42643324352e+12,777777,8858,10
30.899994,9,-38.699997,1.42643324351e+12,1.42643324352e+12,999999,8857,12
-0.05659297,-0.4126688,-0.12151764,1.42643324356e+12,1.42643324356e+12,888888,8908,1
-1.143023,1.1009605,11.844719,1.42643324356e+12,1.42643324357e+12,777777,8907,10
30.299988,8.699997,-39,1.42643324356e+12,1.42643324357e+12,999999,8908,11
-0.097094856,-0.4915415,-0.40503377,1.42643324361e+12,1.42643324361e+12,888888,8958,1
-0.5930667,1.0942246,12.822186,1.42643324361e+12,1.42643324362e+12,777777,8957,10
29.09999,8.399994,-39.899994,1.42643324361e+12,1.42643324362e+12,999999,8957,12
-0.21966791,-0.38282487,-0.5830307,1.42643324366e+12,1.42643324366e+12,888888,9008,1
-0.79799056,0.5638774,13.331876,1.42643324366e+12,1.42643324367e+12,777777,9007,8
28.199997,9,-39.899994,1.42643324366e+12,1.42643324367e+12,999999,9007,10
0.28234753,-0.21761808,-0.30484405,1.42643324371e+12,1.42643324371e+12,888888,9057,2
-0.434247,0.14280304,12.756173,1.42643324371e+12,1.42643324372e+12,777777,9058,9
27.299988,9.599991,-40.199997,1.42643324371e+12,1.42643324372e+12,999999,9057,11
0.20347457,-0.23467189,-0.30697566,1.42643324376e+12,1.42643324376e+12,888888,9108,1
0.46403503,0.39592665,10.676249,1.42643324376e+12,1.42643324377e+12,777777,9108,10
26.09999,9.599991,-40.5,1.42643324376e+12,1.42643324377e+12,999999,9107,12
0.46141022,-0.06626744,-0.5819649,1.42643324381e+12,1.42643324381e+12,888888,9157,1
0.3489244,0.088166654,8.494835,1.42643324381e+12,1.42643324382e+12,777777,9157,8
25.799988,9.899994,-40.5,1.42643324381e+12,1.42643324382e+12,999999,9157,9
0.084099434,-0.14194275,-0.43274584,1.42643324386e+12,1.42643324386e+12,888888,9209,1
-0.1592688,-0.17363891,8.69901,1.42643324386e+12,1.42643324387e+12,777777,9208,7
25.5,9.899994,-41.699997,1.42643324386e+12,1.42643324387e+12,999999,9209,8
0.19814558,0.32063606,-0.32083154,1.42643324391e+12,1.42643324391e+12,888888,9257,1
0.040715333,0.48334488,8.440199,1.42643324391e+12,1.42643324392e+12,777777,9257,8
25.5,9.599991,-41.699997,1.42643324391e+12,1.42643324392e+12,999999,9257,9
0.20454036,0.15756114,-0.139637,1.42643324396e+12,1.42643324396e+12,888888,9308,2
-0.124241635,0.8731343,7.504494,1.42643324396e+12,1.42643324397e+12,777777,9309,9
25.799988,10.199997,-42.299988,1.42643324396e+12,1.42643324397e+12,999999,9309,11
0.18535495,0.086149,-0.018130269,1.42643324401e+12,1.42643324401e+12,888888,9357,2
-0.4099974,0.8490344,6.622229,1.42643324401e+12,1.42643324402e+12,777777,9356,11
26.09999,9.899994,-41.699997,1.42643324401e+12,1.42643324402e+12,999999,9356,13
0.18322335,0.1607588,-0.040513072,1.42643324406e+12,1.42643324406e+12,888888,9408,1
-0.6288423,0.9888437,6.9043922,1.42643324406e+12,1.42643324406e+12,777777,9407,7
26.699997,9,-41.09999,1.42643324406e+12,1.42643324407e+12,999999,9408,8
-0.19621904,-0.15473312,0.051150005,1.42643324411e+12,1.42643324411e+12,888888,9458,1
-0.84229845,1.389261,8.321196,1.42643324411e+12,1.42643324412e+12,777777,9458,7
27,8.699997,-40.799988,1.42643324411e+12,1.42643324412e+12,999999,9458,8
0.03293851,0.020066386,0.24833232,1.42643324416e+12,1.42643324416e+12,888888,9508,1
-0.6430628,1.5985259,9.339229,1.42643324416e+12,1.42643324416e+12,777777,9507,7
27.59999,8.099991,-41.09999,1.42643324416e+12,1.42643324417e+12,999999,9508,8
-0.17596784,0.15756114,0.2163568,1.42643324421e+12,1.42643324421e+12,888888,9558,2
-0.40520737,1.745071,11.02188,1.42643324421e+12,1.42643324422e+12,777777,9558,7
27.59999,8.099991,-42,1.42643324421e+12,1.42643324422e+12,999999,9559,8
-0.22926036,0.11492685,0.3527855,1.42643324426e+12,1.42643324426e+12,888888,9608,1
-0.60608965,1.3913567,12.783117,1.42643324426e+12,1.42643324426e+12,777777,9608,6
27.899994,8.399994,-41.699997,1.42643324426e+12,1.42643324427e+12,999999,9608,8
-0.6779833,-0.1025064,0.22488372,1.42643324431e+12,1.42643324431e+12,888888,9659,2
-0.7782317,0.8228389,14.178515,1.42643324431e+12,1.42643324432e+12,777777,9659,10
27.899994,9,-42.299988,1.42643324431e+12,1.42643324432e+12,999999,9659,12
0.1661698,0.7949392,0.47322643,1.42643324436e+12,1.42643324436e+12,888888,9709,2
-0.6593788,0.2561174,13.158986,1.42643324436e+12,1.42643324437e+12,777777,9709,10
28.5,9.599991,-42,1.42643324436e+12,1.42643324437e+12,999999,9708,12
0.08196784,0.37925783,0.3826294,1.42643324441e+12,1.42643324441e+12,888888,9757,2
-1.5337106,0.6622229,9.094638,1.42643324441e+12,1.42643324442e+12,777777,9757,11
29.399994,10.5,-40.5,1.42643324441e+12,1.42643324442e+12,999999,9757,13
-0.06405382,-0.20482771,0.4241976,1.42643324446e+12,1.42643324446e+12,888888,9809,1
-2.055226,0.366438,9.666748,1.42643324446e+12,1.42643324447e+12,777777,9809,7
29.699997,10.799988,-40.799988,1.42643324446e+12,1.42643324447e+12,999999,9809,8
0.20667222,-0.043884367,0.28670314,1.42643324451e+12,1.42643324451e+12,888888,9858,1
-1.2924124,0.11795471,9.65612,1.42643324451e+12,1.42643324452e+12,777777,9859,6
30,9.899994,-40.5,1.42643324451e+12,1.42643324452e+12,999999,9858,8
0.023345802,0.2748044,0.13108878,1.42643324456e+12,1.42643324456e+12,888888,9908,2
-1.1871812,0.29264146,7.9715233,1.42643324456e+12,1.42643324457e+12,777777,9907,9
30,8.699997,-40.199997,1.42643324456e+12,1.42643324457e+12,999999,9908,10
-5.326322e-07,0.38671896,0.041557297,1.42643324461e+12,1.42643324461e+12,888888,9957,1
-1.2716057,0.6005511,6.9701056,1.42643324461e+12,1.42643324461e+12,777777,9957,6
30,7.5,-40.199997,1.42643324461e+12,1.42643324462e+12,999999,9958,7
-0.066185415,0.12238797,0.05434766,1.42643324466e+12,1.42643324466e+12,888888,10007,1
-1.3861176,0.8029303,6.9449577,1.42643324466e+12,1.42643324466e+12,777777,10007,5
30.299988,6.299988,-39,1.42643324466e+12,1.42643324466e+12,999999,10007,6
-0.041661426,0.05415778,0.028760275,1.42643324471e+12,1.42643324471e+12,888888,10059,1
-1.2157718,0.8183482,7.1846094,1.42643324471e+12,1.42643324472e+12,777777,10058,7
30.899994,6,-38.699997,1.42643324471e+12,1.42643324472e+12,999999,10059,8
-0.089591935,0.047731303,0.020217387,1.42643324476e+12,1.42643324476e+12,888888,10107,2
-1.1406281,0.80906755,7.587871,1.42643324476e+12,1.42643324477e+12,777777,10107,11
30.899994,5.399994,-39,1.42643324476e+12,1.42643324477e+12,999999,10107,13
-0.063997895,-0.18248379,-0.14711489,1.42643324481e+12,1.42643324481e+12,888888,10157,1
-1.1936178,0.8345146,8.542286,1.42643324481e+12,1.42643324482e+12,777777,10158,7
30.899994,6,-39.299988,1.42643324481e+12,1.42643324482e+12,999999,10157,9
0.020204337,-0.07909615,-0.27821457,1.42643324486e+12,1.42643324486e+12,888888,10206,1
-1.3964461,1.0003697,10.306667,1.42643324486e+12,1.42643324486e+12,777777,10206,6
30.899994,6.599991,-39.59999,1.42643324486e+12,1.42643324486e+12,999999,10206,7
0.11293321,-0.3039905,-0.29739973,1.42643324491e+12,1.42643324491e+12,888888,10257,1
-1.3445041,1.4741346,11.263477,1.42643324491e+12,1.42643324491e+12,777777,10257,5
30.59999,6.899994,-39.899994,1.42643324491e+12,1.42643324492e+12,999999,10258,6
-0.12155386,-0.76124036,-0.5969033,1.42643324496e+12,1.42643324496e+12,888888,10308,1
-1.3668077,1.6637901,12.48868,1.42643324496e+12,1.42643324496e+12,777777,10307,6
30.299988,9,-39.59999,1.42643324496e+12,1.42643324497e+12,999999,10308,7
-0.22600703,-0.59177035,-0.63633996,1.42643324501e+12,1.42643324501e+12,888888,10359,1
-1.2584331,0.44412643,14.329402,1.42643324501e+12,1.42643324502e+12,777777,10359,5
29.09999,9.899994,-40.799988,1.42643324501e+12,1.42643324502e+12,999999,10359,7
0.47212467,-0.11640091,-0.57238925,1.42643324506e+12,1.42643324506e+12,888888,10408,2
-0.57001466,-0.20372635,12.484339,1.42643324506e+12,1.42643324506e+12,777777,10408,6
28.199997,10.199997,-40.799988,1.42643324506e+12,1.42643324507e+12,999999,10408,8
0.45613718,-0.6226798,-0.42849916,1.42643324511e+12,1.42643324511e+12,888888,10460,1
0.18651214,0.11346405,9.629925,1.42643324511e+12,1.42643324512e+12,777777,10460,7
26.699997,10.799988,-41.399994,1.42643324511e+12,1.42643324512e+12,999999,10460,9
0.2813374,-0.12279623,-0.39545786,1.42643324516e+12,1.42643324516e+12,888888,10507,2
0.69320846,0.4098477,9.195528,1.42643324516e+12,1.42643324517e+12,777777,10507,8
25.799988,11.099991,-41.399994,1.42643324516e+12,1.42643324517e+12,999999,10507,9
0.56272167,-0.31038582,-0.1790904,1.42643324521e+12,1.42643324521e+12,888888,10559,1
0.20477417,0.6342311,8.567434,1.42643324521e+12,1.42643324522e+12,777777,10559,5
24.899994,10.199997,-42.299988,1.42643324521e+12,1.42643324522e+12,999999,10559,6
0.47638813,-0.5406095,-0.13006106,1.42643324526e+12,1.42643324526e+12,888888,10607,1
-0.014370117,0.86984116,8.16028,1.42643324526e+12,1.42643324526e+12,777777,10607,6
23.399994,9.899994,-43.199997,1.42643324526e+12,1.42643324526e+12,999999,10607,7
0.3804616,-0.40631238,-0.023476297,1.42643324531e+12,1.42643324531e+12,888888,10657,1
0.13876145,1.0123448,7.765851,1.42643324531e+12,1.42643324532e+12,777777,10657,9
23.09999,8.699997,-43.799988,1.42643324531e+12,1.42643324532e+12,999999,10657,10
0.2376376,0.0818472,-5.326322e-07,1.42643324536e+12,1.42643324536e+12,888888,10709,1
0.19998413,0.8687933,7.58832,1.42643324536e+12,1.42643324536e+12,777777,10709,5
22.199997,7.5,-45,1.42643324536e+12,1.42643324537e+12,999999,10708,7
0.21418872,-5.326322e-07,-5.326322e-07,1.42643324541e+12,1.42643324541e+12,888888,10758,1
0.066312104,0.9298663,7.632029,1.42643324541e+12,1.42643324541e+12,777777,10758,5
22.199997,6.599991,-45,1.42643324541e+12,1.42643324542e+12,999999,10757,7
0.018072743,-0.018343054,0.059660133,1.42643324546e+12,1.42643324546e+12,888888,10810,2
0.085023195,1.0785072,8.269254,1.42643324546e+12,1.42643324547e+12,777777,10810,9
23.09999,6,-45,1.42643324546e+12,1.42643324547e+12,999999,10810,11
-0.04800721,0.039212383,0.13959438,1.42643324551e+12,1.42643324551e+12,888888,10857,2
0.39697447,1.1488609,9.121582,1.42643324551e+12,1.42643324552e+12,777777,10857,10
22.5,5.399994,-44.699997,1.42643324551e+12,1.42643324552e+12,999999,10858,11
-5.326322e-07,0.1425995,0.1918211,1.42643324556e+12,1.42643324556e+12,888888,10908,2
0.5965096,1.3986914,9.519005,1.42643324556e+12,1.42643324556e+12,777777,10908,6
22.799988,5.399994,-44.09999,1.42643324556e+12,1.42643324557e+12,999999,10907,8
-0.07252187,-0.082294874,0.1342654,1.42643324561e+12,1.42643324561e+12,888888,10958,1
0.678539,1.5910414,9.952354,1.42643324561e+12,1.42643324561e+12,777777,10958,5
21.899994,5.099991,-44.09999,1.42643324561e+12,1.42643324562e+12,999999,10958,6
0.06284155,0.33658442,0.06391906,1.42643324566e+12,1.42643324566e+12,888888,11007,1
0.74544984,1.7799486,10.566976,1.42643324566e+12,1.42643324566e+12,777777,11008,5
21.59999,5.099991,-44.09999,1.42643324566e+12,1.42643324566e+12,999999,11007,7
0.031931568,0.29714805,0.05858981,1.42643324571e+12,1.42643324571e+12,888888,11057,1
0.38455033,1.9555335,9.129365,1.42643324571e+12,1.42643324571e+12,777777,11057,6
22.5,5.099991,-44.09999,1.42643324571e+12,1.42643324572e+12,999999,11057,8
-5.326322e-07,0.13513891,-0.029875875,1.42643324576e+12,1.42643324576e+12,888888,11109,1
0.06346802,1.9740949,8.514894,1.42643324576e+12,1.42643324576e+12,777777,11108,6
23.09999,5.399994,-44.399994,1.42643324576e+12,1.42643324577e+12,999999,11109,7
-0.2292015,0.07758268,-0.17269987,1.42643324581e+12,1.42643324581e+12,888888,11158,2
-0.09475296,1.6820521,9.574988,1.42643324581e+12,1.42643324582e+12,777777,11158,7
23.699997,6,-44.399994,1.42643324581e+12,1.42643324582e+12,999999,11158,8
-0.026689934,0.054134343,-0.065049045,1.42643324586e+12,1.42643324586e+12,888888,11206,2
0.043559417,1.4364129,10.753488,1.42643324586e+12,1.42643324586e+12,777777,11207,7
23.699997,5.699997,-43.799988,1.42643324586e+12,1.42643324587e+12,999999,11207,9
-5.326322e-07,0.19268823,-0.06823818,1.42643324591e+12,1.42643324591e+12,888888,11258,1
0.035775606,1.6416363,9.8784075,1.42643324591e+12,1.42643324591e+12,777777,11258,5
24.299988,6,-43.199997,1.42643324591e+12,1.42643324592e+12,999999,11258,6
0.04367318,-5.326322e-07,-0.058596734,1.42643324596e+12,1.42643324596e+12,888888,11307,1
-0.2174977,1.8226099,9.461824,1.42643324596e+12,1.42643324596e+12,777777,11307,5
24,6.299988,-42.899994,1.42643324596e+12,1.42643324596e+12,999999,11307,6
-5.326322e-07,0.095665805,-0.08091109,1.42643324601e+12,1.42643324601e+12,888888,11359,1
-0.5891748,1.5917898,9.557026,1.42643324601e+12,1.42643324602e+12,777777,11359,5
24.299988,5.399994,-42.899994,1.42643324601e+12,1.42643324602e+12,999999,11359,7
-0.12901472,0.3194941,-5.326322e-07,1.42643324606e+12,1.42643324606e+12,888888,11410,2
-0.82209045,1.3177098,9.500893,1.42643324606e+12,1.42643324607e+12,777777,11411,7
24.899994,5.699997,-43.199997,1.42643324606e+12,1.42643324607e+12,999999,11411,9
-0.071458735,-0.3701107,0.04272749,1.42643324611e+12,1.42643324612e+12,888888,11457,11
-1.016087,1.129102,8.827144,1.42643324611e+12,1.42643324613e+12,777777,11458,21
24.899994,5.699997,-44.09999,1.42643324611e+12,1.42643324613e+12,999999,11457,24
-0.3059458,0.078611985,-0.08197689,1.42643324616e+12,1.42643324616e+12,888888,11510,1
-0.3215314,1.3427079,9.183253,1.42643324616e+12,1.42643324617e+12,777777,11509,10
24.899994,5.699997,-43.5,1.42643324616e+12,1.42643324617e+12,999999,11509,11
-0.2739703,-0.4703004,-0.090503804,1.42643324621e+12,1.42643324621e+12,888888,11557,1
-0.4087999,1.2756473,10.116114,1.42643324621e+12,1.42643324622e+12,777777,11557,7
24.899994,6.599991,-42.899994,1.42643324621e+12,1.42643324622e+12,999999,11557,8
