-0.17799717,-0.08846568,0.041567683,1.42643353203e+12,1.42643353218e+12,888888,0,157
-0.90471864,0.9827064,9.70911,1.42643353203e+12,1.42643353219e+12,777777,0,160
-5.326322e-07,0.07136793,-0.039414518,1.42643353228e+12,1.42643353229e+12,888888,253,8
-1.181044,1.25514,9.637559,1.42643353228e+12,1.42643353229e+12,777777,253,11
29.09999,4.5,-36.899994,1.42643353228e+12,1.42643353229e+12,999999,254,12
-5.326322e-07,0.018052237,-0.022338063,1.42643353233e+12,1.42643353233e+12,888888,302,5
-1.1883788,1.3572277,9.729617,1.42643353233e+12,1.42643353235e+12,777777,302,20
28.799988,5.399994,-36.299988,1.42643353233e+12,1.42643353235e+12,999999,302,21
-0.0404662,0.04146675,0.036285568,1.42643353237e+12,1.42643353238e+12,888888,342,8
-1.2168196,1.4165044,9.736203,1.42643353237e+12,1.42643353238e+12,777777,342,15
29.09999,6.299988,-35.699997,1.42643353237e+12,1.42643353238e+12,999999,342,16
0.040506415,0.0361106,-5.326322e-07,1.42643353243e+12,1.42643353243e+12,888888,401,3
-1.2163706,1.4347664,9.711505,1.42643353243e+12,1.42643353244e+12,777777,401,9
29.399994,5.699997,-35.09999,1.42643353243e+12,1.42643353244e+12,999999,401,12
0.06392758,-5.326322e-07,-0.035116974,1.42643353248e+12,1.42643353248e+12,888888,451,3
-1.2404704,1.4473403,9.5793295,1.42643353248e+12,1.42643353248e+12,777777,451,7
28.5,6,-34.5,1.42643353248e+12,1.42643353249e+12,999999,451,8
0.05430079,0.0861514,-0.07343241,1.42643353253e+12,1.42643353253e+12,888888,502,3
-1.3058844,1.4548247,9.604627,1.42643353253e+12,1.42643353254e+12,777777,502,6
28.5,6,-33.899994,1.42643353253e+12,1.42643353254e+12,999999,501,9
-5.326322e-07,0.03387195,-0.0254252,1.42643353257e+12,1.42643353258e+12,888888,540,8
-1.3919554,1.4920971,9.570349,1.42643353257e+12,1.42643353259e+12,777777,541,20
28.5,6.299988,-33.59999,1.42643353257e+12,1.42643353259e+12,999999,540,22
-5.326322e-07,-0.054572165,-0.045635395,1.42643353263e+12,1.42643353263e+12,888888,602,1
-1.4001883,1.5618521,9.480685,1.42643353263e+12,1.42643353264e+12,777777,602,8
28.199997,6.599991,-34.199997,1.42643353263e+12,1.42643353264e+12,999999,602,10
-0.028785042,-0.052381717,-0.07435173,1.42643353268e+12,1.42643353268e+12,888888,651,1
-1.2889695,1.5563136,9.411678,1.42643353268e+12,1.42643353268e+12,777777,650,5
29.09999,6.599991,-34.199997,1.42643353268e+12,1.42643353268e+12,999999,650,6
-0.054361776,-0.19839671,-0.18092744,1.42643353273e+12,1.42643353273e+12,888888,701,1
-1.1898756,1.5314653,9.449999,1.42643353273e+12,1.42643353273e+12,777777,701,5
29.09999,6.899994,-34.5,1.42643353273e+12,1.42643353274e+12,999999,701,9
-0.10872009,-0.26128194,-0.16600548,1.42643353277e+12,1.42643353277e+12,888888,740,3
-0.9833052,1.4721886,9.625733,1.42643353277e+12,1.42643353277e+12,777777,740,6
28.199997,7.5,-34.5,1.42643353277e+12,1.42643353278e+12,999999,741,8
-0.1300371,-0.16961859,-0.112712964,1.42643353283e+12,1.42643353283e+12,888888,801,1
-0.7833211,1.5169455,9.485624,1.42643353283e+12,1.42643353283e+12,777777,801,5
27.899994,8.699997,-35.09999,1.42643353283e+12,1.42643353283e+12,999999,801,6
-0.23555633,-0.29325718,-0.07434241,1.42643353288e+12,1.42643353288e+12,888888,852,1
-0.5816904,1.9696041,9.652528,1.42643353288e+12,1.42643353288e+12,777777,852,5
27.299988,9,-35.09999,1.42643353288e+12,1.42643353288e+12,999999,852,6
-0.13856374,0.053143647,-0.046630353,1.42643353293e+12,1.42643353293e+12,888888,900,1
-0.6288423,2.1324656,9.749376,1.42643353293e+12,1.42643353293e+12,777777,901,5
26.699997,9.899994,-36,1.42643353293e+12,1.42643353293e+12,999999,901,6
-0.07674458,-5.326322e-07,-0.057288855,1.42643353297e+12,1.42643353297e+12,888888,941,1
-0.8216414,2.0007393,9.298513,1.42643353297e+12,1.42643353298e+12,777777,942,6
27,9.899994,-35.699997,1.42643353297e+12,1.42643353298e+12,999999,942,7
-0.13536635,-5.326322e-07,-0.058354653,1.42643353303e+12,1.42643353303e+12,888888,1001,1
-0.780477,1.9378701,9.073082,1.42643353303e+12,1.42643353303e+12,777777,1001,5
27,10.199997,-35.699997,1.42643353303e+12,1.42643353303e+12,999999,1001,6
-0.19185625,0.09577793,-5.326322e-07,1.42643353308e+12,1.42643353308e+12,888888,1051,1
-0.72389466,1.997147,9.031918,1.42643353308e+12,1.42643353308e+12,777777,1051,6
27.59999,11.399994,-35.699997,1.42643353308e+12,1.42643353309e+12,999999,1052,7
-0.13110289,0.049946256,0.019452527,1.42643353313e+12,1.42643353313e+12,888888,1102,1
-0.68048495,2.2793102,9.365574,1.42643353313e+12,1.42643353314e+12,777777,1102,7
27.299988,10.799988,-34.799988,1.42643353313e+12,1.42643353314e+12,999999,1101,11
-5.326322e-07,0.04567934,0.041829206,1.42643353317e+12,1.42643353318e+12,888888,1141,7
-0.5387297,2.4566913,9.780361,1.42643353317e+12,1.42643353318e+12,777777,1142,14
27.59999,11.399994,-35.699997,1.42643353317e+12,1.42643353318e+12,999999,1141,16
0.13643055,0.14159282,0.03222771,1.42643353322e+12,1.42643353322e+12,888888,1193,1
-0.48394364,2.4089406,9.725875,1.42643353322e+12,1.42643353323e+12,777777,1193,8
27.299988,10.799988,-36,1.42643353322e+12,1.42643353323e+12,999999,1193,9
0.12257412,0.10322253,0.064203486,1.42643353327e+12,1.42643353327e+12,888888,1241,1
-0.58468413,2.5107288,9.933344,1.42643353327e+12,1.42643353328e+12,777777,1242,7
27,10.5,-36.299988,1.42643353327e+12,1.42643353328e+12,999999,1241,10
0.06288682,-0.3348419,-5.326322e-07,1.42643353332e+12,1.42643353332e+12,888888,1294,1
-1.0565029,2.154919,11.067236,1.42643353332e+12,1.42643353333e+12,777777,1294,6
27.299988,10.799988,-36.59999,1.42643353332e+12,1.42643353333e+12,999999,1294,7
-0.06395448,-5.326322e-07,0.12175653,1.42643353337e+12,1.42643353337e+12,888888,1341,1
-1.2943584,0.94678116,12.254117,1.42643353337e+12,1.42643353338e+12,777777,1342,8
27,10.799988,-36.59999,1.42643353337e+12,1.42643353338e+12,999999,1341,10
0.09059408,-0.2218573,0.39567995,1.42643353342e+12,1.42643353342e+12,888888,1393,1
-0.7640112,1.025218,11.896062,1.42643353342e+12,1.42643353343e+12,777777,1393,9
27.299988,11.399994,-36.299988,1.42643353342e+12,1.42643353343e+12,999999,1393,10
0.28031528,0.16504622,0.49054042,1.42643353347e+12,1.42643353347e+12,888888,1443,1
-0.8279283,1.2792398,10.280921,1.42643353347e+12,1.42643353348e+12,777777,1443,8
27.299988,10.5,-36.59999,1.42643353347e+12,1.42643353348e+12,999999,1443,10
0.3783734,0.29614592,0.27417296,1.42643353353e+12,1.42643353353e+12,888888,1501,1
-1.8285974,0.85023195,8.2655115,1.42643353353e+12,1.42643353353e+12,777777,1501,6
27.299988,9.299988,-37.199997,1.42643353353e+12,1.42643353354e+12,999999,1501,8
0.23554967,-0.036399554,0.13028345,1.42643353357e+12,1.42643353357e+12,888888,1542,5
-2.020648,0.64845157,7.8472815,1.42643353357e+12,1.42643353358e+12,777777,1542,12
27.59999,8.699997,-37.5,1.42643353357e+12,1.42643353358e+12,999999,1542,15
0.13109623,0.3025407,0.10683457,1.42643353363e+12,1.42643353363e+12,888888,1601,1
-1.6483722,0.35880387,8.96381,1.42643353363e+12,1.42643353363e+12,777777,1601,4
27.899994,7.799988,-37.5,1.42643353363e+12,1.42643353363e+12,999999,1601,5
0.16307175,0.5316985,0.21661726,1.42643353368e+12,1.42643353368e+12,888888,1652,1
-1.2841796,0.64605653,8.657995,1.42643353368e+12,1.42643353368e+12,777777,1652,5
28.199997,7.199997,-37.199997,1.42643353368e+12,1.42643353368e+12,999999,1652,6
-0.052229915,-0.19094759,0.23580268,1.42643353373e+12,1.42643353373e+12,888888,1701,1
-1.6643889,1.5160474,8.134684,1.42643353373e+12,1.42643353374e+12,777777,1701,8
29.399994,7.5,-36.59999,1.42643353373e+12,1.42643353374e+12,999999,1701,9
-0.02451786,-0.3007303,0.12815185,1.42643353377e+12,1.42643353377e+12,888888,1741,1
-1.6825012,2.2031186,8.5662365,1.42643353377e+12,1.42643353378e+12,777777,1741,7
29.09999,6.599991,-35.699997,1.42643353377e+12,1.42643353378e+12,999999,1741,9
-5.326322e-07,-0.25063542,0.11216382,1.42643353382e+12,1.42643353382e+12,888888,1794,1
-1.7082477,2.5038433,8.880134,1.42643353382e+12,1.42643353382e+12,777777,1793,5
29.399994,6.599991,-36,1.42643353382e+12,1.42643353383e+12,999999,1794,6
0.05114148,0.038197987,0.03114913,1.42643353387e+12,1.42643353388e+12,888888,1847,1
-1.5908917,2.4824378,9.187894,1.42643353387e+12,1.42643353388e+12,777777,1847,6
29.399994,6.599991,-36.299988,1.42643353387e+12,1.42643353388e+12,999999,1847,7
-0.034139328,-0.3614967,-0.11381418,1.42643353393e+12,1.42643353393e+12,888888,1902,1
-1.0397378,2.5632696,9.811497,1.42643353393e+12,1.42643353393e+12,777777,1901,6
28.5,6.299988,-36.59999,1.42643353393e+12,1.42643353394e+12,999999,1901,8
-0.06291772,-5.326322e-07,-0.22253081,1.42643353397e+12,1.42643353397e+12,888888,1942,4
-0.53393966,2.6547294,10.802885,1.42643353397e+12,1.42643353398e+12,777777,1942,9
28.799988,6.899994,-37.5,1.42643353397e+12,1.42643353398e+12,999999,1942,11
-0.45088702,-5.326322e-07,-0.41225228,1.42643353403e+12,1.42643353403e+12,888888,2001,1
-1.2066407,2.1719832,11.475736,1.42643353403e+12,1.42643353403e+12,777777,2000,4
28.5,6.899994,-37.5,1.42643353403e+12,1.42643353403e+12,999999,2000,5
0.296274,-0.04600531,-0.06478512,1.42643353408e+12,1.42643353408e+12,888888,2051,1
-1.1529025,1.301244,11.861933,1.42643353408e+12,1.42643353408e+12,777777,2051,4
27.899994,7.199997,-37.799988,1.42643353408e+12,1.42643353408e+12,999999,2051,5
0.4891926,-0.12274616,-0.055192415,1.42643353413e+12,1.42643353413e+12,888888,2101,1
-1.1047027,0.97626984,10.042766,1.42643353413e+12,1.42643353413e+12,777777,2101,5
28.199997,7.5,-38.09999,1.42643353413e+12,1.42643353413e+12,999999,2100,7
0.22699374,-0.5757325,-0.43356928,1.42643353417e+12,1.42643353417e+12,888888,2142,1
-1.229094,0.997825,9.178014,1.42643353417e+12,1.42643353417e+12,777777,2141,6
27.299988,6.899994,-37.799988,1.42643353417e+12,1.42643353418e+12,999999,2142,7
0.028745629,-0.34231153,-0.35256472,1.42643353423e+12,1.42643353423e+12,888888,2201,1
-0.11735596,0.7532337,10.180031,1.42643353423e+12,1.42643353423e+12,777777,2201,4
26.399994,6.899994,-38.399994,1.42643353423e+12,1.42643353423e+12,999999,2201,5
0.14598916,0.0914897,-0.14046045,1.42643353428e+12,1.42643353428e+12,888888,2251,1
0.0981958,0.8431966,9.769434,1.42643353428e+12,1.42643353428e+12,777777,2252,5
26.09999,7.199997,-38.399994,1.42643353428e+12,1.42643353429e+12,999999,2252,8
-5.326322e-07,0.27588138,-0.1457897,1.42643353433e+12,1.42643353433e+12,888888,2301,2
-0.13965958,1.4593153,8.656199,1.42643353433e+12,1.42643353434e+12,777777,2301,8
25.799988,6.299988,-38.699997,1.42643353433e+12,1.42643353434e+12,999999,2302,9
-0.20360959,0.0808312,-0.1660409,1.42643353437e+12,1.42643353437e+12,888888,2342,2
-0.5954617,1.488804,8.081694,1.42643353437e+12,1.42643353438e+12,777777,2343,10
26.09999,6.599991,-39.59999,1.42643353437e+12,1.42643353438e+12,999999,2342,15
-0.3027335,0.12666261,-0.03280961,1.42643353443e+12,1.42643353443e+12,888888,2401,1
-0.7720944,1.2409195,8.608,1.42643353443e+12,1.42643353443e+12,777777,2401,5
26.699997,6.299988,-39.59999,1.42643353443e+12,1.42643353443e+12,999999,2401,6
-0.21426809,0.14691381,0.13239719,1.42643353447e+12,1.42643353447e+12,888888,2443,1
-0.56148237,1.5953823,9.09823,1.42643353447e+12,1.42643353448e+12,777777,2443,5
27,6,-39.299988,1.42643353447e+12,1.42643353448e+12,999999,2443,8
-5.326322e-07,0.21406223,0.2091383,1.42643353453e+12,1.42643353453e+12,888888,2501,1
-0.59785676,2.2911355,8.949589,1.42643353453e+12,1.42643353453e+12,777777,2501,5
27,6.899994,-39,1.42643353453e+12,1.42643353453e+12,999999,2501,6
-5.326322e-07,0.35155696,0.17822859,1.42643353457e+12,1.42643353457e+12,888888,2541,1
-0.70398605,2.7267296,8.803344,1.42643353457e+12,1.42643353457e+12,777777,2541,6
27.299988,7.799988,-38.399994,1.42643353457e+12,1.42643353458e+12,999999,2541,7
-0.08103706,0.39845443,0.10361907,1.42643353462e+12,1.42643353462e+12,888888,2592,1
-1.1826906,2.318379,10.346185,1.42643353462e+12,1.42643353462e+12,777777,2592,4
27.899994,8.399994,-37.5,1.42643353462e+12,1.42643353462e+12,999999,2592,6
-0.077839404,-0.42011818,0.08443393,1.42643353467e+12,1.42643353467e+12,888888,2645,1
-1.4193485,1.8920654,12.336895,1.42643353467e+12,1.42643353468e+12,777777,2646,5
28.5,8.399994,-37.799988,1.42643353467e+12,1.42643353468e+12,999999,2645,7
0.39220026,0.39845443,0.2986698,1.42643353473e+12,1.42643353473e+12,888888,2702,1
-1.3560301,0.66955763,12.848382,1.42643353473e+12,1.42643353474e+12,777777,2702,7
29.09999,8.399994,-37.799988,1.42643353473e+12,1.42643353474e+12,999999,2702,10
0.41884652,-0.06519046,0.46174473,1.42643353477e+12,1.42643353477e+12,888888,2742,1
-1.3082794,0.27093658,9.640702,1.42643353477e+12,1.42643353477e+12,777777,2742,4
29.399994,7.799988,-38.09999,1.42643353477e+12,1.42643353477e+12,999999,2742,5
-0.18122704,-5.326322e-07,-0.01788792,1.42643353483e+12,1.42643353483e+12,888888,2801,1
-1.9034418,0.57824755,8.562195,1.42643353483e+12,1.42643353483e+12,777777,2801,5
29.399994,6.899994,-38.09999,1.42643353483e+12,1.42643353483e+12,999999,2801,6
-0.04053464,0.294001,0.1665043,1.42643353487e+12,1.42643353487e+12,888888,2843,1
-1.9740949,0.062420197,9.836494,1.42643353487e+12,1.42643353488e+12,777777,2843,5
29.699997,6.899994,-37.5,1.42643353487e+12,1.42643353488e+12,999999,2843,6
0.10548674,0.045658033,0.36795005,1.42643353492e+12,1.42643353492e+12,888888,2892,1
-1.8377284,0.48888338,9.159902,1.42643353492e+12,1.42643353493e+12,777777,2892,8
30,6.299988,-37.799988,1.42643353492e+12,1.42643353493e+12,999999,2893,9
-0.032007735,-0.20375073,0.2869455,1.42643353497e+12,1.42643353497e+12,888888,2942,1
-1.3864169,1.3172607,8.024513,1.42643353497e+12,1.42643353498e+12,777777,2941,9
30,6,-36.59999,1.42643353497e+12,1.42643353498e+12,999999,2941,12
-0.076773606,-0.16538018,0.06738037,1.42643353503e+12,1.42643353503e+12,888888,3001,1
-1.3735437,1.5524217,8.093968,1.42643353503e+12,1.42643353504e+12,777777,3001,10
30.299988,5.699997,-37.199997,1.42643353503e+12,1.42643353504e+12,999999,3001,11
-0.10235407,-0.0598612,-5.326322e-07,1.42643353508e+12,1.42643353508e+12,888888,3052,1
-1.3160633,1.7139359,8.6506605,1.42643353508e+12,1.42643353509e+12,777777,3052,8
30,5.099991,-37.199997,1.42643353508e+12,1.42643353509e+12,999999,3052,10
-0.070378296,0.11174065,-5.326322e-07,1.42643353513e+12,1.42643353513e+12,888888,3101,1
-1.3840219,2.027384,8.781938,1.42643353513e+12,1.42643353513e+12,777777,3101,6
30.59999,5.099991,-36.899994,1.42643353513e+12,1.42643353514e+12,999999,3101,8
-5.326322e-07,-0.18351017,-0.02107253,1.42643353517e+12,1.42643353517e+12,888888,3141,1
-1.547482,2.4258554,9.041348,1.42643353517e+12,1.42643353517e+12,777777,3141,5
30.899994,5.099991,-36.899994,1.42643353517e+12,1.42643353518e+12,999999,3142,6
-0.07035406,-0.2836999,-0.15217222,1.42643353522e+12,1.42643353522e+12,888888,3195,1
-1.4121634,2.61117,9.831705,1.42643353522e+12,1.42643353523e+12,777777,3194,6
31.199997,6,-36.59999,1.42643353522e+12,1.42643353523e+12,999999,3194,7
-0.033049297,0.44427547,-5.326322e-07,1.42643353527e+12,1.42643353527e+12,888888,3242,1
-1.6419356,2.3725662,10.607243,1.42643353527e+12,1.42643353528e+12,777777,3242,6
31.199997,6.299988,-37.5,1.42643353527e+12,1.42643353528e+12,999999,3242,7
-0.17267591,-0.70684266,-0.27048156,1.42643353532e+12,1.42643353532e+12,888888,3295,1
-2.2992187,2.0814216,11.980637,1.42643353532e+12,1.42643353533e+12,777777,3295,6
30.299988,6.899994,-37.5,1.42643353532e+12,1.42643353533e+12,999999,3294,8
0.8803841,-0.49260676,-0.02426992,1.42643353537e+12,1.42643353537e+12,888888,3342,2
-1.217568,0.77808195,12.808414,1.42643353537e+12,1.42643353538e+12,777777,3342,6
29.399994,6.899994,-38.699997,1.42643353537e+12,1.42643353538e+12,999999,3342,8
0.41034386,-0.13767877,-0.12872335,1.42643353543e+12,1.42643353543e+12,888888,3402,1
-0.06780899,0.71446425,8.901988,1.42643353543e+12,1.42643353544e+12,777777,3401,10
28.5,6,-39,1.42643353543e+12,1.42643353544e+12,999999,3401,11
-0.20251955,0.18314213,-0.65205556,1.42643353548e+12,1.42643353548e+12,888888,3451,2
-0.55399793,1.2768447,8.23782,1.42643353548e+12,1.42643353549e+12,777777,3452,8
27.59999,5.399994,-39,1.42643353548e+12,1.42643353549e+12,999999,3452,10
0.190779,0.34834865,-5.326322e-07,1.42643353553e+12,1.42643353553e+12,888888,3502,1
-1.0936258,0.8631052,10.264904,1.42643353553e+12,1.42643353553e+12,777777,3502,4
27.299988,5.099991,-39.59999,1.42643353553e+12,1.42643353554e+12,999999,3502,7
0.035164647,-0.06839823,0.27736557,1.42643353557e+12,1.42643353557e+12,888888,3542,1
-1.5747254,1.13973,9.06006,1.42643353557e+12,1.42643353557e+12,777777,3542,4
27.59999,5.399994,-39.59999,1.42643353557e+12,1.42643353557e+12,999999,3542,5
-0.17267591,-0.050278883,0.33598706,1.42643353562e+12,1.42643353562e+12,888888,3595,1
-1.7760566,1.246907,8.32434,1.42643353562e+12,1.42643353563e+12,777777,3594,5
27.899994,5.699997,-39.59999,1.42643353562e+12,1.42643353563e+12,999999,3594,6
-0.26966822,-0.19843213,0.3903454,1.42643353567e+12,1.42643353568e+12,888888,3645,5
-1.4714401,1.1861334,8.800798,1.42643353567e+12,1.42643353568e+12,777777,3645,9
28.199997,6,-39.59999,1.42643353567e+12,1.42643353568e+12,999999,3645,10
-0.2973803,-0.093978696,0.47241575,1.42643353573e+12,1.42643353573e+12,888888,3701,3
-0.4924759,1.6521144,9.349857,1.42643353573e+12,1.42643353574e+12,777777,3701,9
28.5,5.399994,-38.699997,1.42643353573e+12,1.42643353574e+12,999999,3701,10
-0.10765909,0.028594093,0.5310378,1.42643353577e+12,1.42643353578e+12,888888,3743,14
-0.032332763,2.1227357,9.232052,1.42643353577e+12,1.42643353579e+12,777777,3743,23
28.5,5.099991,-39,1.42643353577e+12,1.42643353579e+12,999999,3742,25
-5.326322e-07,0.03392308,0.4521648,1.42643353583e+12,1.42643353583e+12,888888,3802,3
-0.18276992,2.5346792,8.661438,1.42643353583e+12,1.42643353584e+12,777777,3802,13
28.799988,4.799988,-38.399994,1.42643353583e+12,1.42643353584e+12,999999,3801,15
-0.055432368,-0.03429113,0.34771135,1.42643353588e+12,1.42643353588e+12,888888,3851,1
-0.32826737,2.290836,9.280102,1.42643353588e+12,1.42643353588e+12,777777,3851,6
28.5,4.199997,-38.09999,1.42643353588e+12,1.42643353589e+12,999999,3852,10
-0.027720312,0.24496154,0.37116024,1.42643353593e+12,1.42643353593e+12,888888,3903,1
-0.2615062,1.6769627,10.896291,1.42643353593e+12,1.42643353594e+12,777777,3904,10
28.5,4.199997,-39,1.42643353593e+12,1.42643353594e+12,999999,3903,12
-0.108724885,-0.3369924,0.14946325,1.42643353597e+12,1.42643353597e+12,888888,3941,4
-0.51028883,1.8003062,11.701167,1.42643353597e+12,1.42643353598e+12,777777,3941,12
28.5,4.199997,-39.299988,1.42643353597e+12,1.42643353598e+12,999999,3942,12
0.1929106,0.25348845,0.5790008,1.42643353603e+12,1.42643353603e+12,888888,4001,1
-0.43065444,1.2600796,12.052187,1.42643353603e+12,1.42643353604e+12,777777,4001,10
28.5,4.199997,-39.59999,1.42643353603e+12,1.42643353604e+12,999999,4001,13
0.20889862,-0.16965401,0.46069172,1.42643353608e+12,1.42643353608e+12,888888,4051,1
-0.9644444,1.2891192,9.864636,1.42643353608e+12,1.42643353609e+12,777777,4051,8
29.09999,3.2999878,-38.699997,1.42643353608e+12,1.42643353609e+12,999999,4052,11
0.06820622,0.30571517,0.3509093,1.42643353613e+12,1.42643353613e+12,888888,4101,1
-1.6543597,0.78526706,9.279952,1.42643353613e+12,1.42643353614e+12,777777,4101,7
28.799988,2.0999908,-38.399994,1.42643353613e+12,1.42643353614e+12,999999,4102,10
-5.326322e-07,0.35367817,0.43511125,1.42643353617e+12,1.42643353618e+12,888888,4141,9
-1.7700691,0.33650026,9.720935,1.42643353617e+12,1.42643353618e+12,777777,4141,14
29.399994,1.199997,-38.399994,1.42643353617e+12,1.42643353618e+12,999999,4141,16
0.054350324,0.034988876,0.5342352,1.42643353623e+12,1.42643353623e+12,888888,4201,1
-1.6937279,0.31943572,9.496851,1.42643353623e+12,1.42643353624e+12,777777,4201,9
29.399994,0.59999084,-38.09999,1.42643353623e+12,1.42643353624e+12,999999,4201,10
-0.038378816,-5.326322e-07,0.56834257,1.42643353628e+12,1.42643353628e+12,888888,4250,1
-1.2014017,0.63872176,8.513247,1.42643353628e+12,1.42643353628e+12,777777,4250,6
29.399994,0.8999939,-39,1.42643353628e+12,1.42643353628e+12,999999,4250,7
-0.14176592,0.03392308,0.43724284,1.42643353633e+12,1.42643353633e+12,888888,4301,1
-0.8687933,1.1882291,8.153395,1.42643353633e+12,1.42643353633e+12,777777,4301,5
29.399994,1.199997,-39.59999,1.42643353633e+12,1.42643353633e+12,999999,4301,6
-0.19292684,0.0861498,0.3541067,1.42643353637e+12,1.42643353637e+12,888888,4341,1
-0.76820254,1.6375946,8.625813,1.42643353637e+12,1.42643353637e+12,777777,4342,4
28.799988,0.8999939,-39.299988,1.42643353637e+12,1.42643353637e+12,999999,4341,6
-0.20465115,0.061635137,0.31147242,1.42643353642e+12,1.42643353642e+12,888888,4394,1
-0.92043597,2.1257296,9.029673,1.42643353642e+12,1.42643353642e+12,777777,4394,4
29.09999,0.2999878,-39.299988,1.42643353642e+12,1.42643353643e+12,999999,4394,5
-5.326322e-07,0.21831529,0.28482613,1.42643353647e+12,1.42643353647e+12,888888,4443,1
-1.1930192,2.5066874,9.4015,1.42643353647e+12,1.42643353648e+12,777777,4443,5
29.399994,0,-39,1.42643353647e+12,1.42643353648e+12,999999,4444,6
0.16413274,-0.16752242,0.18783382,1.42643353653e+12,1.42643353653e+12,888888,4501,1
-1.2287947,2.8701315,9.743089,1.42643353653e+12,1.42643353653e+12,777777,4500,7
29.699997,0,-39,1.42643353653e+12,1.42643353654e+12,999999,4501,8
0.12256453,-0.06626664,0.10682925,1.42643353657e+12,1.42643353657e+12,888888,4543,1
-0.909359,2.4867787,10.220896,1.42643353657e+12,1.42643353658e+12,777777,4542,8
30.59999,-0.2999878,-38.399994,1.42643353657e+12,1.42643353658e+12,999999,4542,10
-0.19612451,0.11173026,0.09403915,1.42643353663e+12,1.42643353663e+12,888888,4601,1
-0.92043597,2.1692889,10.466984,1.42643353663e+12,1.42643353663e+12,777777,4601,5
30.299988,-0.2999878,-38.399994,1.42643353663e+12,1.42643353663e+12,999999,4601,6
0.084193975,-0.38602173,0.090841755,1.42643353667e+12,1.42643353667e+12,888888,4643,1
-1.0039623,1.7992585,11.93558,1.42643353667e+12,1.42643353668e+12,777777,4643,6
29.399994,-0.59999084,-39.299988,1.42643353667e+12,1.42643353668e+12,999999,4643,7
0.4785586,-0.10996672,0.2762995,1.42643353673e+12,1.42643353673e+12,888888,4701,1
-0.33245865,1.203647,11.307785,1.42643353673e+12,1.42643353674e+12,777777,4701,7
29.09999,-1.199997,-38.699997,1.42643353673e+12,1.42643353674e+12,999999,4701,7
0.20676675,-0.16112764,-0.025335716,1.42643353677e+12,1.42643353677e+12,888888,4741,1
-0.59381515,1.081052,8.989556,1.42643353677e+12,1.42643353678e+12,777777,4742,6
28.799988,-2.399994,-39.59999,1.42643353677e+12,1.42643353678e+12,999999,4741,9
0.05327867,0.020067718,-0.04557947,1.42643353682e+12,1.42643353682e+12,888888,4797,1
-0.6005511,0.9650432,9.473201,1.42643353682e+12,1.42643353683e+12,777777,4796,8
28.5,-3,-39.899994,1.42643353682e+12,1.42643353683e+12,999999,4796,9
0.1928909,0.029653499,0.19104852,1.42643353688e+12,1.42643353688e+12,888888,4851,1
-0.58363634,0.920885,9.629176,1.42643353688e+12,1.42643353688e+12,777777,4851,5
29.399994,-3.2999878,-39.59999,1.42643353688e+12,1.42643353688e+12,999999,4852,6
0.22912985,-0.24853311,0.22622141,1.42643353693e+12,1.42643353693e+12,888888,4901,1
-0.049696654,1.4989829,8.580906,1.42643353693e+12,1.42643353694e+12,777777,4901,7
29.399994,-3.5999908,-39.899994,1.42643353693e+12,1.42643353694e+12,999999,4901,9
-0.055452075,-0.11103864,0.027973311,1.42643353697e+12,1.42643353697e+12,888888,4942,3
0.25192612,1.8967057,8.224197,1.42643353697e+12,1.42643353698e+12,777777,4943,8
29.09999,-3.899994,-40.199997,1.42643353697e+12,1.42643353698e+12,999999,4942,10
-0.15990524,0.026455842,-5.326322e-07,1.42643353702e+12,1.42643353702e+12,888888,4994,1
0.1499881,1.8279986,8.645721,1.42643353702e+12,1.42643353703e+12,777777,4994,6
29.399994,-4.199997,-40.5,1.42643353702e+12,1.42643353703e+12,999999,4994,7
-0.1748272,0.2289674,-0.027451066,1.42643353708e+12,1.42643353708e+12,888888,5051,1
0.22123992,2.1839585,9.077723,1.42643353708e+12,1.42643353708e+12,777777,5051,6
28.799988,-4.5,-41.399994,1.42643353708e+12,1.42643353709e+12,999999,5052,7
-0.07996647,0.25987712,-0.06475583,1.42643353713e+12,1.42643353713e+12,888888,5101,1
0.039368134,2.5143213,9.166339,1.42643353713e+12,1.42643353714e+12,777777,5100,10
29.09999,-4.5,-41.399994,1.42643353713e+12,1.42643353714e+12,999999,5101,11
0.049001098,0.15435815,-0.06262423,1.42643353717e+12,1.42643353717e+12,888888,5142,3
-0.103434905,2.76026,9.30031,1.42643353717e+12,1.42643353718e+12,777777,5142,8
29.09999,-3.5999908,-41.09999,1.42643353717e+12,1.42643353718e+12,999999,5142,10
0.057528008,0.21511151,-0.08820416,1.42643353723e+12,1.42643353723e+12,888888,5201,1
-0.00943039,2.7301726,10.209819,1.42643353723e+12,1.42643353723e+12,777777,5202,4
29.399994,-3.5999908,-41.09999,1.42643353723e+12,1.42643353723e+12,999999,5202,5
0.22912985,0.26946983,-0.045570415,1.42643353728e+12,1.42643353728e+12,888888,5252,1
-0.031434633,2.6023383,10.678643,1.42643353728e+12,1.42643353728e+12,777777,5253,4
30.59999,-3.2999878,-40.799988,1.42643353728e+12,1.42643353728e+12,999999,5253,5
-0.23238291,-0.24640152,-0.49002963,1.42643353732e+12,1.42643353732e+12,888888,5293,1
-0.4978647,2.8198361,11.245215,1.42643353732e+12,1.42643353732e+12,777777,5293,5
30.59999,-2.699997,-41.09999,1.42643353732e+12,1.42643353733e+12,999999,5293,6
0.47107777,0.47624457,-0.13829929,1.42643353737e+12,1.42643353737e+12,888888,5343,1
-0.64575714,1.6600479,12.407398,1.42643353737e+12,1.42643353737e+12,777777,5342,5
30.899994,-2.699997,-40.5,1.42643353737e+12,1.42643353738e+12,999999,5343,6
0.40819255,-0.31994525,-0.2033161,1.42643353743e+12,1.42643353743e+12,888888,5401,1
-0.6797365,1.4180013,9.394913,1.42643353743e+12,1.42643353743e+12,777777,5401,5
31.199997,-3.5999908,-39.899994,1.42643353743e+12,1.42643353743e+12,999999,5401,6
0.10549127,-0.059877716,-0.32482308,1.42643353748e+12,1.42643353748e+12,888888,5451,3
-1.0207274,1.1064991,8.644374,1.42643353748e+12,1.42643353749e+12,777777,5451,10
31.199997,-3.5999908,-39.59999,1.42643353748e+12,1.42643353749e+12,999999,5451,12
0.14492789,-0.035363317,-0.2555428,1.42643353753e+12,1.42643353753e+12,888888,5501,1
-0.98570025,0.9014255,9.110504,1.42643353753e+12,1.42643353753e+12,777777,5502,4
31.5,-3.899994,-39.59999,1.42643353753e+12,1.42643353753e+12,999999,5502,5
0.075647354,-0.19843853,-0.18839441,1.42643353757e+12,1.42643353757e+12,888888,5541,3
-0.78601545,1.3891113,8.509055,1.42643353757e+12,1.42643353758e+12,777777,5541,9
31.799988,-4.799988,-39.899994,1.42643353757e+12,1.42643353758e+12,999999,5542,10
-0.16630057,-0.13448751,-0.22463338,1.42643353763e+12,1.42643353763e+12,888888,5601,1
-0.6499484,2.0675006,8.142168,1.42643353763e+12,1.42643353763e+12,777777,5601,4
31.5,-4.5,-40.199997,1.42643353763e+12,1.42643353763e+12,999999,5601,5
-0.1769588,-0.06627303,-0.22036965,1.42643353768e+12,1.42643353768e+12,888888,5651,1
-0.7725435,2.5700057,8.361912,1.42643353768e+12,1.42643353768e+12,777777,5651,5
31.5,-5.099991,-40.5,1.42643353768e+12,1.42643353768e+12,999999,5651,6
-0.18122251,-0.083326586,-0.23422581,1.42643353773e+12,1.42643353773e+12,888888,5701,1
-0.9696835,2.8162436,8.806487,1.42643353773e+12,1.42643353773e+12,777777,5701,4
31.5,-5.099991,-39.899994,1.42643353773e+12,1.42643353773e+12,999999,5701,5
-5.326322e-07,0.06908985,-0.1894602,1.42643353777e+12,1.42643353777e+12,888888,5741,1
-1.0813513,2.9080029,8.932225,1.42643353777e+12,1.42643353777e+12,777777,5742,4
30.899994,-4.799988,-39.899994,1.42643353777e+12,1.42643353777e+12,999999,5742,5
0.08417427,-0.062009577,-0.25874022,1.42643353783e+12,1.42643353783e+12,888888,5801,1
-1.1015593,2.9087512,8.733289,1.42643353783e+12,1.42643353783e+12,777777,5801,5
30.899994,-4.799988,-40.5,1.42643353783e+12,1.42643353783e+12,999999,5802,5
-5.326322e-07,-0.19097741,-0.44846168,1.42643353788e+12,1.42643353788e+12,888888,5851,1
-0.9142987,2.7825637,9.320667,1.42643353788e+12,1.42643353788e+12,777777,5851,4
30.59999,-4.799988,-40.5,1.42643353788e+12,1.42643353788e+12,999999,5851,5
0.22912985,0.2929184,-0.2789917,1.42643353793e+12,1.42643353793e+12,888888,5900,1
-0.891546,2.5807831,10.126292,1.42643353793e+12,1.42643353793e+12,777777,5900,6
30.299988,-4.799988,-40.5,1.42643353793e+12,1.42643353793e+12,999999,5900,7
-0.5500064,-0.22295292,-0.65417093,1.42643353797e+12,1.42643353797e+12,888888,5942,1
-1.5629,2.6930497,10.507699,1.42643353797e+12,1.42643353797e+12,777777,5942,5
30.59999,-4.199997,-40.799988,1.42643353797e+12,1.42643353798e+12,999999,5942,7
0.3346491,-0.23574328,-0.32055938,1.42643353802e+12,1.42643353802e+12,888888,5993,1
-1.2793895,1.3603711,13.127701,1.42643353802e+12,1.42643353802e+12,777777,5993,4
30.899994,-3.5999908,-40.199997,1.42643353802e+12,1.42643353802e+12,999999,5993,5
0.37195358,-0.047087885,-0.16174816,1.42643353808e+12,1.42643353808e+12,888888,6051,1
0.13142669,0.8225395,10.753189,1.42643353808e+12,1.42643353808e+12,777777,6052,4
30.899994,-2.699997,-40.5,1.42643353808e+12,1.42643353808e+12,999999,6052,5
0.039408658,-0.6130541,-0.67975134,1.42643353813e+12,1.42643353813e+12,888888,6101,1
0.6161188,1.2343332,9.092392,1.42643353813e+12,1.42643353814e+12,777777,6101,7
30.59999,-2.0999908,-40.5,1.42643353813e+12,1.42643353814e+12,999999,6101,10
0.029815953,0.15009443,-0.6040758,1.42643353817e+12,1.42643353817e+12,888888,6143,2
0.5863307,1.2229569,9.560768,1.42643353817e+12,1.42643353818e+12,777777,6143,9
30,-2.0999908,-41.399994,1.42643353817e+12,1.42643353818e+12,999999,6143,12
0.020223247,0.28119412,-0.42927653,1.42643353823e+12,1.42643353823e+12,888888,6201,1
0.0583786,1.4997313,8.879834,1.42643353823e+12,1.42643353823e+12,777777,6201,6
29.399994,-1.5,-41.09999,1.42643353823e+12,1.42643353824e+12,999999,6201,7
-0.032003473,-0.08012892,-0.36319366,1.42643353828e+12,1.42643353828e+12,888888,6251,1
-0.41852966,1.7956659,8.113877,1.42643353828e+12,1.42643353828e+12,777777,6251,6
28.799988,-1.199997,-41.09999,1.42643353828e+12,1.42643353829e+12,999999,6252,7
-0.19507842,-0.17498966,-0.28645253,1.42643353833e+12,1.42643353833e+12,888888,6301,1
-0.66791105,1.7408798,8.173753,1.42643353833e+12,1.42643353833e+12,777777,6300,6
28.799988,-0.8999939,-41.09999,1.42643353833e+12,1.42643353834e+12,999999,6301,7
-0.29953185,-0.026836408,-0.1468262,1.42643353837e+12,1.42643353837e+12,888888,6342,1
-0.5828879,1.9240988,8.712333,1.42643353837e+12,1.42643353838e+12,777777,6342,7
28.799988,-0.2999878,-40.5,1.42643353837e+12,1.42643353838e+12,999999,6342,9
-0.13645664,0.026455842,-5.326322e-07,1.42643353842e+12,1.42643353842e+12,888888,6394,1
-0.35251695,2.6613157,9.326506,1.42643353842e+12,1.42643353843e+12,777777,6394,8
28.799988,0,-40.5,1.42643353842e+12,1.42643353843e+12,999999,6394,9
-5.326322e-07,0.13410693,0.10897815,1.42643353847e+12,1.42643353847e+12,888888,6443,1
-0.35116974,3.2275882,9.518257,1.42643353847e+12,1.42643353848e+12,777777,6443,6
29.09999,0.2999878,-40.199997,1.42643353847e+12,1.42643353848e+12,999999,6443,8
0.110820524,0.27799672,-5.326322e-07,1.42643353853e+12,1.42643353853e+12,888888,6502,1
-0.7607181,3.2994387,9.760902,1.42643353853e+12,1.42643353854e+12,777777,6501,7
29.699997,0.59999084,-39.899994,1.42643353853e+12,1.42643353854e+12,999999,6501,9
0.11401792,0.11705339,0.033302564,1.42643353857e+12,1.42643353857e+12,888888,6542,4
-0.787662,2.4282503,11.087743,1.42643353857e+12,1.42643353858e+12,777777,6542,13
30,0.8999939,-39.899994,1.42643353857e+12,1.42643353858e+12,999999,6542,15
-0.07890067,-0.5363127,-0.23742321,1.42643353863e+12,1.42643353863e+12,888888,6601,1
-0.6979985,2.2176385,11.788586,1.42643353863e+12,1.42643353863e+12,777777,6602,4
30,0.8999939,-39.59999,1.42643353863e+12,1.42643353863e+12,999999,6602,5
0.050066896,0.12451397,-5.326322e-07,1.42643353867e+12,1.42643353867e+12,888888,6645,1
-0.40116578,1.6582516,11.894116,1.42643353867e+12,1.42643353868e+12,777777,6645,5
30,0.59999084,-39.899994,1.42643353867e+12,1.42643353868e+12,999999,6646,6
0.09696437,-0.12596086,0.090858534,1.42643353873e+12,1.42643353873e+12,888888,6701,1
-0.42317,1.8073416,9.78111,1.42643353873e+12,1.42643353873e+12,777777,6701,5
29.09999,0.8999939,-39.899994,1.42643353873e+12,1.42643353873e+12,999999,6700,7
0.031947546,0.026455842,-0.1841307,1.42643353877e+12,1.42643353877e+12,888888,6744,1
-1.4328204,1.2750485,8.184231,1.42643353877e+12,1.42643353878e+12,777777,6744,6
28.199997,1.199997,-39.59999,1.42643353877e+12,1.42643353878e+12,999999,6743,8
0.10762313,0.30037928,-0.07115061,1.42643353882e+12,1.42643353882e+12,888888,6793,1
-1.9947519,0.7493417,9.016949,1.42643353882e+12,1.42643353883e+12,777777,6793,8
28.5,1.199997,-39.59999,1.42643353882e+12,1.42643353883e+12,999999,6793,9
-5.326322e-07,-0.05135107,0.12389957,1.42643353888e+12,1.42643353888e+12,888888,6851,1
-1.7131875,0.89424044,9.671239,1.42643353888e+12,1.42643353888e+12,777777,6851,6
27.899994,0.8999939,-39.899994,1.42643353888e+12,1.42643353888e+12,999999,6851,7
0.0244867,-0.17285806,0.29763356,1.42643353892e+12,1.42643353892e+12,888888,6896,1
-1.5561639,0.87522995,8.943602,1.42643353892e+12,1.42643353893e+12,777777,6896,9
27.899994,0.2999878,-39.899994,1.42643353892e+12,1.42643353893e+12,999999,6896,11
-0.19827607,-0.17072646,0.1270975,1.42643353897e+12,1.42643353897e+12,888888,6943,4
-1.0599458,1.6366965,8.075108,1.42643353897e+12,1.42643353898e+12,777777,6942,16
27.899994,0.2999878,-39.899994,1.42643353897e+12,1.42643353899e+12,999999,6943,17
-0.16523476,-0.09611668,0.04502713,1.42643353903e+12,1.42643353903e+12,888888,7001,1
-0.8572673,2.2821543,8.525671,1.42643353903e+12,1.42643353904e+12,777777,7001,7
27,0.59999084,-39.899994,1.42643353903e+12,1.42643353904e+12,999999,7001,9
-0.061847124,-0.05241687,-0.022121547,1.42643353908e+12,1.42643353908e+12,888888,7052,1
-1.0704241,2.500101,8.994347,1.42643353908e+12,1.42643353909e+12,777777,7051,9
27,0.59999084,-40.199997,1.42643353908e+12,1.42643353909e+12,999999,7052,10
0.095927596,0.037148166,-0.114817396,1.42643353913e+12,1.42643353913e+12,888888,7101,1
-1.2503499,2.552941,9.1941805,1.42643353913e+12,1.42643353914e+12,777777,7100,10
26.699997,0.8999939,-39.899994,1.42643353913e+12,1.42643353914e+12,999999,7101,11
0.15987861,-0.15044144,-0.20221701,1.42643353917e+12,1.42643353917e+12,888888,7142,2
-1.119971,2.6273365,9.579629,1.42643353917e+12,1.42643353918e+12,777777,7143,8
27,0.59999084,-40.5,1.42643353917e+12,1.42643353918e+12,999999,7143,9
0.30696607,-0.37746766,-0.31732896,1.42643353923e+12,1.42643353923e+12,888888,7201,1
-0.6322852,2.2550607,10.457105,1.42643353923e+12,1.42643353923e+12,777777,7201,5
27.299988,0.2999878,-40.5,1.42643353923e+12,1.42643353923e+12,999999,7201,6
-5.326322e-07,-0.019342273,-0.4260456,1.42643353928e+12,1.42643353928e+12,888888,7252,1
-0.4260141,2.0957918,10.207423,1.42643353928e+12,1.42643353928e+12,777777,7251,6
26.699997,0.59999084,-40.5,1.42643353928e+12,1.42643353928e+12,999999,7251,7
-0.12470305,-0.5075013,-0.5773962,1.42643353933e+12,1.42643353933e+12,888888,7302,1
-0.58198977,1.5661931,12.303215,1.42643353933e+12,1.42643353934e+12,777777,7301,11
26.399994,0.8999939,-40.5,1.42643353933e+12,1.42643353934e+12,999999,7301,12
0.39223382,0.113889016,-0.19582197,1.42643353937e+12,1.42643353938e+12,888888,7342,8
0.16630417,1.0126442,11.664943,1.42643353937e+12,1.42643353938e+12,777777,7342,16
26.699997,1.5,-41.399994,1.42643353937e+12,1.42643353939e+12,999999,7342,18
-5.326322e-07,-0.25489488,-0.68078387,1.42643353943e+12,1.42643353943e+12,888888,7401,1
-0.22393432,1.2252022,8.846304,1.42643353943e+12,1.42643353943e+12,777777,7402,5
26.09999,1.7999878,-41.09999,1.42643353943e+12,1.42643353944e+12,999999,7402,6
-0.12683518,0.12241593,-0.7916321,1.42643353948e+12,1.42643353948e+12,888888,7452,1
-0.3860472,0.9238788,9.754315,1.42643353948e+12,1.42643353948e+12,777777,7452,5
26.399994,2.399994,-41.09999,1.42643353948e+12,1.42643353949e+12,999999,7452,8
0.25367355,-0.066239476,-0.5145113,1.42643353953e+12,1.42643353953e+12,888888,7501,1
-0.54187316,1.0666819,9.970317,1.42643353953e+12,1.42643353953e+12,777777,7501,5
26.09999,3,-41.09999,1.42643353953e+12,1.42643353953e+12,999999,7501,6
0.38903645,-0.41050896,-0.35250214,1.42643353957e+12,1.42643353957e+12,888888,7543,1
-0.44143203,1.5531702,8.83837,1.42643353957e+12,1.42643353958e+12,777777,7543,7
25.199997,2.699997,-40.199997,1.42643353957e+12,1.42643353958e+12,999999,7543,8
0.21210533,-0.40091628,-0.39087242,1.42643353963e+12,1.42643353963e+12,888888,7601,1
-0.24444169,1.9854712,8.65605,1.42643353963e+12,1.42643353964e+12,777777,7601,7
24.899994,2.699997,-40.5,1.42643353963e+12,1.42643353964e+12,999999,7600,9
-0.022381738,-0.121663585,-0.24058758,1.42643353968e+12,1.42643353968e+12,888888,7652,1
-0.25417146,2.1778212,8.954679,1.42643353968e+12,1.42643353969e+12,777777,7652,8
23.399994,2.699997,-40.799988,1.42643353968e+12,1.42643353969e+12,999999,7653,9
0.0810059,-5.326322e-07,-0.15212242,1.42643353973e+12,1.42643353973e+12,888888,7702,1
-0.23306534,2.277963,9.032217,1.42643353973e+12,1.42643353974e+12,777777,7702,9
23.09999,2.399994,-41.399994,1.42643353973e+12,1.42643353974e+12,999999,7702,11
0.03089107,-0.02679007,-5.326322e-07,1.42643353977e+12,1.42643353984e+12,888888,7743,68
-0.21390519,2.2996678,8.853788,1.42643353977e+12,1.42643353986e+12,777777,7743,88
22.799988,2.0999908,-41.399994,1.42643353977e+12,1.42643353986e+12,999999,7743,95
-0.037316747,0.113896206,0.063159265,1.42643353984e+12,1.42643353987e+12,888888,7808,31
-0.11541,2.4278014,9.28115,1.42643353984e+12,1.42643353988e+12,777777,7808,49
23.09999,2.399994,-41.399994,1.42643353984e+12,1.42643353988e+12,999999,7808,50
0.080992855,0.18104489,0.26034132,1.42643353989e+12,1.42643353992e+12,888888,7861,31
0.045954436,2.4273522,9.947564,1.42643353989e+12,1.42643353993e+12,777777,7861,38
23.699997,2.399994,-41.09999,1.42643353989e+12,1.42643353993e+12,999999,7862,39
0.0660709,0.13521348,0.24968253,1.42643353993e+12,1.42643353996e+12,888888,7902,35
0.19833755,2.812202,10.352323,1.42643353993e+12,1.42643353997e+12,777777,7902,43
25.199997,2.0999908,-40.5,1.42643353993e+12,1.42643353997e+12,999999,7902,44
-5.326322e-07,0.18104489,0.13457114,1.42643353997e+12,1.42643354e+12,888888,7944,24
-0.24069947,2.8443851,10.58898,1.42643353997e+12,1.42643354e+12,777777,7944,30
25.199997,2.0999908,-39.299988,1.42643353997e+12,1.42643354e+12,999999,7944,31
0.15133865,0.25778574,0.2944484,1.42643354003e+12,1.42643354003e+12,888888,8001,1
-0.6800358,2.1124072,11.182796,1.42643354003e+12,1.42643354004e+12,777777,8002,6
25.199997,0.8999939,-40.5,1.42643354003e+12,1.42643354004e+12,999999,8002,7
0.48814732,0.26737845,0.5086843,1.42643354008e+12,1.42643354008e+12,888888,8050,1
-0.8852591,1.7848883,9.9589405,1.42643354008e+12,1.42643354008e+12,777777,8051,6
25.799988,0.2999878,-39.59999,1.42643354008e+12,1.42643354008e+12,999999,8050,8
0.08951976,0.02862845,0.2741972,1.42643354013e+12,1.42643354013e+12,888888,8100,1
-1.3789325,1.8010547,8.143965,1.42643354013e+12,1.42643354013e+12,777777,8100,7
25.199997,0,-39.59999,1.42643354013e+12,1.42643354014e+12,999999,8101,8
-0.10659675,-5.326322e-07,0.16761217,1.42643354018e+12,1.42643354018e+12,888888,8150,1
-1.7841399,1.1126362,9.089398,1.42643354018e+12,1.42643354018e+12,777777,8150,6
26.09999,-1.199997,-39.899994,1.42643354018e+12,1.42643354018e+12,999999,8151,7
-0.18227234,0.1032377,0.14096591,1.42643354023e+12,1.42643354023e+12,888888,8200,1
-1.547482,0.8931926,9.864936,1.42643354023e+12,1.42643354023e+12,777777,8200,6
25.799988,-0.8999939,-38.399994,1.42643354023e+12,1.42643354023e+12,999999,8200,7
-0.21211599,0.20236163,0.2390243,1.42643354028e+12,1.42643354028e+12,888888,8252,1
-1.239273,1.3446537,9.239536,1.42643354028e+12,1.42643354029e+12,777777,8252,8
26.399994,-1.5,-38.399994,1.42643354028e+12,1.42643354029e+12,999999,8251,10
-0.22810374,-5.326322e-07,0.2166415,1.42643354033e+12,1.42643354034e+12,888888,8305,4
-1.1301498,1.9152672,8.808433,1.42643354033e+12,1.42643354034e+12,777777,8305,11
26.09999,-1.199997,-37.5,1.42643354033e+12,1.42643354035e+12,999999,8305,16
-0.13111141,-0.15469797,0.039710395,1.42643354037e+12,1.42643354037e+12,888888,8342,1
-1.056952,2.0363653,9.109607,1.42643354037e+12,1.42643354038e+12,777777,8343,6
25.799988,-0.59999084,-37.5,1.42643354037e+12,1.42643354038e+12,999999,8342,11
0.05114894,-0.13444702,-0.14787921,1.42643354043e+12,1.42643354043e+12,888888,8401,1
-1.025218,1.7871337,9.369316,1.42643354043e+12,1.42643354043e+12,777777,8401,6
26.09999,0,-38.09999,1.42643354043e+12,1.42643354044e+12,999999,8401,7
-0.04477786,-0.34974867,-0.26192537,1.42643354048e+12,1.42643354048e+12,888888,8452,1
-0.94393706,1.4885046,9.811197,1.42643354048e+12,1.42643354049e+12,777777,8451,10
25.5,0.2999878,-38.399994,1.42643354048e+12,1.42643354049e+12,999999,8452,11
0.28883368,-0.031059382,-0.017845843,1.42643354053e+12,1.42643354053e+12,888888,8505,1
-0.53828067,1.4235398,10.371483,1.42643354053e+12,1.42643354054e+12,777777,8505,5
26.09999,0.2999878,-39,1.42643354053e+12,1.42643354054e+12,999999,8506,6
-0.14176965,-0.3934485,-0.25446424,1.42643354057e+12,1.42643354058e+12,888888,8543,6
-0.8231383,2.111509,9.84832,1.42643354057e+12,1.42643354058e+12,777777,8542,13
26.09999,0.59999084,-38.699997,1.42643354057e+12,1.42643354058e+12,999999,8543,15
-0.021328991,0.39741233,-0.38449815,1.42643354062e+12,1.42643354062e+12,888888,8592,1
-0.33874556,2.3149362,10.19006,1.42643354062e+12,1.42643354062e+12,777777,8592,4
26.09999,0.8999939,-38.09999,1.42643354062e+12,1.42643354062e+12,999999,8592,6
-5.326322e-07,-0.080088176,-0.38982713,1.42643354067e+12,1.42643354067e+12,888888,8644,1
-0.69470537,2.2011726,9.41063,1.42643354067e+12,1.42643354068e+12,777777,8644,4
26.09999,0.8999939,-37.799988,1.42643354067e+12,1.42643354068e+12,999999,8644,6
