timestamp,x (in radians/s),y (in radians/s),z (in radians/s)
1426433597.322198,-0.037048,-0.105927,-0.038486
1426433597.332204,-0.057300,-0.110071,-0.038399
1426433597.342209,-0.074407,-0.106667,-0.050012
1426433597.352215,-0.077633,-0.095887,-0.061671
1426433597.362222,-0.062631,-0.074652,-0.063805
1426433597.372228,-0.031643,-0.056745,-0.061771
1426433597.382234,0.002508,-0.049537,-0.056595
1426433597.392240,0.032376,-0.039058,-0.056710
1426433597.402248,0.046177,-0.031582,-0.067400
1426433597.412254,0.045191,-0.016666,-0.067346
1426433597.422250,0.025114,0.000410,-0.058673
1426433597.432256,0.002730,-0.002647,-0.059636
1426433597.442273,-0.013463,-0.028003,-0.071349
1426433597.452279,-0.018927,-0.047092,-0.076707
1426433597.462286,-0.011571,-0.060950,-0.079982
1426433597.472292,-0.004218,-0.080162,-0.080082
1426433597.482299,-0.002084,-0.093046,-0.070554
1426433597.492305,-0.012752,-0.101535,-0.067335
1426433597.502310,-0.024594,-0.118457,-0.072654
1426433597.512316,-0.040648,-0.120404,-0.082161
1426433597.522324,-0.050241,-0.108543,-0.091656
1426433597.532330,-0.045876,-0.080827,-0.096909
1426433597.542336,-0.036072,-0.044712,-0.092582
1426433597.552342,-0.020972,-0.006448,-0.093596
1426433597.562349,0.000314,0.011666,-0.107482
1426433597.572355,0.023646,0.006287,-0.116132
1426433597.582362,0.036466,-0.002418,-0.104514
1426433597.592368,0.035466,-0.009998,-0.090695
1426433597.602375,0.019560,-0.003557,-0.086337
1426433597.612381,-0.010204,0.017996,-0.094634
1426433597.622388,-0.032542,0.040611,-0.107223
1426433597.632394,-0.036923,0.031141,-0.116813
1426433597.642400,-0.026405,0.003370,-0.114828
1426433597.652406,-0.009389,-0.020290,-0.101151
1426433597.662412,0.003440,-0.036510,-0.083171
1426433597.672418,0.001356,-0.046204,-0.070418
1426433597.682425,-0.010354,-0.039706,-0.074596
1426433597.692431,-0.020014,-0.040625,-0.084132
1426433597.702438,-0.023269,-0.045891,-0.088391
1426433597.712444,-0.020042,-0.042735,-0.086268
1426433597.722451,-0.014599,-0.024691,-0.083042
1426433597.732457,-0.011270,0.004066,-0.085094
1426433597.742464,-0.015404,0.033951,-0.089233
1426433597.752470,-0.021724,0.049983,-0.091278
1426433597.762477,-0.024895,0.049971,-0.088069
1426433597.772483,-0.025939,0.044591,-0.081694
1426433597.782495,-0.023755,0.041293,-0.072135
1426433597.792501,-0.028955,0.046527,-0.059317
1426433597.802510,-0.040539,0.057153,-0.049644
1426433597.812516,-0.054309,0.064647,-0.045293
1426433597.822503,-0.062769,0.074271,-0.044154
1426433597.832509,-0.053188,0.078507,-0.047382
1426433597.842523,-0.027681,0.081635,-0.056015
1426433597.852529,0.009492,0.076177,-0.064735
1426433597.862542,0.036079,0.076064,-0.069126
1426433597.872548,0.043664,0.102657,-0.070141
1426433597.882562,0.038457,0.132558,-0.075339
1426433597.892568,0.038544,0.153888,-0.078464
1426433597.902567,0.048208,0.156947,-0.069985
1426433597.912573,0.062044,0.123640,-0.047808
1426433597.922580,0.067307,0.082947,-0.027742
1426433597.932586,0.051198,0.044618,-0.019271
1426433597.942592,0.012718,0.019299,-0.021291
1426433597.952598,-0.039634,0.003745,-0.033855
1426433597.962605,-0.094080,-0.009696,-0.043209
1426433597.972611,-0.141952,-0.016977,-0.032349
1426433597.982618,-0.177940,-0.015966,-0.004488
1426433597.992624,-0.201125,-0.019351,0.029681
1426433598.002630,-0.214747,-0.024910,0.062732
1426433598.012636,-0.216678,-0.020860,0.086175
1426433598.022641,-0.212231,-0.015762,0.107460
1426433598.032647,-0.205698,-0.012766,0.124470
1426433598.042656,-0.193862,-0.004414,0.135084
1426433598.052662,-0.176692,0.007112,0.144617
1426433598.062677,-0.157454,0.013341,0.149864
1426433598.072683,-0.142495,0.021765,0.150881
1426433598.082683,-0.134082,0.015417,0.141238
1426433598.092689,-0.131045,-0.003700,0.133708
1426433598.102673,-0.132201,-0.019659,0.132597
1426433598.112679,-0.140656,-0.022906,0.143274
1426433598.122711,-0.155358,-0.014503,0.164666
1426433598.132717,-0.174239,0.001329,0.191425
1426433598.142724,-0.192074,0.021466,0.212871
1426433598.152730,-0.200426,0.033098,0.226789
1426433598.162741,-0.203531,0.039436,0.234277
1426433598.172747,-0.208694,0.063921,0.238642
1426433598.182732,-0.210632,0.095853,0.241950
1426433598.192738,-0.206144,0.128772,0.249487
1426433598.202759,-0.187782,0.161572,0.261213
1426433598.212765,-0.164199,0.168740,0.277087
1426433598.222771,-0.149259,0.153603,0.291866
1426433598.232777,-0.155768,0.118414,0.300300
1426433598.242784,-0.170901,0.073759,0.301293
1426433598.252790,-0.189324,0.018524,0.296946
1426433598.262797,-0.209868,-0.022773,0.284139
1426433598.272803,-0.219682,-0.029930,0.258615
1426433598.282810,-0.213388,-0.005188,0.228858
1426433598.292816,-0.186776,0.025756,0.206471
1426433598.302822,-0.146258,0.053324,0.194650
1426433598.312828,-0.093028,0.070180,0.181665
1426433598.322843,-0.033593,0.065789,0.158999
1426433598.332849,0.021444,0.038013,0.134150
1426433598.342858,0.058441,0.011336,0.116845
1426433598.352864,0.077482,0.002807,0.106077
1426433598.362847,0.079584,0.008191,0.098632
1426433598.372853,0.076372,0.012520,0.093340
1426433598.382874,0.074230,0.017907,0.088045
1426433598.392880,0.080582,0.020061,0.081634
1426433598.402887,0.096502,0.017890,0.076224
1426433598.412893,0.121029,0.021989,0.078245
1426433598.422894,0.161512,0.018511,0.083354
1426433598.432900,0.211579,-0.000034,0.099012
1426433598.442911,0.257452,-0.026141,0.128505
1426433598.452917,0.288429,-0.053247,0.160198
1426433598.462925,0.295040,-0.067503,0.199506
1426433598.472931,0.263602,-0.057236,0.259311
1426433598.482938,0.197311,-0.017109,0.336419
1426433598.492944,0.117105,0.024264,0.402956
1426433598.502950,0.049287,0.043543,0.433164
1426433598.512956,0.010966,0.050184,0.430183
1426433598.522964,0.007600,0.055780,0.403605
1426433598.532970,0.046741,0.062308,0.365108
1426433598.542977,0.111428,0.057978,0.332835
1426433598.552983,0.169813,0.050358,0.314422
1426433598.562990,0.187871,0.051379,0.307948
1426433598.572996,0.155876,0.064495,0.292183
1426433598.583003,0.103411,0.060879,0.256238
1426433598.593009,0.055843,-0.012986,0.212587
1426433598.603015,0.031379,-0.114454,0.145310
1426433598.613021,0.041953,-0.204206,0.056607
1426433598.623028,0.094157,-0.273962,-0.032239
1426433598.633034,0.175460,-0.315382,-0.094523
1426433598.643041,0.263548,-0.324107,-0.126927
1426433598.653047,0.342474,-0.281849,-0.138891
1426433598.663053,0.407860,-0.203443,-0.135767
1426433598.673059,0.448927,-0.129399,-0.106986
1426433598.683066,0.456065,-0.051051,-0.062054
1426433598.693072,0.426912,0.007250,-0.014878
1426433598.703080,0.369925,0.047676,0.024926
1426433598.713086,0.290430,0.072337,0.056275
1426433598.723092,0.194835,0.090822,0.074909
1426433598.733098,0.092793,0.110488,0.085063
1426433598.743084,-0.018782,0.133365,0.099533
1426433598.753090,-0.136621,0.167912,0.122589
1426433598.763118,-0.244737,0.218309,0.153100
1426433598.773124,-0.344226,0.269589,0.197409
1426433598.783131,-0.426687,0.306846,0.250105
1426433598.793137,-0.489131,0.317453,0.293032
1426433598.803143,-0.509436,0.304799,0.292028
1426433598.813149,-0.459139,0.239062,0.229818
1426433598.823156,-0.339076,0.121030,0.136218
1426433598.833162,-0.174375,-0.014310,0.043404
1426433598.843182,-0.015768,-0.121041,-0.030125
1426433598.853188,0.093361,-0.158511,-0.076567
1426433598.863190,0.129474,-0.137167,-0.103290
1426433598.873196,0.088213,-0.080442,-0.107157
1426433598.883197,-0.010240,-0.008761,-0.080883
1426433598.893203,-0.138434,0.052281,-0.037462
1426433598.903192,-0.274073,0.116570,0.004941
1426433598.913198,-0.391712,0.172306,0.039776
1426433598.923211,-0.464833,0.200165,0.066845
1426433598.933217,-0.478527,0.194697,0.090315
1426433598.943231,-0.437111,0.153857,0.103814
1426433598.953237,-0.370296,0.089480,0.112851
1426433598.963236,-0.301320,0.038987,0.116600
1426433598.973242,-0.244077,-0.001764,0.110858
1426433598.983270,-0.209158,-0.029565,0.101012
1426433598.993276,-0.200733,-0.041288,0.096674
1426433599.003262,-0.217767,-0.042265,0.097820
1426433599.013268,-0.241246,-0.049565,0.095784
1426433599.023277,-0.255222,-0.075045,0.095770
1426433599.033283,-0.257481,-0.105959,0.099938
1426433599.043289,-0.252149,-0.113505,0.106274
1426433599.053295,-0.235166,-0.111392,0.097680
1426433599.063311,-0.199130,-0.112463,0.076206
1426433599.073317,-0.140771,-0.115762,0.051420
1426433599.083306,-0.070705,-0.120194,0.026572
1426433599.093312,-0.008035,-0.121438,0.007094
1426433599.103337,0.039886,-0.111003,0.000502
1426433599.113343,0.067637,-0.095167,-0.001713
1426433599.123350,0.077348,-0.073942,0.000437
1426433599.133356,0.068045,-0.042079,0.015491
1426433599.143362,0.053378,-0.010134,0.025250
1426433599.153368,0.056555,0.004879,0.012509
1426433599.163376,0.079744,-0.007823,-0.010004
1426433599.173382,0.119898,-0.035544,-0.031586
1426433599.183387,0.169588,-0.073979,-0.052185
1426433599.193393,0.224668,-0.110386,-0.065354
1426433599.203401,0.263119,-0.118264,-0.044280
1426433599.213407,0.254102,-0.082475,0.005915
1426433599.223414,0.194317,0.012143,0.060815
1426433599.233420,0.107986,0.138986,0.103178
1426433599.243426,0.019221,0.227632,0.131588
1426433599.253432,-0.050879,0.257836,0.134166
1426433599.263439,-0.089559,0.222049,0.112951
1426433599.273445,-0.092691,0.110762,0.057245
1426433599.283451,-0.044170,-0.039834,-0.040363
1426433599.293457,0.049968,-0.208708,-0.147839
1426433599.303466,0.154148,-0.337481,-0.222234
1426433599.313472,0.246137,-0.392949,-0.269714
1426433599.323478,0.319380,-0.382367,-0.307303
1426433599.333484,0.358752,-0.336465,-0.342478
1426433599.343491,0.365441,-0.242539,-0.367753
1426433599.353497,0.354290,-0.118820,-0.379002
1426433599.363504,0.330482,-0.005901,-0.366803
1426433599.373510,0.291941,0.107957,-0.332173
1426433599.383511,0.238483,0.190823,-0.277343
1426433599.393517,0.165665,0.239739,-0.224658
1426433599.403526,0.075440,0.240981,-0.188010
1426433599.413532,-0.001195,0.215660,-0.166420
1426433599.423533,-0.050320,0.171100,-0.154611
1426433599.433539,-0.082408,0.118937,-0.137590
1426433599.443565,-0.100469,0.083613,-0.107808
1426433599.453571,-0.109919,0.059914,-0.073774
1426433599.463555,-0.102474,0.027719,-0.052625
1426433599.473561,-0.070743,-0.017225,-0.049737
1426433599.483575,-0.023166,-0.073895,-0.055483
1426433599.493581,0.023306,-0.127293,-0.068664
1426433599.503595,0.055977,-0.162436,-0.089168
1426433599.513601,0.057930,-0.172946,-0.105180
1426433599.523607,0.031307,-0.163137,-0.112467
1426433599.533613,-0.012203,-0.138411,-0.110040
1426433599.543619,-0.054527,-0.099907,-0.101187
1426433599.553625,-0.092516,-0.056163,-0.085951
1426433599.563632,-0.130380,-0.000786,-0.062161
1426433599.573638,-0.166090,0.054550,-0.035188
1426433599.583645,-0.190200,0.091733,-0.010461
1426433599.593651,-0.205936,0.104392,0.012014
1426433599.603657,-0.209086,0.088273,0.029009
1426433599.613663,-0.205930,0.062574,0.041684
1426433599.623671,-0.204850,0.037890,0.060759
1426433599.633677,-0.211104,0.020604,0.090541
1426433599.643683,-0.227003,-0.008343,0.120332
1426433599.653689,-0.248270,-0.048994,0.152241
1426433599.663697,-0.270688,-0.104538,0.183043
1426433599.673703,-0.281395,-0.149430,0.206369
1426433599.683710,-0.271864,-0.186942,0.225360
1426433599.693716,-0.242049,-0.217136,0.246403
1426433599.703721,-0.205658,-0.224017,0.276006
1426433599.713727,-0.163853,-0.213890,0.305638
1426433599.723736,-0.116684,-0.186692,0.328912
1426433599.733742,-0.067272,-0.142497,0.355424
1426433599.743749,-0.019981,-0.098299,0.383011
1426433599.753755,0.015592,-0.044379,0.403237
1426433599.763760,0.033244,0.022284,0.438497
1426433599.773766,0.042448,0.082474,0.487617
1426433599.783774,0.041826,0.116226,0.522861
1426433599.793780,0.032401,0.127875,0.535720
1426433599.803782,0.020625,0.128023,0.527263
1426433599.813788,0.010922,0.128230,0.511344
1426433599.823800,0.014997,0.125223,0.488959
1426433599.833806,0.038197,0.114651,0.466453
1426433599.843812,0.081548,0.085837,0.445916
1426433599.853818,0.142818,0.031420,0.418819
1426433599.863838,0.211317,-0.054919,0.384130
1426433599.873844,0.262710,-0.152865,0.348423
1426433599.883841,0.279471,-0.211578,0.352405
1426433599.893847,0.250984,-0.221393,0.394032
1426433599.903859,0.174094,-0.170544,0.470164
1426433599.913865,0.056987,-0.077958,0.549827
1426433599.923841,-0.069907,0.009580,0.606102
1426433599.933846,-0.171758,0.065457,0.616374
1426433599.943857,-0.215605,0.073457,0.585747
1426433599.953863,-0.187538,0.035559,0.521610
1426433599.963866,-0.095973,-0.054750,0.442082
1426433599.973872,0.032718,-0.171898,0.362281
1426433599.983877,0.158292,-0.288054,0.292080
1426433599.993883,0.241542,-0.365706,0.230732
1426433600.003884,0.291078,-0.378217,0.171894
1426433600.013891,0.331204,-0.360874,0.115331
1426433600.023901,0.357835,-0.309583,0.081301
1426433600.033907,0.375303,-0.221246,0.077245
1426433600.043914,0.373971,-0.110747,0.106356
1426433600.053921,0.342189,0.026190,0.174029
1426433600.063941,0.262761,0.175930,0.268595
1426433600.073947,0.137292,0.284449,0.357933
1426433600.083943,-0.000446,0.331558,0.416259
1426433600.093949,-0.102510,0.314803,0.448649
1426433600.103954,-0.167607,0.263905,0.464774
1426433600.113961,-0.194532,0.208698,0.462599
1426433600.123968,-0.188536,0.176995,0.432658
1426433600.133974,-0.155884,0.164389,0.394130
1426433600.143981,-0.109228,0.171868,0.363051
1426433600.153987,-0.064598,0.189949,0.338403
1426433600.163994,-0.033895,0.196424,0.310593
1426433600.174001,-0.027782,0.180655,0.284962
1426433600.184006,-0.052567,0.138287,0.275366
1426433600.194012,-0.097610,0.076775,0.275389
1426433600.204019,-0.144825,0.016400,0.269039
1426433600.214025,-0.173945,-0.037638,0.257297
1426433600.224031,-0.183780,-0.067282,0.244475
1426433600.234037,-0.182745,-0.057602,0.233856
1426433600.244045,-0.180477,-0.012762,0.221217
1426433600.254051,-0.179224,0.045958,0.205435
1426433600.264058,-0.185418,0.101496,0.192874
1426433600.274065,-0.195780,0.155872,0.193103
1426433600.284071,-0.198575,0.208989,0.209259
1426433600.294077,-0.197301,0.225871,0.225277
1426433600.304065,-0.194062,0.223652,0.232705
1426433600.314070,-0.185665,0.206603,0.228349
1426433600.324097,-0.172154,0.165130,0.213242
1426433600.334103,-0.148080,0.111912,0.194851
1426433600.344110,-0.126038,0.068229,0.182888
1426433600.354115,-0.102711,0.051065,0.181651
1426433600.364122,-0.080331,0.048766,0.185790
1426433600.374128,-0.068519,0.053932,0.195329
1426433600.384135,-0.065142,0.082628,0.199664
1426433600.394141,-0.061845,0.111426,0.193355
1426433600.404150,-0.046959,0.127446,0.179494
1426433600.414155,-0.020487,0.128551,0.159140
1426433600.424161,0.019720,0.116846,0.133352
1426433600.434167,0.070491,0.095535,0.103222
1426433600.444171,0.130767,0.066765,0.067698
1426433600.454177,0.191070,0.043320,0.032190
1426433600.464183,0.244039,0.041207,-0.002146
1426433600.474190,0.278965,0.049849,-0.036357
1426433600.484190,0.287407,0.069193,-0.059755
1426433600.494196,0.277941,0.095903,-0.062814
1426433600.504210,0.253749,0.123542,-0.042377
1426433600.514216,0.225479,0.148832,0.003622
1426433600.524230,0.196010,0.137847,0.056960
1426433600.534236,0.176978,0.095977,0.103757
1426433600.544241,0.174754,0.035001,0.133376
1426433600.554247,0.184002,-0.057901,0.153251
1426433600.564257,0.198484,-0.157153,0.165628
1426433600.574263,0.194098,-0.204140,0.181464
1426433600.584263,0.131722,-0.170033,0.217017
1426433600.594270,0.015903,-0.034853,0.296813
1426433600.604277,-0.129434,0.118350,0.403428
1426433600.614283,-0.271957,0.206621,0.504495
1426433600.624290,-0.384477,0.189683,0.562485
1426433600.634295,-0.441600,0.064379,0.558101
1426433600.644303,-0.426086,-0.132127,0.492443
1426433600.654310,-0.316601,-0.375349,0.353775
1426433600.664315,-0.128557,-0.600504,0.171128
1426433600.674321,0.077272,-0.708780,0.006873
1426433600.684328,0.268228,-0.658614,-0.121659
1426433600.694335,0.427151,-0.494778,-0.199625
1426433600.704342,0.532553,-0.280157,-0.209028
1426433600.714348,0.571529,-0.032743,-0.154120
1426433600.724353,0.528833,0.207242,-0.051990
1426433600.734360,0.409437,0.415557,0.067452
1426433600.744367,0.236452,0.581740,0.169990
1426433600.754373,0.068228,0.668199,0.253081
1426433600.764378,-0.065379,0.647906,0.340972
1426433600.774384,-0.158792,0.556959,0.442271
1426433600.784392,-0.216467,0.412786,0.518733
1426433600.794398,-0.244653,0.255986,0.560941
1426433600.804399,-0.234764,0.110010,0.561478
1426433600.814404,-0.186752,-0.025203,0.526730
1426433600.824420,-0.103494,-0.113586,0.473863
1426433600.834426,-0.003937,-0.159592,0.434893
1426433600.844445,0.073830,-0.153659,0.435589
1426433600.854450,0.110568,-0.105232,0.472824
1426433600.864452,0.093169,-0.037403,0.518908
1426433600.874458,0.024649,0.029665,0.564180
1426433600.884450,-0.081204,0.084167,0.609597
1426433600.894456,-0.200936,0.113068,0.667773
1426433600.904461,-0.310063,0.110871,0.741763
1426433600.914467,-0.399086,0.107644,0.799681
1426433600.924469,-0.457124,0.152346,0.838440
1426433600.934474,-0.464052,0.227842,0.855755
1426433600.944504,-0.413670,0.286088,0.859953
1426433600.954510,-0.333499,0.333473,0.868225
1426433600.964507,-0.245868,0.391525,0.870107
1426433600.974514,-0.163861,0.427476,0.847461
1426433600.984526,-0.083271,0.431716,0.800234
1426433600.994532,-0.008378,0.400009,0.728432
1426433601.004546,0.056665,0.331174,0.646978
1426433601.014552,0.103468,0.239033,0.563409
1426433601.024535,0.126874,0.135200,0.491628
1426433601.034541,0.123999,0.054677,0.448796
1426433601.044555,0.108817,0.025095,0.432807
1426433601.054561,0.092722,0.019983,0.420096
1426433601.064574,0.088366,0.016914,0.409462
1426433601.074580,0.096754,0.007381,0.398744
1426433601.084589,0.124242,-0.005396,0.381532
1426433601.094595,0.166609,-0.020369,0.362111
1426433601.104599,0.207101,-0.009922,0.358749
1426433601.114605,0.238357,0.034449,0.377901
1426433601.124601,0.247445,0.089425,0.415294
1426433601.134607,0.240507,0.133844,0.452733
1426433601.144624,0.222688,0.164681,0.468891
1426433601.154630,0.196929,0.171522,0.437106
1426433601.164639,0.169614,0.144683,0.363701
1426433601.174644,0.140050,0.121224,0.272221
1426433601.184650,0.111525,0.088143,0.183898
1426433601.194656,0.076622,0.032572,0.112566
1426433601.204664,0.035521,-0.015699,0.061515
1426433601.214669,-0.000178,-0.063027,0.020021
1426433601.224669,-0.016964,-0.147670,-0.029142
1426433601.234674,-0.022167,-0.256874,-0.078443
1426433601.244676,-0.048450,-0.351219,-0.109492
1426433601.254683,-0.116842,-0.381600,-0.120961
1426433601.264696,-0.235838,-0.320128,-0.128683
1426433601.274702,-0.365358,-0.184777,-0.171240
1426433601.284714,-0.457947,-0.045999,-0.260809
1426433601.294720,-0.476310,0.064863,-0.372131
1426433601.304727,-0.404252,0.139927,-0.470182
1426433601.314734,-0.251400,0.149288,-0.540108
1426433601.324733,-0.040150,0.102770,-0.593476
1426433601.334739,0.192491,0.037782,-0.621461
1426433601.344752,0.398662,-0.029386,-0.628032
1426433601.354759,0.549560,-0.098496,-0.620494
1426433601.364766,0.637696,-0.153381,-0.614726
1426433601.374772,0.659946,-0.194111,-0.601131
1426433601.384765,0.615468,-0.201663,-0.563675
1426433601.394771,0.512779,-0.172870,-0.504520
1426433601.404792,0.370030,-0.104683,-0.419486
1426433601.414798,0.214894,0.002750,-0.309778
1426433601.424804,0.073735,0.117437,-0.187341
1426433601.434810,-0.035703,0.202201,-0.073677
1426433601.444817,-0.086992,0.238906,0.018249
1426433601.454823,-0.092929,0.243731,0.074715
1426433601.464831,-0.066403,0.216893,0.080882
1426433601.474838,-0.030804,0.161699,0.039007
1426433601.484843,-0.004021,0.100499,-0.037974
1426433601.494849,0.012008,0.037351,-0.127682
1426433601.504856,0.018606,-0.018429,-0.202415
1426433601.514863,0.009603,-0.051000,-0.243994
1426433601.524869,-0.014967,-0.053973,-0.252398
1426433601.534875,-0.057448,-0.048504,-0.241523
1426433601.544883,-0.108425,-0.038726,-0.230591
1426433601.554889,-0.156229,-0.019291,-0.229225
1426433601.564894,-0.180696,-0.004169,-0.236505
1426433601.574900,-0.184007,-0.001859,-0.253514
1426433601.584908,-0.170433,-0.017681,-0.278118
1426433601.594914,-0.146132,-0.022944,-0.299547
1426433601.604920,-0.122806,-0.011162,-0.320915
1426433601.614926,-0.112163,0.001648,-0.330507
1426433601.624933,-0.119501,0.017626,-0.326160
1426433601.634938,-0.141726,0.032593,-0.318548
1426433601.644954,-0.172585,0.031676,-0.315204
1426433601.654960,-0.202421,0.021157,-0.310832
1426433601.664963,-0.224812,0.010605,-0.307561
1426433601.674969,-0.237770,-0.019111,-0.310787
1426433601.684966,-0.243387,-0.051944,-0.326835
1426433601.694973,-0.242529,-0.059192,-0.349218
1426433601.704986,-0.235103,-0.039903,-0.366225
1426433601.714993,-0.227583,-0.019661,-0.371519
1426433601.725005,-0.218057,-0.019645,-0.379018
1426433601.735011,-0.205574,-0.034355,-0.407871
1426433601.745023,-0.187855,-0.048985,-0.448460
1426433601.755028,-0.159335,-0.029565,-0.492184
1426433601.765023,-0.111560,-0.007152,-0.526414
1426433601.775029,-0.049969,0.008782,-0.559669
1426433601.785038,0.013746,0.026853,-0.595058
1426433601.795043,0.071065,0.044971,-0.631478
1426433601.805049,0.114557,0.056718,-0.661463
1426433601.815055,0.129413,0.068489,-0.676402
1426433601.825063,0.117899,0.083315,-0.660328
1426433601.835068,0.091456,0.080030,-0.634658
1426433601.845088,0.068076,0.067243,-0.619680
1426433601.855094,0.055317,0.073727,-0.621725
1426433601.865098,0.062838,0.100400,-0.631255
1426433601.875103,0.092563,0.111061,-0.650530
1426433601.885103,0.154885,0.072734,-0.690354
1426433601.895109,0.261423,-0.026322,-0.755082
1426433601.905119,0.399626,-0.161661,-0.831797
1426433601.915125,0.505260,-0.268419,-0.869932
1426433601.925139,0.516194,-0.282781,-0.822129
1426433601.935145,0.420484,-0.196880,-0.724498
1426433601.945128,0.234666,-0.055209,-0.612395
1426433601.955134,-0.009531,0.112297,-0.493530
1426433601.965140,-0.249866,0.222391,-0.387647
1426433601.975147,-0.421991,0.197196,-0.320870
1426433601.985168,-0.491907,0.061264,-0.319903
1426433601.995173,-0.427588,-0.122440,-0.417698
1426433602.005178,-0.240432,-0.319940,-0.595992
1426433602.015184,0.013948,-0.486920,-0.776649
1426433602.025190,0.250019,-0.573397,-0.899466
1426433602.035196,0.425331,-0.548211,-0.967323
1426433602.045204,0.521393,-0.468654,-0.992026
1426433602.055210,0.524310,-0.353880,-0.967180
1426433602.065217,0.432976,-0.199539,-0.901282
1426433602.075222,0.257737,-0.023536,-0.822121
1426433602.085235,0.025988,0.145386,-0.748024
1426433602.095241,-0.208366,0.248454,-0.691162
1426433602.105243,-0.372923,0.268097,-0.640244
1426433602.115249,-0.471653,0.235065,-0.578117
1426433602.125255,-0.508624,0.199527,-0.514177
1426433602.135262,-0.475627,0.128592,-0.466670
1426433602.145268,-0.379185,0.014963,-0.448361
1426433602.155274,-0.229890,-0.109208,-0.473996
1426433602.165274,-0.052068,-0.227905,-0.532757
1426433602.175280,0.107956,-0.302924,-0.581704
1426433602.185301,0.204668,-0.312905,-0.599251
1426433602.195307,0.228294,-0.292926,-0.586529
1426433602.205292,0.181882,-0.255685,-0.554240
1426433602.215297,0.079295,-0.190572,-0.506675
1426433602.225310,-0.059528,-0.141285,-0.452595
1426433602.235317,-0.200676,-0.118541,-0.406042
1426433602.245318,-0.301673,-0.114936,-0.387430
1426433602.255324,-0.343414,-0.149801,-0.391594
1426433602.265332,-0.328869,-0.198746,-0.405666
1426433602.275337,-0.281159,-0.222350,-0.416627
1426433602.285359,-0.230069,-0.218333,-0.422191
1426433602.295365,-0.194876,-0.201455,-0.426569
1426433602.305372,-0.181933,-0.165288,-0.429708
1426433602.315378,-0.180603,-0.116315,-0.428490
1426433602.325385,-0.182408,-0.075974,-0.413445
1426433602.335392,-0.178960,-0.050584,-0.397411
1426433602.345397,-0.175629,-0.047560,-0.381450
1426433602.355403,-0.164882,-0.056323,-0.362370
1426433602.365410,-0.153138,-0.077872,-0.343338
1426433602.375417,-0.131973,-0.116426,-0.333989
1426433602.385422,-0.106526,-0.147529,-0.326766
1426433602.395428,-0.082952,-0.146781,-0.307719
1426433602.405435,-0.064534,-0.121558,-0.283244
1426433602.415442,-0.053554,-0.088806,-0.261901
1426433602.425449,-0.048996,-0.054903,-0.245844
1426433602.435455,-0.044373,-0.014650,-0.225509
1426433602.445462,-0.043841,0.032921,-0.188097
1426433602.455467,-0.043202,0.085716,-0.140023
1426433602.465474,-0.041524,0.132104,-0.090910
1426433602.475480,-0.041011,0.170049,-0.049272
1426433602.485487,-0.045927,0.191005,-0.009791
1426433602.495493,-0.040412,0.198237,0.010432
1426433602.505499,-0.021334,0.193948,0.001806
1426433602.515505,0.012335,0.170676,-0.035696
1426433602.525513,0.046909,0.136880,-0.087077
1426433602.535519,0.079258,0.084991,-0.138506
1426433602.545527,0.114621,0.003294,-0.193242
1426433602.555532,0.152159,-0.088122,-0.235246
1426433602.565539,0.178098,-0.173181,-0.266525
1426433602.575545,0.173654,-0.222238,-0.257083
1426433602.585552,0.128437,-0.215187,-0.186575
1426433602.595557,0.030672,-0.145451,-0.067695
1426433602.605565,-0.118892,-0.049083,0.082401
1426433602.615571,-0.284608,0.060470,0.199621
1426433602.625577,-0.408423,0.145992,0.242035
1426433602.635583,-0.435166,0.159168,0.216663
1426433602.645598,-0.348721,0.081498,0.155299
1426433602.655604,-0.167934,-0.051936,0.076249
1426433602.665604,0.061801,-0.197406,0.001174
1426433602.675610,0.276879,-0.312018,-0.062016
1426433602.685616,0.436095,-0.338041,-0.110799
1426433602.695621,0.528859,-0.269055,-0.141907
1426433602.705616,0.542316,-0.134909,-0.144728
1426433602.715622,0.485839,0.041025,-0.131096
1426433602.725636,0.384742,0.216020,-0.103405
1426433602.735641,0.267598,0.364401,-0.067205
1426433602.745665,0.166185,0.448668,-0.018520
1426433602.755672,0.094255,0.451703,0.042527
1426433602.765654,0.046394,0.389733,0.092596
1426433602.775661,0.017371,0.302336,0.116939
1426433602.785674,0.001966,0.204421,0.118824
1426433602.795681,-0.000710,0.117215,0.106841
1426433602.805677,0.004096,0.049227,0.085304
1426433602.815683,0.011073,-0.001673,0.057424
1426433602.825696,0.012770,-0.036516,0.024301
1426433602.835701,0.004993,-0.055360,-0.005529
1426433602.845727,-0.014441,-0.063486,-0.035266
1426433602.855733,-0.038120,-0.070533,-0.063913
1426433602.865724,-0.066111,-0.089281,-0.091513
1426433602.875731,-0.089776,-0.105994,-0.111676
1426433602.885746,-0.109072,-0.104647,-0.129673
1426433602.895751,-0.119671,-0.083204,-0.138066
1426433602.905758,-0.117426,-0.067282,-0.133767
1426433602.915764,-0.114161,-0.070607,-0.122084
1426433602.925769,-0.117257,-0.075000,-0.106115
1426433602.935776,-0.141572,-0.060071,-0.093171
1426433602.945783,-0.176559,-0.037544,-0.088664
1426433602.955789,-0.211562,-0.014997,-0.086287
1426433602.965797,-0.237019,0.006470,-0.088219
1426433602.975803,-0.245463,0.016074,-0.084952
1426433602.985811,-0.245416,0.009582,-0.074328
1426433602.995816,-0.247503,0.000963,-0.062636
1426433603.005823,-0.249685,-0.018255,-0.056301
1426433603.015829,-0.245587,-0.042734,-0.060659
1426433603.025836,-0.243567,-0.057616,-0.064976
1426433603.035841,-0.238152,-0.041682,-0.063887
1426433603.045849,-0.223181,-0.027912,-0.064981
1426433603.055856,-0.197686,-0.026913,-0.073621
1426433603.065862,-0.159485,-0.033402,-0.086607
1426433603.075868,-0.113947,-0.055869,-0.103940
1426433603.085874,-0.069473,-0.078329,-0.121268
1426433603.095881,-0.035613,-0.094338,-0.138522
1426433603.105887,-0.013419,-0.095329,-0.159926
1426433603.115893,0.001431,-0.084624,-0.174869
1426433603.125892,0.016453,-0.058054,-0.178050
1426433603.135898,0.029438,-0.026228,-0.172688
1426433603.145914,0.038241,0.009811,-0.159839
1426433603.155921,0.039697,0.059698,-0.142650
1426433603.165926,0.033748,0.112782,-0.121156
1426433603.175932,0.038242,0.139261,-0.108317
1426433603.185939,0.054305,0.155134,-0.107281
1426433603.195946,0.076763,0.185972,-0.115808
1426433603.205951,0.120544,0.225227,-0.126543
1426433603.215957,0.188717,0.239805,-0.133222
1426433603.225964,0.274760,0.214905,-0.143313
1426433603.235970,0.352064,0.157100,-0.159856
1426433603.245970,0.382793,0.130308,-0.161161
1426433603.255976,0.340612,0.154693,-0.123612
1426433603.265989,0.225291,0.197313,-0.054768
1426433603.275995,0.057844,0.230527,0.027081
1426433603.286011,-0.127898,0.233000,0.104661
1426433603.296016,-0.282398,0.160059,0.141386
1426433603.306028,-0.366345,-0.001282,0.134889
1426433603.316034,-0.366747,-0.222423,0.093714
1426433603.326018,-0.285825,-0.473218,-0.015030
1426433603.336025,-0.146462,-0.702757,-0.154867
1426433603.346038,0.012562,-0.844051,-0.290254
1426433603.356045,0.161618,-0.865001,-0.418810
1426433603.366055,0.292265,-0.763506,-0.531970
1426433603.376061,0.383329,-0.572836,-0.590348
1426433603.386068,0.417842,-0.287616,-0.588521
1426433603.396075,0.390053,0.038050,-0.545798
1426433603.406089,0.347267,0.314599,-0.480807
1426433603.416095,0.277407,0.510403,-0.420203
1426433603.426095,0.203500,0.580798,-0.385538
1426433603.436100,0.116117,0.525647,-0.356541
1426433603.446092,0.014552,0.398105,-0.322388
1426433603.456098,-0.085118,0.236542,-0.295807
1426433603.466120,-0.159444,0.057944,-0.285376
1426433603.476126,-0.195238,-0.090041,-0.269715
1426433603.486132,-0.179674,-0.196825,-0.249916
1426433603.496138,-0.120231,-0.251614,-0.236553
1426433603.506132,-0.045645,-0.247823,-0.232654
1426433603.516138,0.021638,-0.204514,-0.236041
1426433603.526160,0.070805,-0.161080,-0.241466
1426433603.536165,0.099670,-0.131375,-0.246836
1426433603.546171,0.110323,-0.127156,-0.249004
1426433603.556177,0.096469,-0.135637,-0.244705
1426433603.566185,0.058268,-0.139869,-0.224302
1426433603.576191,0.005307,-0.134551,-0.191020
1426433603.586197,-0.059281,-0.120697,-0.152329
1426433603.596203,-0.124834,-0.090882,-0.111452
1426433603.606200,-0.172231,-0.050521,-0.070631
1426433603.616206,-0.205857,-0.014439,-0.036280
1426433603.626223,-0.223536,0.018367,-0.003084
1426433603.636230,-0.228551,0.040519,0.022563
1426433603.646236,-0.226316,0.043591,0.034271
1426433603.656242,-0.225348,0.032985,0.028909
1426433603.666250,-0.226583,0.020343,0.015035
1426433603.676255,-0.228938,0.003487,-0.003106
1426433603.686257,-0.230199,-0.012340,-0.018055
1426433603.696263,-0.230262,-0.019764,-0.021273
1426433603.706283,-0.223845,-0.021982,-0.015989
1426433603.716290,-0.213111,-0.017864,-0.007513
1426433603.726296,-0.201284,-0.005212,-0.001143
1426433603.736302,-0.184149,0.007429,0.003071
1426433603.746310,-0.163784,0.025367,0.008351
1426433603.756315,-0.134865,0.037850,0.022087
1426433603.766313,-0.107920,0.066230,0.045465
1426433603.776320,-0.089328,0.116962,0.075346
1426433603.786326,-0.081257,0.200831,0.099001
1426433603.796332,-0.075363,0.287989,0.114160
1426433603.806333,-0.071717,0.360299,0.123960
1426433603.816339,-0.067057,0.419803,0.135842
1426433603.826355,-0.057182,0.460117,0.146570
1426433603.836360,-0.042123,0.463054,0.164602
1426433603.846366,-0.016589,0.436130,0.180354
1426433603.856372,0.021236,0.351856,0.171373
1426433603.866361,0.065049,0.225168,0.138804
1426433603.876367,0.111727,0.057068,0.091181
1426433603.886381,0.157276,-0.121666,0.042464
1426433603.896387,0.180872,-0.261119,0.020598
1426433603.906402,0.170043,-0.318720,0.036432
1426433603.916409,0.105553,-0.295341,0.081540
1426433603.926421,-0.022289,-0.220809,0.162262
1426433603.936427,-0.194552,-0.115307,0.261404
1426433603.946441,-0.356319,-0.009674,0.340267
1426433603.956447,-0.441028,0.066340,0.350519
1426433603.966442,-0.408386,0.068756,0.300331
1426433603.976449,-0.260217,0.000416,0.228045
1426433603.986444,-0.025017,-0.115245,0.150911
1426433603.996449,0.243053,-0.263086,0.077767
1426433604.006469,0.479514,-0.377931,0.026179
1426433604.016475,0.648419,-0.405216,-0.007753
1426433604.026481,0.736915,-0.360853,-0.022952
1426433604.036487,0.735541,-0.256734,0.005074
1426433604.046496,0.644180,-0.104504,0.068836
1426433604.056502,0.478523,0.068229,0.150068
1426433604.066497,0.261632,0.218900,0.230418
1426433604.076504,0.042252,0.313220,0.302080
1426433604.086521,-0.122143,0.342307,0.367932
1426433604.096527,-0.206100,0.297565,0.420366
1426433604.106534,-0.223309,0.221765,0.450010
1426433604.116540,-0.203324,0.170498,0.452936
1426433604.126549,-0.161142,0.127886,0.428102
1426433604.136554,-0.108438,0.095020,0.379827
1426433604.146560,-0.054669,0.076084,0.322012
1426433604.156566,0.004494,0.068823,0.265273
1426433604.166562,0.065787,0.046538,0.219120
1426433604.176569,0.108072,0.022020,0.195409
1426433604.186586,0.122836,0.007106,0.186770
1426433604.196592,0.105718,-0.002341,0.182566
1426433604.206599,0.059867,-0.018073,0.184872
1426433604.216605,0.001384,-0.016762,0.194749
1426433604.226614,-0.055897,0.001522,0.211062
1426433604.236619,-0.099377,0.005841,0.231519
1426433604.246626,-0.126914,0.001528,0.253998
1426433604.256632,-0.141741,-0.001703,0.266835
1426433604.266630,-0.148175,-0.010186,0.266840
1426433604.276636,-0.145129,-0.018593,0.252958
1426433604.286651,-0.136780,-0.021645,0.232680
1426433604.296657,-0.126175,-0.009860,0.218827
1426433604.306664,-0.117665,0.011543,0.202887
1426433604.316669,-0.112348,0.036180,0.184844
1426433604.326676,-0.106022,0.053375,0.164642
1426433604.336682,-0.102926,0.054553,0.150792
1426433604.346690,-0.100987,0.029052,0.143247
1426433604.356696,-0.101283,-0.013457,0.133528
1426433604.366704,-0.105817,-0.050606,0.122783
1426433604.376709,-0.110219,-0.068626,0.116359
1426433604.386715,-0.113433,-0.070727,0.115304
1426433604.396721,-0.117668,-0.063228,0.113220
1426433604.406723,-0.116615,-0.043922,0.098375
1426433604.416729,-0.106038,-0.026741,0.077088
1426433604.426725,-0.085948,-0.021320,0.054650
1426433604.436731,-0.061596,-0.016998,0.033252
1426433604.446746,-0.035194,-0.016878,0.004378
1426433604.456753,-0.006708,-0.021000,-0.027713
1426433604.466765,0.016493,-0.028357,-0.052338
1426433604.476771,0.032236,-0.036736,-0.076928
1426433604.486784,0.045925,-0.039839,-0.095103
1426433604.496790,0.057574,-0.033395,-0.107915
1426433604.506804,0.066145,-0.014213,-0.114282
1426433604.516810,0.067234,0.010407,-0.128046
1426433604.526807,0.061911,0.031880,-0.142852
1426433604.536813,0.052327,0.046946,-0.153400
1426433604.546820,0.046976,0.044867,-0.155510
1426433604.556826,0.047909,0.021441,-0.156656
1426433604.566832,0.063789,-0.002121,-0.152554
1426433604.576838,0.095508,-0.052411,-0.147554
1426433604.586846,0.136717,-0.114430,-0.146898
1426433604.596853,0.171455,-0.182741,-0.152618
1426433604.606853,0.180762,-0.219970,-0.163432
1426433604.616859,0.141630,-0.177194,-0.157774
1426433604.626880,0.049946,-0.051356,-0.118581
1426433604.636886,-0.072340,0.097898,-0.058933
1426433604.646876,-0.188576,0.184290,-0.000585
1426433604.656883,-0.272496,0.172735,0.033860
1426433604.666905,-0.323089,0.059008,0.040127
1426433604.676911,-0.340074,-0.107933,0.021567
1426433604.686904,-0.301093,-0.302484,-0.039943
1426433604.696910,-0.193297,-0.514088,-0.142305
1426433604.706915,-0.050070,-0.661944,-0.249957
1426433604.716921,0.095025,-0.676812,-0.343344
1426433604.726928,0.226046,-0.557567,-0.419188
1426433604.736934,0.341567,-0.366997,-0.481947
1426433604.746943,0.433939,-0.160560,-0.518990
1426433604.756948,0.488042,0.022435,-0.531434
1426433604.766964,0.488875,0.159678,-0.516085
1426433604.776970,0.434161,0.253514,-0.494214
1426433604.786976,0.330252,0.309312,-0.474352
1426433604.796983,0.198479,0.324759,-0.450225
1426433604.806990,0.064358,0.295468,-0.424103
1426433604.816996,-0.056118,0.247048,-0.410887
1426433604.827003,-0.131987,0.177072,-0.397964
1426433604.837008,-0.157648,0.110886,-0.366117
1426433604.847016,-0.150139,0.067889,-0.329036
1426433604.857023,-0.107523,0.034376,-0.302745
1426433604.867028,-0.049941,0.019997,-0.281788
1426433604.877034,0.007637,0.007770,-0.262954
1426433604.887041,0.060910,-0.005448,-0.249423
1426433604.897048,0.103499,-0.008909,-0.247518
1426433604.907054,0.121531,-0.006781,-0.258246
1426433604.917078,0.115102,-0.006694,-0.263537
1426433604.927083,0.085255,-0.019343,-0.259171
1426433604.937089,0.044765,-0.041587,-0.247332
1426433604.947106,0.003350,-0.040414,-0.233283
1426433604.957112,-0.028407,-0.026527,-0.218176
1426433604.967119,-0.048290,-0.003264,-0.188193
1426433604.977124,-0.054278,0.020923,-0.151890
1426433604.987108,-0.047512,0.040778,-0.115664
1426433604.997113,-0.047093,0.067048,-0.078321
1426433605.007142,-0.058374,0.095516,-0.040913
1426433605.017148,-0.070946,0.103907,-0.019532
1426433605.027138,-0.089975,0.107061,-0.003459
1426433605.037145,-0.106947,0.096357,0.012559
1426433605.047167,-0.126140,0.080422,0.020054
1426433605.057173,-0.148442,0.072974,0.032915
1426433605.067176,-0.166386,0.073951,0.053234
1426433605.077182,-0.177939,0.078106,0.071402
1426433605.087189,-0.179918,0.085432,0.086340
1426433605.097196,-0.178769,0.090680,0.093803
1426433605.107203,-0.167068,0.091697,0.091619
1426433605.117208,-0.146918,0.080961,0.088290
1426433605.127216,-0.127776,0.080882,0.085000
1426433605.137222,-0.106532,0.081895,0.077446
1426433605.147228,-0.084219,0.077537,0.074127
1426433605.157234,-0.069246,0.079510,0.081511
1426433605.167243,-0.063699,0.097422,0.098574
1426433605.177248,-0.068642,0.137710,0.121086
1426433605.187256,-0.080965,0.187596,0.146860
1426433605.197262,-0.097559,0.236451,0.171587
1426433605.207268,-0.111083,0.272579,0.188806
1426433605.217273,-0.119351,0.303401,0.200658
1426433605.227282,-0.118961,0.350079,0.219970
1426433605.237288,-0.096223,0.383777,0.246581
1426433605.247295,-0.067429,0.387842,0.249644
1426433605.257301,-0.040816,0.386624,0.249508
1426433605.267307,-0.015499,0.356758,0.238638
1426433605.277313,0.004286,0.291808,0.224488
1426433605.287320,0.021796,0.209902,0.202842
1426433605.297326,0.035025,0.123759,0.181203
1426433605.307333,0.049358,0.037561,0.164881
1426433605.317338,0.061747,-0.024202,0.156100
1426433605.327336,0.068099,-0.040274,0.162403
1426433605.337342,0.053744,0.023438,0.191426
1426433605.347360,0.001561,0.137122,0.252737
1426433605.357366,-0.087726,0.264755,0.325989
1426433605.367373,-0.182557,0.369109,0.386418
1426433605.377378,-0.246932,0.415928,0.430538
1426433605.387386,-0.266960,0.403995,0.465729
1426433605.397392,-0.231189,0.300340,0.480114
1426433605.407396,-0.120859,0.060336,0.451100
1426433605.417402,0.052734,-0.240357,0.381119
1426433605.427412,0.241438,-0.504945,0.313310
1426433605.437418,0.413949,-0.642924,0.269417
1426433605.447425,0.552102,-0.636955,0.229360
1426433605.457431,0.623730,-0.528382,0.192100
1426433605.467451,0.623829,-0.292920,0.183290
1426433605.477457,0.553332,0.028853,0.213438
1426433605.487445,0.424440,0.351825,0.265172
1426433605.497451,0.263058,0.592053,0.301894
1426433605.507463,0.105091,0.696098,0.321119
1426433605.517468,-0.029967,0.677372,0.356860
1426433605.527483,-0.127094,0.583886,0.391103
1426433605.537488,-0.187516,0.441580,0.384551
1426433605.547501,-0.207799,0.274789,0.352169
1426433605.557507,-0.184548,0.097178,0.311019
1426433605.567491,-0.119613,-0.051927,0.270819
1426433605.577497,-0.021304,-0.148083,0.242336
1426433605.587510,0.084914,-0.177319,0.227872
1426433605.597516,0.159523,-0.144612,0.214832
1426433605.607530,0.183158,-0.078545,0.196834
1426433605.617536,0.157843,-0.010086,0.181216
1426433605.627542,0.097357,0.048970,0.167872
1426433605.637548,0.025186,0.099482,0.164139
1426433605.647555,-0.045852,0.147756,0.171039
1426433605.657561,-0.096632,0.198024,0.179973
1426433605.667581,-0.120888,0.225744,0.191895
1426433605.677587,-0.116534,0.222382,0.206765
1426433605.687577,-0.101685,0.194495,0.218310
1426433605.697583,-0.084832,0.154962,0.221290
1426433605.707603,-0.073524,0.093226,0.210386
1426433605.717610,-0.068765,0.021008,0.185641
1426433605.727601,-0.063976,-0.039454,0.156677
1426433605.737607,-0.048573,-0.098862,0.122340
1426433605.747627,-0.019355,-0.161534,0.086859
1426433605.757632,0.011920,-0.219838,0.038608
1426433605.767626,0.031756,-0.207662,-0.022130
1426433605.777632,0.075044,-0.168855,-0.097800
1426433605.787645,0.159445,-0.191945,-0.185589
1426433605.797651,0.251016,-0.267253,-0.274649
1426433605.807661,0.305812,-0.301155,-0.327195
1426433605.817667,0.255318,-0.193357,-0.320203
1426433605.827672,0.078153,0.192256,-0.217990
1426433605.837678,-0.093558,0.473684,-0.026724
1426433605.847687,-0.169872,0.436162,0.045922
1426433605.857692,-0.173074,0.256351,0.028316
1426433605.867701,-0.146018,-0.110467,0.057851
1426433605.877707,-0.128529,-0.455809,0.074729
1426433605.887712,-0.123312,-0.631257,0.041127
1426433605.897718,-0.103945,-0.683884,-0.036853
