timestamp,x (in G's),y (in G's),z (in G's)
1426433408.320314,0.000778,-0.200653,-1.010269
1426433408.330137,-0.020264,-0.183197,-0.992004
1426433408.339951,-0.039322,-0.174637,-0.986237
1426433408.349761,-0.049210,-0.168900,-0.987991
1426433408.359592,-0.041946,-0.170456,-0.991074
1426433408.369415,-0.030731,-0.172318,-0.988876
1426433408.379236,-0.022034,-0.175430,-0.986877
1426433408.389067,-0.012238,-0.172836,-0.984894
1426433408.398882,-0.002502,-0.168777,-0.984970
1426433408.408703,-0.000870,-0.172165,-0.984451
1426433408.418526,-0.004135,-0.173599,-0.981613
1426433408.428349,-0.005249,-0.167145,-0.977646
1426433408.438170,-0.002548,-0.165695,-0.971909
1426433408.447992,-0.000702,-0.170807,-0.973862
1426433408.457812,-0.004532,-0.173309,-0.975571
1426433408.467635,-0.014313,-0.176346,-0.975693
1426433408.477466,-0.020950,-0.171188,-0.971756
1426433408.487278,-0.024658,-0.165314,-0.966019
1426433408.497085,-0.018082,-0.159546,-0.967087
1426433408.506922,-0.015533,-0.161148,-0.966385
1426433408.516738,-0.012650,-0.168854,-0.956833
1426433408.526564,-0.011749,-0.177078,-0.956100
1426433408.536390,-0.010193,-0.178497,-0.958252
1426433408.546207,-0.004761,-0.178375,-0.964539
1426433408.556030,0.005447,-0.178741,-0.976227
1426433408.565848,0.009018,-0.180084,-0.983231
1426433408.575657,0.009186,-0.181763,-0.987152
1426433408.585490,0.008804,-0.183136,-0.988922
1426433408.595324,0.010239,-0.179565,-0.986389
1426433408.605133,0.010208,-0.176865,-0.986404
1426433408.614943,0.008804,-0.178741,-0.982925
1426433408.624775,0.008209,-0.177734,-0.975815
1426433408.634586,0.005173,-0.181061,-0.970566
1426433408.644425,0.006332,-0.182083,-0.972733
1426433408.654241,0.014435,-0.191620,-0.965958
1426433408.664065,0.022446,-0.199448,-0.966797
1426433408.673886,0.027786,-0.202469,-0.970016
1426433408.683706,0.028427,-0.201141,-0.974823
1426433408.693537,0.021011,-0.198303,-0.983429
1426433408.703350,0.016708,-0.189072,-0.987427
1426433408.713171,0.021179,-0.185150,-0.983780
1426433408.722993,0.020920,-0.184830,-0.970734
1426433408.732814,0.019974,-0.186996,-0.958130
1426433408.742637,0.014114,-0.189209,-0.954315
1426433408.752457,0.008621,-0.190994,-0.963959
1426433408.762280,0.008667,-0.187012,-0.971664
1426433408.772101,0.003754,-0.177841,-0.974304
1426433408.781922,-0.003952,-0.172852,-0.975937
1426433408.791746,-0.003952,-0.172043,-0.988464
1426433408.801566,-0.003235,-0.172455,-0.999939
1426433408.811388,-0.005371,-0.175797,-1.004959
1426433408.821210,-0.001770,-0.179504,-1.004364
1426433408.831032,0.000473,-0.175781,-0.999710
1426433408.840855,-0.005859,-0.173935,-0.991180
1426433408.850678,-0.009338,-0.173035,-0.986710
1426433408.860500,-0.016144,-0.170685,-0.983521
1426433408.870329,-0.018997,-0.175018,-0.983414
1426433408.880143,-0.021576,-0.172638,-0.980942
1426433408.889966,-0.025742,-0.171921,-0.986664
1426433408.899795,-0.026932,-0.167892,-0.995911
1426433408.909609,-0.032654,-0.166412,-1.012009
1426433408.919433,-0.029922,-0.164017,-1.032562
1426433408.929256,-0.028809,-0.158112,-1.045044
1426433408.939077,-0.030396,-0.157318,-1.042282
1426433408.948900,-0.034409,-0.157394,-1.036285
1426433408.958725,-0.037415,-0.161407,-1.026077
1426433408.968542,-0.041016,-0.170242,-1.018112
1426433408.978348,-0.037186,-0.175369,-1.003082
1426433408.988188,-0.034103,-0.178314,-0.974579
1426433408.998002,-0.038330,-0.183868,-0.952042
1426433409.007834,-0.044998,-0.198380,-0.939529
1426433409.017656,-0.042969,-0.208115,-0.932938
1426433409.027481,-0.038788,-0.213242,-0.932953
1426433409.037306,-0.031387,-0.219269,-0.933823
1426433409.047134,-0.029312,-0.218323,-0.947159
1426433409.056962,-0.031250,-0.221039,-0.969650
1426433409.066772,-0.033844,-0.219742,-0.984131
1426433409.076584,-0.039551,-0.217407,-0.990829
1426433409.086418,-0.047318,-0.208099,-1.001923
1426433409.096243,-0.053192,-0.201553,-1.016022
1426433409.106064,-0.058105,-0.192780,-1.020782
1426433409.115873,-0.066040,-0.183594,-1.014725
1426433409.125709,-0.077637,-0.174423,-1.002151
1426433409.135521,-0.085510,-0.170181,-0.983414
1426433409.145357,-0.086319,-0.173874,-0.964386
1426433409.155171,-0.083145,-0.183029,-0.947113
1426433409.165013,-0.080978,-0.194336,-0.933701
1426433409.174840,-0.073639,-0.207245,-0.924652
1426433409.184647,-0.066116,-0.212830,-0.926437
1426433409.194474,-0.057175,-0.215225,-0.934891
1426433409.204300,-0.051224,-0.217941,-0.947678
1426433409.214108,-0.049820,-0.218842,-0.956161
1426433409.223954,-0.046021,-0.217606,-0.972092
1426433409.233780,-0.041306,-0.220367,-0.985748
1426433409.243606,-0.033005,-0.223007,-0.993134
1426433409.253417,-0.025681,-0.224243,-0.989792
1426433409.263254,-0.022064,-0.224625,-0.971115
1426433409.273059,-0.022537,-0.227676,-0.957153
1426433409.282879,-0.020630,-0.232620,-0.953003
1426433409.292719,-0.019516,-0.236176,-0.957916
1426433409.302537,-0.015442,-0.235931,-0.971817
1426433409.312366,-0.012665,-0.233749,-0.975693
1426433409.322176,-0.016708,-0.225662,-0.982727
1426433409.332007,-0.018784,-0.220932,-0.997360
1426433409.341832,-0.021225,-0.220718,-1.005768
1426433409.351663,-0.025192,-0.223511,-1.012543
1426433409.361467,-0.023056,-0.224365,-1.017899
1426433409.371289,-0.015350,-0.229324,-1.020813
1426433409.381112,-0.013138,-0.236191,-1.007599
1426433409.390936,-0.020004,-0.240738,-0.994064
1426433409.400758,-0.027939,-0.244064,-0.973755
1426433409.410580,-0.033981,-0.245087,-0.956894
1426433409.420404,-0.036072,-0.243042,-0.951660
1426433409.430227,-0.037369,-0.242157,-0.949265
1426433409.440052,-0.044464,-0.245880,-0.943680
1426433409.449880,-0.045166,-0.251144,-0.947235
1426433409.459703,-0.045395,-0.249954,-0.957825
1426433409.469527,-0.054749,-0.244064,-0.967209
1426433409.479361,-0.072983,-0.238297,-0.974258
1426433409.489176,-0.081406,-0.233109,-0.987732
1426433409.499009,-0.085022,-0.233185,-0.993500
1426433409.508825,-0.090515,-0.229538,-0.995209
1426433409.518662,-0.099106,-0.233093,-0.993973
1426433409.528474,-0.110153,-0.238220,-1.001328
1426433409.538283,-0.120651,-0.243744,-1.010666
1426433409.548123,-0.131973,-0.247345,-1.018555
1426433409.557938,-0.138992,-0.245819,-1.026718
1426433409.567770,-0.145447,-0.245255,-1.040619
1426433409.577591,-0.144409,-0.246506,-1.054108
1426433409.587418,-0.139709,-0.251160,-1.076035
1426433409.597245,-0.127686,-0.257385,-1.098480
1426433409.607074,-0.115280,-0.247360,-1.125183
1426433409.616897,-0.101334,-0.230621,-1.159195
1426433409.626717,-0.081085,-0.212891,-1.200958
1426433409.636534,-0.061523,-0.204712,-1.242722
1426433409.646366,-0.046417,-0.206299,-1.284897
1426433409.656180,-0.035324,-0.215363,-1.324539
1426433409.666016,-0.025513,-0.208939,-1.351501
1426433409.675830,-0.015167,-0.188828,-1.356689
1426433409.685665,0.006012,-0.172745,-1.348068
1426433409.695481,0.023102,-0.161362,-1.355804
1426433409.705317,0.042908,-0.160721,-1.404816
1426433409.715141,0.061447,-0.162033,-1.502289
1426433409.724966,0.083435,-0.151169,-1.623093
1426433409.734793,0.092407,-0.125107,-1.733887
1426433409.744616,0.093170,-0.082397,-1.801041
1426433409.754442,0.084320,-0.023590,-1.793701
1426433409.764268,0.053833,0.035919,-1.705872
1426433409.774089,0.009521,0.074585,-1.542847
1426433409.783923,-0.013840,0.064362,-1.322189
1426433409.793736,-0.001266,0.028824,-1.074463
1426433409.803563,0.028870,-0.022049,-0.838913
1426433409.813389,0.047592,-0.071640,-0.665131
1426433409.823214,0.062775,-0.138611,-0.550140
1426433409.833038,0.077209,-0.197556,-0.492676
1426433409.842861,0.071457,-0.235718,-0.534592
1426433409.852686,0.080963,-0.220490,-0.620163
1426433409.862512,0.096848,-0.158661,-0.734207
1426433409.872334,0.111771,-0.097839,-0.837555
1426433409.882164,0.121185,-0.040375,-0.917114
1426433409.891988,0.108749,-0.016922,-0.985336
1426433409.901811,0.087479,0.003342,-1.034271
1426433409.911642,0.068146,0.012299,-1.019760
1426433409.921458,0.049683,0.005325,-0.945847
1426433409.931282,0.045349,-0.018509,-0.851913
1426433409.941107,0.048965,-0.050171,-0.761383
1426433409.950931,0.047638,-0.090073,-0.696915
1426433409.960755,0.044601,-0.113235,-0.652054
1426433409.970579,0.045868,-0.115417,-0.629181
1426433409.980403,0.045456,-0.107239,-0.631409
1426433409.990226,0.045853,-0.099533,-0.654434
1426433410.000051,0.050507,-0.102188,-0.689911
1426433410.009873,0.054169,-0.096680,-0.718796
1426433410.019697,0.058395,-0.083603,-0.726532
1426433410.029521,0.059326,-0.062714,-0.722076
1426433410.039327,0.063492,-0.046310,-0.718887
1426433410.049166,0.062210,-0.046402,-0.719955
1426433410.058990,0.056137,-0.057770,-0.713211
1426433410.068813,0.053223,-0.072174,-0.707748
1426433410.078636,0.056808,-0.086044,-0.714310
1426433410.088458,0.064621,-0.085938,-0.736099
1426433410.098288,0.073944,-0.079819,-0.764725
1426433410.108102,0.076660,-0.094177,-0.793976
1426433410.117930,0.070450,-0.131668,-0.818008
1426433410.127754,0.059036,-0.171890,-0.849380
1426433410.137564,0.055923,-0.214569,-0.912170
1426433410.147401,0.058578,-0.244995,-1.008499
1426433410.157217,0.058914,-0.266357,-1.118835
1426433410.167049,0.048920,-0.284210,-1.207748
1426433410.176869,0.021088,-0.278305,-1.244492
1426433410.186694,-0.008148,-0.252655,-1.263000
1426433410.196507,-0.020798,-0.223892,-1.282410
1426433410.206342,-0.032532,-0.215820,-1.318817
1426433410.216180,-0.046295,-0.225281,-1.371262
1426433410.225991,-0.057434,-0.236450,-1.427292
1426433410.235803,-0.069031,-0.234711,-1.475891
1426433410.245637,-0.064377,-0.230011,-1.522141
1426433410.255460,-0.056259,-0.230698,-1.554321
1426433410.265266,-0.038193,-0.226044,-1.548843
1426433410.275106,-0.016678,-0.220093,-1.523773
1426433410.284930,0.008591,-0.222595,-1.493423
1426433410.294755,0.026535,-0.223038,-1.457230
1426433410.304578,0.037537,-0.219086,-1.420746
1426433410.314410,0.034592,-0.201096,-1.388596
1426433410.324223,0.023132,-0.167068,-1.359604
1426433410.334046,0.006119,-0.127945,-1.298111
1426433410.343871,-0.020309,-0.091919,-1.209030
1426433410.353704,-0.044266,-0.066818,-1.105331
1426433410.363517,-0.066055,-0.062164,-0.996689
1426433410.373340,-0.085022,-0.070526,-0.889938
1426433410.383164,-0.099609,-0.078064,-0.800461
1426433410.392988,-0.110184,-0.077286,-0.750565
1426433410.402811,-0.101898,-0.069626,-0.745560
1426433410.412634,-0.089920,-0.087189,-0.743546
1426433410.422459,-0.056839,-0.064621,-0.744293
1426433410.432282,-0.030411,-0.080093,-0.789642
1426433410.442106,-0.017868,-0.080185,-0.794006
1426433410.451929,-0.005356,-0.080261,-0.780472
1426433410.461753,-0.002594,-0.074615,-0.757614
1426433410.471583,0.003540,-0.077179,-0.719055
1426433410.481403,0.002243,-0.085449,-0.672913
1426433410.491233,0.008224,-0.092834,-0.630737
1426433410.501029,0.018402,-0.081589,-0.600372
1426433410.510860,0.012268,0.046539,-0.612106
1426433410.520679,0.002625,-0.014511,-0.663574
1426433410.530506,0.039551,-0.093323,-0.659302
1426433410.540335,0.013641,-0.158966,-0.675919
1426433410.550159,-0.022064,-0.191544,-0.704102
1426433410.559977,-0.009354,-0.170105,-0.723007
1426433410.569795,0.000412,-0.129990,-0.728180
1426433410.579612,-0.005997,-0.107513,-0.733322
1426433410.589456,-0.004776,-0.069336,-0.735199
1426433410.599265,-0.000763,-0.037659,-0.716217
1426433410.609101,-0.007736,-0.039764,-0.687622
1426433410.618922,-0.011353,-0.062576,-0.678040
1426433410.628735,-0.004700,-0.098297,-0.681061
1426433410.638568,0.005508,-0.140671,-0.712204
1426433410.648383,0.026657,-0.180389,-0.750214
1426433410.658224,0.038330,-0.209702,-0.786255
1426433410.668029,0.045044,-0.227219,-0.825989
1426433410.677848,0.049622,-0.232224,-0.864548
1426433410.687673,0.055161,-0.227432,-0.898499
1426433410.697504,0.062927,-0.212067,-0.934525
1426433410.707321,0.066818,-0.198303,-0.980179
1426433410.717140,0.077026,-0.185867,-1.050369
1426433410.726969,0.076935,-0.135483,-1.243408
1426433410.736791,0.082748,-0.139862,-1.312012
1426433410.746617,0.094772,-0.143600,-1.427368
1426433410.756451,0.089111,-0.142365,-1.521164
1426433410.766270,0.102386,-0.181656,-1.585190
1426433410.776081,0.111176,-0.221420,-1.605209
1426433410.785917,0.118942,-0.251816,-1.578812
1426433410.795741,0.144257,-0.278702,-1.540726
1426433410.805564,0.187698,-0.296707,-1.511154
1426433410.815386,0.233536,-0.297775,-1.484421
1426433410.825209,0.270142,-0.281113,-1.465576
1426433410.835033,0.265167,-0.253464,-1.430893
1426433410.844856,0.218384,-0.216995,-1.385574
1426433410.854679,0.155655,-0.179153,-1.325516
1426433410.864501,0.100098,-0.138367,-1.255997
1426433410.874320,0.069992,-0.101013,-1.191101
1426433410.884148,0.038391,-0.054764,-1.146393
1426433410.893968,0.006180,-0.017685,-1.112289
1426433410.903792,-0.025833,0.029175,-1.078033
1426433410.913616,-0.048050,0.075851,-1.034119
1426433410.923448,-0.054367,0.099854,-0.982040
1426433410.933263,-0.040207,0.106171,-0.938812
1426433410.943085,-0.011688,0.086761,-0.905167
1426433410.952909,0.032318,0.043503,-0.883896
1426433410.962733,0.068604,-0.014618,-0.882141
1426433410.972556,0.087494,-0.054489,-0.895554
1426433410.982379,0.093552,-0.104309,-0.919785
1426433410.992201,0.112396,-0.128784,-0.962936
1426433411.002024,0.125946,-0.126541,-0.997330
1426433411.011848,0.133881,-0.106262,-1.023514
1426433411.021670,0.121231,-0.085342,-1.035034
1426433411.031494,0.095734,-0.071793,-1.064087
1426433411.041314,0.035553,-0.052338,-0.989380
1426433411.051138,-0.027908,-0.048645,-0.923996
1426433411.060959,-0.060043,-0.053619,-0.875198
1426433411.070782,-0.081329,-0.056702,-0.843796
1426433411.080606,-0.094955,-0.058746,-0.829468
1426433411.090429,-0.093567,-0.050369,-0.812347
1426433411.100259,-0.078613,-0.044113,-0.792847
1426433411.110074,-0.064285,-0.046265,-0.774384
1426433411.119895,-0.054047,-0.056702,-0.753128
1426433411.129721,-0.040314,-0.067230,-0.726669
1426433411.139557,-0.027344,-0.079559,-0.682922
1426433411.149366,-0.023376,-0.100922,-0.640625
1426433411.159201,-0.021851,-0.118484,-0.610184
1426433411.169013,-0.018448,-0.125931,-0.586914
1426433411.178824,-0.019516,-0.128418,-0.582077
1426433411.188659,-0.017838,-0.120544,-0.592438
1426433411.198481,-0.010162,-0.113617,-0.608109
1426433411.208306,-0.003540,-0.109833,-0.639252
1426433411.218131,0.003143,-0.109650,-0.677383
1426433411.227958,0.019058,-0.116150,-0.726807
1426433411.237777,0.026657,-0.126724,-0.767349
1426433411.247598,0.035934,-0.136902,-0.806259
1426433411.257433,0.037018,-0.138565,-0.843781
1426433411.267242,0.025726,-0.136856,-0.884033
1426433411.277070,0.025131,-0.135544,-0.932098
1426433411.286886,0.019440,-0.137726,-0.985062
1426433411.296699,0.017212,-0.140732,-1.039444
1426433411.306532,0.011887,-0.143768,-1.089249
1426433411.316343,0.007538,-0.148270,-1.136719
1426433411.326176,0.011765,-0.153198,-1.191391
1426433411.336000,0.014267,-0.162003,-1.246140
1426433411.345822,0.006561,-0.160004,-1.289856
1426433411.355647,0.003342,-0.156570,-1.329636
1426433411.365457,-0.004562,-0.156357,-1.367401
1426433411.375296,-0.013809,-0.159439,-1.390900
1426433411.385118,-0.021362,-0.162125,-1.403320
1426433411.394941,-0.018341,-0.158295,-1.393646
1426433411.404766,-0.021942,-0.160553,-1.383148
1426433411.414587,-0.027039,-0.165863,-1.378357
1426433411.424413,-0.023239,-0.157089,-1.385086
1426433411.434236,-0.015366,-0.132660,-1.407166
1426433411.444060,-0.009033,-0.100510,-1.446213
1426433411.453882,-0.012344,-0.063339,-1.474823
1426433411.463707,-0.023590,-0.022964,-1.475006
1426433411.473532,-0.037003,0.022720,-1.430649
1426433411.483356,-0.053635,0.082565,-1.336792
1426433411.493179,-0.072205,0.118484,-1.195557
1426433411.503002,-0.087799,0.117691,-1.037704
1426433411.512827,-0.104126,0.087219,-0.884506
1426433411.522649,-0.112000,0.040497,-0.758102
1426433411.532472,-0.117874,-0.010345,-0.675964
1426433411.542296,-0.116043,-0.041092,-0.638199
1426433411.552120,-0.103958,-0.075851,-0.631271
1426433411.561942,-0.083572,-0.118668,-0.649826
1426433411.571765,-0.072220,-0.140610,-0.680771
1426433411.581581,-0.058655,-0.140686,-0.690781
1426433411.591411,-0.054764,-0.130783,-0.687271
1426433411.601218,-0.053925,-0.113617,-0.674194
1426433411.611058,-0.056946,-0.098953,-0.669922
1426433411.620871,-0.062836,-0.094315,-0.688217
1426433411.630710,-0.060150,-0.090668,-0.718063
1426433411.640531,-0.054382,-0.082687,-0.761383
1426433411.650344,-0.041275,-0.068222,-0.815430
1426433411.660177,-0.033386,-0.059464,-0.876938
1426433411.669987,-0.024139,-0.043915,-0.936890
1426433411.679809,-0.015808,-0.031006,-0.988007
1426433411.689631,-0.010239,-0.029068,-1.023010
1426433411.699454,-0.005585,-0.027908,-1.016708
1426433411.709274,0.000763,-0.025909,-0.986191
1426433411.719107,0.005219,-0.025925,-0.934753
1426433411.728917,0.012894,-0.027878,-0.865448
1426433411.738751,0.017944,-0.043900,-0.797775
1426433411.748561,0.030411,-0.077530,-0.740982
1426433411.758384,0.051865,-0.116653,-0.703781
1426433411.768203,0.063232,-0.140198,-0.684021
1426433411.778033,0.073959,-0.152740,-0.672623
1426433411.787846,0.085648,-0.157730,-0.682175
1426433411.797673,0.088608,-0.166046,-0.704346
1426433411.807489,0.087784,-0.181931,-0.734741
1426433411.817301,0.083527,-0.192993,-0.779434
1426433411.827133,0.083374,-0.195541,-0.823761
1426433411.836941,0.084076,-0.199020,-0.877335
1426433411.846762,0.082489,-0.206436,-0.926559
1426433411.856589,0.071182,-0.222504,-0.971313
1426433411.866423,0.059845,-0.244186,-1.020172
1426433411.876243,0.034561,-0.258728,-1.065567
1426433411.886069,0.012634,-0.265488,-1.111023
1426433411.895883,-0.003204,-0.255600,-1.148315
1426433411.905698,-0.021759,-0.240891,-1.193329
1426433411.915525,-0.038101,-0.229202,-1.236191
1426433411.925342,-0.057098,-0.225906,-1.264481
1426433411.935164,-0.067398,-0.223755,-1.288055
1426433411.944984,-0.071243,-0.223602,-1.319519
1426433411.954819,-0.063934,-0.219208,-1.348206
1426433411.964623,-0.040314,-0.206543,-1.383331
1426433411.974469,-0.005386,-0.187119,-1.419205
1426433411.984273,0.029053,-0.162262,-1.460709
1426433411.994095,0.057999,-0.136139,-1.503815
1426433412.003918,0.068069,-0.116226,-1.520294
1426433412.013741,0.059387,-0.108643,-1.527100
1426433412.023562,0.044708,-0.103607,-1.517456
1426433412.033384,0.022583,-0.088974,-1.496765
1426433412.043207,0.002258,-0.060593,-1.469955
1426433412.053030,-0.013824,-0.026627,-1.451965
1426433412.062849,-0.028976,-0.010376,-1.440353
1426433412.072671,-0.037125,0.011917,-1.438232
1426433412.082495,-0.035416,0.025909,-1.417725
1426433412.092316,-0.024414,0.020370,-1.371674
1426433412.102139,-0.005295,0.010971,-1.272964
1426433412.111968,0.016464,0.000687,-1.122513
1426433412.121792,0.038483,-0.017548,-0.955215
1426433412.131616,0.054047,-0.029327,-0.805344
1426433412.141440,0.082748,-0.028656,-0.697510
1426433412.151261,0.081451,-0.061417,-0.635818
1426433412.161093,0.089417,-0.129791,-0.589706
1426433412.170908,0.094818,-0.173157,-0.566055
1426433412.180716,0.102432,-0.207611,-0.591171
1426433412.190565,0.113434,-0.227707,-0.643906
1426433412.200370,0.124527,-0.225479,-0.708755
1426433412.210202,0.125854,-0.203888,-0.772583
1426433412.220007,0.112747,-0.170105,-0.822876
1426433412.229848,0.087311,-0.130936,-0.846207
1426433412.239674,0.062180,-0.096161,-0.854462
1426433412.249494,0.034668,-0.060471,-0.852692
1426433412.259323,0.022217,-0.028488,-0.839157
1426433412.269138,0.020538,-0.000793,-0.824921
1426433412.278952,0.019470,0.018188,-0.810822
1426433412.288783,0.016235,0.006271,-0.789597
1426433412.298601,0.018402,-0.020432,-0.768158
1426433412.308429,0.019592,-0.039124,-0.757889
1426433412.318240,0.025589,-0.063690,-0.758484
1426433412.328075,0.034515,-0.080994,-0.758957
1426433412.337885,0.035599,-0.082535,-0.755203
1426433412.347719,0.032745,-0.077774,-0.740555
1426433412.357530,0.020859,-0.069229,-0.715881
1426433412.367361,0.007919,-0.064087,-0.695053
1426433412.377172,-0.004700,-0.064255,-0.683060
1426433412.387004,-0.016907,-0.071747,-0.676895
1426433412.396828,-0.023422,-0.079041,-0.676208
1426433412.406650,-0.026627,-0.090347,-0.686935
1426433412.416473,-0.024445,-0.107758,-0.708832
1426433412.426295,-0.006927,-0.130341,-0.750443
1426433412.436118,0.014282,-0.154907,-0.803726
1426433412.445928,0.031662,-0.175598,-0.863388
1426433412.455763,0.037796,-0.191376,-0.930496
1426433412.465585,0.045670,-0.199615,-1.005554
1426433412.475406,0.061996,-0.198547,-1.094635
1426433412.485232,0.075104,-0.204712,-1.202499
1426433412.495063,0.086456,-0.181686,-1.322113
1426433412.504878,0.083145,-0.165924,-1.439301
1426433412.514700,0.069687,-0.138214,-1.517426
1426433412.524523,0.043793,-0.116806,-1.558792
1426433412.534344,0.008194,-0.097137,-1.553452
1426433412.544170,-0.018997,-0.084396,-1.499786
1426433412.553996,-0.028458,-0.088028,-1.412170
1426433412.563821,-0.030045,-0.106400,-1.323944
1426433412.573646,-0.022659,-0.142105,-1.255753
1426433412.583471,-0.020004,-0.177826,-1.207321
1426433412.593294,-0.028671,-0.196777,-1.184570
1426433412.603117,-0.038254,-0.196732,-1.187424
1426433412.612941,-0.044006,-0.170013,-1.241226
1426433412.622751,-0.031921,-0.111786,-1.323990
1426433412.632578,-0.028061,-0.041733,-1.393036
1426433412.642404,-0.032104,0.016129,-1.392990
1426433412.652231,-0.043488,0.073761,-1.334854
1426433412.662070,-0.057266,0.097290,-1.231354
1426433412.671894,-0.071518,0.084564,-1.092026
1426433412.681709,-0.083099,0.048096,-0.956406
1426433412.691533,-0.077286,0.003922,-0.842010
1426433412.701358,-0.063599,-0.027588,-0.762787
1426433412.711183,-0.044281,-0.041275,-0.736603
1426433412.721000,-0.032715,-0.054535,-0.752029
1426433412.730832,-0.024002,-0.054047,-0.793976
1426433412.740650,-0.025223,-0.046188,-0.836594
1426433412.750482,-0.033920,-0.034988,-0.861145
1426433412.760308,-0.037094,-0.031738,-0.864990
1426433412.770133,-0.041367,-0.032883,-0.856049
1426433412.779959,-0.046005,-0.044479,-0.839813
1426433412.789784,-0.040131,-0.054382,-0.822983
1426433412.799607,-0.029724,-0.067139,-0.817947
1426433412.809434,-0.016785,-0.079651,-0.826340
1426433412.819256,-0.008087,-0.094559,-0.844360
1426433412.829082,0.000366,-0.097778,-0.870911
1426433412.838909,0.006271,-0.096344,-0.909378
1426433412.848733,0.013382,-0.081528,-0.944138
1426433412.858545,0.021637,-0.059479,-0.971542
1426433412.868382,0.032074,-0.043213,-0.979721
1426433412.878221,0.037216,-0.034164,-0.961960
1426433412.888030,0.045212,-0.031342,-0.937912
1426433412.897845,0.051453,-0.037628,-0.901718
1426433412.907680,0.051865,-0.049469,-0.858658
1426433412.917493,0.055267,-0.065506,-0.804031
1426433412.927329,0.059433,-0.081360,-0.750656
1426433412.937154,0.067368,-0.088486,-0.709671
1426433412.946979,0.071228,-0.091400,-0.689972
1426433412.956804,0.068756,-0.094894,-0.688629
1426433412.966627,0.063248,-0.099319,-0.706360
1426433412.976450,0.057617,-0.105103,-0.745071
1426433412.986274,0.046280,-0.103577,-0.809265
1426433412.996099,0.038849,-0.089172,-0.881683
1426433413.005924,0.032425,-0.072891,-0.945236
1426433413.015747,0.030685,-0.059296,-0.991196
1426433413.025565,0.031769,-0.055222,-1.027145
1426433413.035393,0.040848,-0.056824,-1.062485
1426433413.045218,0.059921,-0.069382,-1.113708
1426433413.055042,0.078552,-0.094131,-1.177002
1426433413.064866,0.093643,-0.115829,-1.255936
1426433413.074691,0.120560,-0.129303,-1.320251
1426433413.084514,0.146011,-0.140991,-1.357376
1426433413.094339,0.166992,-0.146500,-1.371628
1426433413.104148,0.180969,-0.156143,-1.365280
1426433413.113987,0.191208,-0.161484,-1.347382
1426433413.123810,0.201721,-0.163116,-1.337265
1426433413.133634,0.205505,-0.168579,-1.348602
1426433413.143458,0.213272,-0.171753,-1.380920
1426433413.153281,0.205338,-0.178833,-1.424896
1426433413.163108,0.191208,-0.182022,-1.469589
1426433413.172928,0.174454,-0.170792,-1.473099
1426433413.182750,0.148407,-0.140518,-1.425766
1426433413.192559,0.121765,-0.094803,-1.349152
1426433413.202384,0.096695,-0.044968,-1.265259
1426433413.212209,0.086700,-0.021530,-1.181870
1426433413.222037,0.084213,-0.009384,-1.115036
1426433413.231857,0.079865,-0.003357,-1.054932
1426433413.241689,0.088013,-0.002106,-1.000076
1426433413.251508,0.110306,0.001694,-0.947388
1426433413.261344,0.140213,0.002655,-0.898682
1426433413.271171,0.163849,-0.000488,-0.873642
1426433413.280970,0.179108,-0.018814,-0.880737
1426433413.290819,0.186218,-0.030212,-0.911667
1426433413.300645,0.187592,-0.034058,-0.938812
1426433413.310461,0.189011,-0.027237,-0.954193
1426433413.320273,0.179352,-0.017990,-0.954636
1426433413.330102,0.151138,-0.000732,-0.925797
1426433413.339912,0.112671,0.016769,-0.875763
1426433413.349747,0.087631,0.027451,-0.811844
1426433413.359580,0.077179,0.025558,-0.752884
1426433413.369393,0.063477,0.021103,-0.697220
1426433413.379227,0.055466,0.016876,-0.649033
1426433413.389044,0.048477,0.006790,-0.620270
1426433413.398855,0.040558,-0.010834,-0.614349
1426433413.408691,0.044571,-0.030029,-0.633286
1426433413.418504,0.048599,-0.050644,-0.665115
1426433413.428339,0.050613,-0.071075,-0.687042
1426433413.438176,0.050201,-0.084442,-0.687332
1426433413.447987,0.043793,-0.090942,-0.663147
1426433413.457818,0.038773,-0.096710,-0.624481
1426433413.467634,0.026245,-0.096481,-0.583450
1426433413.477459,0.002014,-0.088898,-0.553787
1426433413.487281,-0.016922,-0.082275,-0.549179
1426433413.497105,-0.036362,-0.095978,-0.569641
1426433413.506929,-0.042740,-0.121735,-0.610947
1426433413.516753,-0.043854,-0.148575,-0.667648
1426433413.526575,-0.044235,-0.171677,-0.728729
1426433413.536398,-0.043381,-0.175797,-0.787888
1426433413.546222,-0.038010,-0.181061,-0.840759
1426433413.556045,-0.030472,-0.190887,-0.892044
1426433413.565866,-0.020721,-0.197327,-0.940033
1426433413.575693,-0.008270,-0.202591,-0.978210
1426433413.585515,0.009842,-0.210434,-1.021591
1426433413.595341,0.028671,-0.215439,-1.081284
1426433413.605165,0.035858,-0.217239,-1.167038
1426433413.614989,0.044113,-0.220108,-1.265701
1426433413.624812,0.046738,-0.216003,-1.365540
1426433413.634637,0.038376,-0.208588,-1.466156
1426433413.644460,0.026138,-0.191742,-1.546371
1426433413.654283,0.017639,-0.172806,-1.611237
1426433413.664108,0.038483,-0.215286,-1.729752
1426433413.673933,0.058182,-0.197067,-1.770065
1426433413.683754,0.037582,-0.092575,-1.623566
1426433413.693577,0.022079,-0.045776,-1.572601
1426433413.703398,0.010071,-0.025940,-1.495346
1426433413.713222,-0.027481,-0.020859,-1.460464
1426433413.723044,-0.052322,-0.016129,-1.446121
1426433413.732867,-0.074753,0.004684,-1.420288
1426433413.742694,-0.083344,0.032883,-1.333252
1426433413.752516,-0.077499,0.054398,-1.221268
1426433413.762337,-0.061111,0.035858,-1.120865
1426433413.772164,-0.024597,-0.007095,-1.030930
1426433413.781973,0.022629,-0.044357,-0.901871
1426433413.791813,0.037918,-0.102356,-0.836380
1426433413.801627,0.044327,-0.149124,-0.814606
1426433413.811462,0.050888,-0.169647,-0.820755
1426433413.821280,0.062408,-0.177826,-0.864975
1426433413.831109,0.066574,-0.161423,-0.927933
1426433413.840933,0.062897,-0.124878,-0.984222
1426433413.850757,0.057037,-0.086121,-1.007034
1426433413.860587,0.042282,-0.053040,-0.999496
1426433413.870401,0.024796,-0.037949,-0.965012
1426433413.880210,0.010742,-0.027161,-0.913605
1426433413.890049,-0.002747,-0.026825,-0.851318
1426433413.899863,-0.022156,-0.046402,-0.782059
1426433413.909695,0.004440,-0.074738,-0.721146
1426433413.919520,0.005920,-0.050766,-0.738754
1426433413.929342,-0.012283,-0.032837,-0.751740
1426433413.939162,-0.015335,-0.025787,-0.745270
1426433413.948991,-0.029633,-0.010971,-0.745712
1426433413.958803,-0.036316,0.012161,-0.742798
1426433413.968637,-0.040024,0.030212,-0.730957
1426433413.978449,-0.041107,0.035965,-0.715988
1426433413.988292,-0.040359,0.026184,-0.691483
1426433413.998096,-0.041183,0.011978,-0.652405
1426433414.007931,-0.037750,-0.015945,-0.617538
1426433414.017754,-0.034409,-0.033707,-0.582947
1426433414.027578,-0.035843,-0.056961,-0.540894
1426433414.037401,-0.039185,-0.084732,-0.513535
1426433414.047225,-0.029022,-0.102890,-0.502716
1426433414.057047,-0.027634,-0.127350,-0.522781
1426433414.066871,-0.022430,-0.144547,-0.574554
1426433414.076696,-0.013062,-0.163986,-0.664551
1426433414.086520,-0.006012,-0.178970,-0.772507
1426433414.096344,0.008667,-0.179291,-0.878021
1426433414.106171,0.028183,-0.174911,-0.965378
1426433414.115995,0.048264,-0.170303,-1.029648
1426433414.125818,0.063950,-0.177490,-1.073624
1426433414.135643,0.065872,-0.186157,-1.103653
1426433414.145466,0.060974,-0.193420,-1.137039
1426433414.155288,0.062485,-0.196747,-1.179001
1426433414.165118,0.069977,-0.184662,-1.233810
1426433414.174933,0.079742,-0.164429,-1.317947
1426433414.184757,0.087921,-0.147766,-1.449783
1426433414.194582,0.096130,-0.123550,-1.627426
1426433414.204404,0.104935,-0.078018,-1.800552
1426433414.214227,0.103668,-0.030869,-1.891708
1426433414.224051,0.096024,0.000214,-1.924057
1426433414.233875,0.089005,0.045807,-1.908371
1426433414.243699,0.086288,0.071671,-1.839767
1426433414.253524,0.080627,0.075119,-1.725998
1426433414.263358,0.065720,0.056290,-1.599487
1426433414.273172,0.051559,0.020920,-1.466492
1426433414.282981,0.037643,0.015045,-1.330444
1426433414.292817,0.011978,0.015717,-1.180634
1426433414.302633,-0.007126,0.006836,-1.047897
1426433414.312449,-0.009323,-0.002502,-0.923416
1426433414.322287,-0.001694,-0.016449,-0.830093
1426433414.332114,0.015335,-0.028427,-0.772842
1426433414.341941,0.036621,-0.040070,-0.749283
1426433414.351744,0.071304,-0.049911,-0.776764
1426433414.361587,0.101257,-0.043579,-0.853012
1426433414.371390,0.141205,-0.027557,-0.932861
1426433414.381217,0.163239,-0.026093,-0.997925
1426433414.391036,0.171844,-0.024323,-1.058212
1426433414.400880,0.176819,-0.019470,-1.086609
1426433414.410706,0.165771,-0.005966,-1.080750
1426433414.420503,0.149292,0.006516,-1.040222
1426433414.430337,0.115494,0.007553,-0.965912
1426433414.440171,0.087784,-0.005615,-0.867111
1426433414.449984,0.061920,-0.024734,-0.774353
1426433414.459817,0.040771,-0.036667,-0.696198
1426433414.469626,0.028473,-0.053101,-0.639313
1426433414.479458,0.025131,-0.068726,-0.607864
1426433414.489279,0.029266,-0.079620,-0.597397
1426433414.499106,0.035126,-0.086258,-0.606216
1426433414.508920,0.041153,-0.087265,-0.624420
1426433414.518758,0.049667,-0.079559,-0.641891
1426433414.528572,0.051147,-0.073792,-0.656311
1426433414.538395,0.049698,-0.066360,-0.661438
1426433414.548224,0.039688,-0.061081,-0.652618
1426433414.558045,0.024887,-0.053177,-0.644089
1426433414.567875,0.014038,-0.046494,-0.624954
1426433414.577698,0.005875,-0.048050,-0.613098
1426433414.587523,-0.009476,-0.054825,-0.612076
1426433414.597347,-0.025360,-0.064331,-0.622696
1426433414.607169,-0.032959,-0.071823,-0.630676
1426433414.616993,-0.041565,-0.074020,-0.639999
1426433414.626818,-0.053543,-0.092239,-0.663498
1426433414.636641,-0.056778,-0.090836,-0.711365
1426433414.646474,-0.051758,-0.092270,-0.770386
1426433414.656290,-0.044693,-0.089645,-0.838028
1426433414.666113,-0.032104,-0.083771,-0.921249
1426433414.675937,-0.024338,-0.082581,-1.004486
1426433414.685762,-0.020813,-0.099365,-1.096573
1426433414.695585,-0.026978,-0.117004,-1.183304
1426433414.705409,-0.034882,-0.133209,-1.262970
1426433414.715233,-0.040298,-0.153076,-1.332855
1426433414.725056,-0.044174,-0.166611,-1.396912
1426433414.734878,-0.036819,-0.177567,-1.453308
1426433414.744700,-0.016251,-0.203125,-1.489014
1426433414.754525,-0.003250,-0.190048,-1.495209
1426433414.764348,-0.014557,-0.148773,-1.495178
1426433414.774161,-0.036819,-0.129745,-1.488235
1426433414.783992,-0.049866,-0.109940,-1.478424
1426433414.793815,-0.042496,-0.074081,-1.472580
1426433414.803637,-0.025085,-0.043823,-1.497543
1426433414.813460,-0.001572,-0.024536,-1.523956
1426433414.823285,0.022736,-0.020279,-1.533463
1426433414.833106,0.043030,-0.009659,-1.529678
1426433414.842943,0.061493,0.005905,-1.511963
1426433414.852754,0.058090,0.018265,-1.465637
1426433414.862571,0.048798,0.029129,-1.370285
1426433414.872401,0.046875,0.042053,-1.230072
1426433414.882224,0.041107,0.049103,-1.071884
1426433414.892046,0.038742,0.044983,-0.929901
1426433414.901877,0.038498,0.028793,-0.812622
1426433414.911689,0.034241,0.003128,-0.722183
1426433414.921500,0.029785,-0.021515,-0.670807
1426433414.931334,0.035889,-0.037964,-0.660355
1426433414.941152,0.036484,-0.059235,-0.687317
1426433414.950986,0.031540,-0.071014,-0.733337
1426433414.960807,0.033813,-0.069016,-0.796143
1426433414.970621,0.026459,-0.059891,-0.864426
1426433414.980428,0.022705,-0.042618,-0.912643
1426433414.990264,0.013779,-0.026581,-0.934296
1426433415.000086,0.009552,-0.015930,-0.936722
1426433415.009909,-0.009323,-0.008850,-0.933228
1426433415.019721,-0.023743,-0.014053,-0.925095
1426433415.029556,-0.033676,-0.018082,-0.903488
1426433415.039367,-0.043472,-0.020844,-0.872162
1426433415.049199,-0.044571,-0.022736,-0.840607
1426433415.059010,-0.039459,-0.026520,-0.808228
1426433415.068845,-0.030029,-0.028839,-0.772476
1426433415.078666,-0.020462,-0.037064,-0.738998
1426433415.088489,-0.010803,-0.048416,-0.702850
1426433415.098312,0.000397,-0.053940,-0.687469
1426433415.108135,0.011337,-0.064499,-0.691376
1426433415.117956,0.011444,-0.071564,-0.705215
1426433415.127787,0.007980,-0.075180,-0.721313
1426433415.137582,0.002716,-0.066757,-0.734970
1426433415.147409,-0.009201,-0.054764,-0.737213
1426433415.157236,-0.014984,-0.048050,-0.736130
1426433415.167069,-0.019852,-0.056412,-0.750824
1426433415.176892,-0.025101,-0.073029,-0.765747
1426433415.186716,-0.032425,-0.081268,-0.778259
1426433415.196538,-0.035797,-0.076523,-0.800262
1426433415.206360,-0.031296,-0.068985,-0.845032
1426433415.216182,-0.022247,-0.070053,-0.913452
1426433415.226007,0.000092,-0.080414,-0.983643
1426433415.235831,0.023056,-0.102020,-1.050446
1426433415.245654,0.038910,-0.116745,-1.100906
1426433415.255475,0.048569,-0.119370,-1.136383
1426433415.265299,0.066116,-0.117111,-1.162384
1426433415.275122,0.082458,-0.105682,-1.185196
1426433415.284944,0.089157,-0.109344,-1.193558
1426433415.294766,0.089233,-0.109879,-1.215622
1426433415.304597,0.088074,-0.086548,-1.255569
1426433415.314411,0.086487,-0.059494,-1.302200
1426433415.324234,0.075333,-0.034332,-1.341019
1426433415.334056,0.074402,-0.020981,-1.389511
1426433415.343863,0.081818,-0.003876,-1.446411
1426433415.353699,0.090179,0.027328,-1.490829
1426433415.363517,0.105225,0.050400,-1.519974
1426433415.373342,0.106384,0.043854,-1.523315
1426433415.383166,0.090530,0.036499,-1.512726
1426433415.392988,0.064789,0.053558,-1.488449
1426433415.402818,0.021072,0.080276,-1.444885
1426433415.412633,-0.017990,0.105453,-1.371872
1426433415.422444,-0.034363,0.116043,-1.274231
1426433415.432273,-0.029205,0.122543,-1.172211
1426433415.442093,-0.023315,0.113266,-1.088501
1426433415.451921,-0.012589,0.103180,-1.018433
1426433415.461753,-0.010773,0.081635,-0.960617
1426433415.471568,-0.006470,0.058975,-0.927734
1426433415.481375,0.010864,0.042175,-0.926666
1426433415.491202,0.033844,0.036835,-0.946228
1426433415.501036,0.052139,0.041168,-0.946518
1426433415.510848,0.051895,0.040894,-0.917816
1426433415.520687,0.047348,0.030472,-0.872681
1426433415.530508,0.046722,0.021393,-0.837112
1426433415.540329,0.044449,0.008469,-0.811554
1426433415.550142,0.047974,-0.009354,-0.808273
1426433415.559957,0.055359,-0.018936,-0.822235
1426433415.569807,0.059982,-0.023102,-0.849045
1426433415.579614,0.057068,-0.020325,-0.876465
1426433415.589433,0.058319,-0.010468,-0.910187
1426433415.599275,0.064789,-0.001282,-0.930878
1426433415.609073,0.070786,0.002518,-0.924225
1426433415.618920,0.075089,-0.000473,-0.899231
1426433415.628733,0.082626,-0.012634,-0.866714
1426433415.638560,0.087509,-0.027832,-0.817795
1426433415.648368,0.088470,-0.041031,-0.763168
1426433415.658215,0.084305,-0.062164,-0.707458
1426433415.668020,0.075424,-0.071594,-0.653992
1426433415.677841,0.064941,-0.075150,-0.614471
1426433415.687662,0.057129,-0.069580,-0.604736
1426433415.697484,0.043350,-0.068039,-0.628006
1426433415.707305,0.025909,-0.062500,-0.663773
1426433415.717129,0.002716,-0.050568,-0.700516
1426433415.726951,-0.020844,-0.034515,-0.729202
1426433415.736792,-0.033432,-0.027481,-0.758499
1426433415.746597,-0.040024,-0.020889,-0.788605
1426433415.756418,-0.032578,-0.021347,-0.825745
1426433415.766245,-0.030319,-0.026291,-0.850174
1426433415.776064,-0.029388,-0.036453,-0.859604
1426433415.785887,-0.022415,-0.064148,-0.866409
1426433415.795716,-0.004059,-0.065903,-0.884644
1426433415.805537,-0.001984,-0.083679,-0.916367
1426433415.815362,-0.007797,-0.100464,-0.962189
1426433415.825185,-0.000870,-0.115219,-1.015915
1426433415.835007,0.009872,-0.129944,-1.083939
1426433415.844831,0.017761,-0.134018,-1.136139
1426433415.854655,0.016068,-0.126312,-1.175064
1426433415.864486,0.016037,-0.128448,-1.210892
1426433415.874303,0.022369,-0.130203,-1.226669
1426433415.884125,0.024353,-0.135468,-1.246536
1426433415.893950,0.003922,-0.148849,-1.284927
1426433415.903773,-0.020645,-0.153366,-1.328354
1426433415.913596,-0.034683,-0.134872,-1.353973
1426433415.923423,-0.051315,-0.125977,-1.394913
1426433415.933241,-0.072144,-0.111847,-1.420273
1426433415.943059,-0.085846,-0.091461,-1.428177
1426433415.952882,-0.083496,-0.057190,-1.445709
1426433415.962699,-0.059937,-0.024490,-1.480530
1426433415.972527,-0.043472,0.003189,-1.535797
1426433415.982351,-0.031570,0.053024,-1.605499
1426433415.992179,-0.032196,0.089645,-1.683243
1426433416.002005,-0.024139,0.120834,-1.703354
1426433416.011816,-0.005447,0.139084,-1.598511
1426433416.021631,0.005219,0.118042,-1.389664
1426433416.031462,-0.004623,0.044739,-1.144318
1426433416.041281,-0.010025,-0.017761,-0.908203
1426433416.051106,-0.014923,-0.042618,-0.731628
1426433416.060930,-0.027039,-0.077560,-0.636002
1426433416.070752,-0.039246,-0.128586,-0.611649
1426433416.080563,-0.043533,-0.151489,-0.641388
1426433416.090397,-0.032303,-0.143799,-0.730606
1426433416.100207,-0.018997,-0.098068,-0.821487
1426433416.110042,-0.012558,-0.043335,-0.888550
1426433416.119879,-0.021408,-0.016861,-0.945511
1426433416.129686,-0.025085,0.010300,-0.990036
1426433416.139508,-0.016602,0.022186,-1.020081
1426433416.149329,0.002563,0.024429,-1.023743
1426433416.159153,0.030746,0.013824,-1.000687
1426433416.168984,0.049133,-0.007568,-0.953613
1426433416.178798,0.053406,-0.027924,-0.894012
1426433416.188619,0.062653,-0.040726,-0.830795
1426433416.198440,0.073898,-0.043137,-0.770584
1426433416.208261,0.074081,-0.044861,-0.715607
1426433416.218083,0.061966,-0.065475,-0.658691
1426433416.227904,0.049637,-0.080185,-0.606720
1426433416.237727,0.037704,-0.086792,-0.569046
1426433416.247548,0.028473,-0.079071,-0.540619
1426433416.257370,0.022919,-0.063614,-0.518661
1426433416.267190,0.014679,-0.059647,-0.522949
1426433416.277014,0.005585,-0.058289,-0.547318
1426433416.286837,-0.002136,-0.046204,-0.566315
1426433416.296658,0.006149,-0.032318,-0.593353
1426433416.306480,0.014496,-0.031342,-0.624954
1426433416.316303,0.025925,-0.045303,-0.651688
1426433416.326126,0.042114,-0.070496,-0.684372
1426433416.335949,0.060379,-0.105515,-0.729126
1426433416.345780,0.081650,-0.136795,-0.807434
1426433416.355592,0.088455,-0.153091,-0.896088
1426433416.365417,0.086624,-0.154343,-0.985733
1426433416.375238,0.081268,-0.130585,-1.070541
1426433416.385059,0.076859,-0.080597,-1.139587
1426433416.394883,0.070084,-0.026276,-1.198059
1426433416.404715,0.062744,0.002151,-1.245148
1426433416.414530,0.049133,0.015472,-1.281113
1426433416.424338,0.039200,0.005569,-1.300705
1426433416.434176,0.043350,-0.012955,-1.310181
1426433416.443991,0.052521,-0.027344,-1.311005
1426433416.453822,0.062454,-0.047607,-1.303299
1426433416.463644,0.074829,-0.073364,-1.299942
1426433416.473469,0.089081,-0.098877,-1.303085
1426433416.483298,0.114227,-0.105286,-1.308868
1426433416.493115,0.153442,-0.096756,-1.336502
1426433416.502920,0.186249,-0.081619,-1.389526
1426433416.512761,0.191605,-0.075089,-1.463272
1426433416.522573,0.171448,-0.059143,-1.519135
1426433416.532407,0.129456,-0.033340,-1.528854
1426433416.542228,0.089569,-0.004318,-1.464279
1426433416.552054,0.067917,0.031204,-1.370071
1426433416.561881,0.042557,0.048935,-1.278107
1426433416.571698,0.023422,0.053619,-1.209122
1426433416.581534,0.021561,0.045990,-1.162308
1426433416.591342,0.029495,0.035172,-1.130478
1426433416.601157,0.044968,0.018890,-1.101562
1426433416.610987,0.065353,0.007492,-1.081833
1426433416.620796,0.083313,0.004654,-1.064529
1426433416.630632,0.091415,-0.002350,-1.057037
1426433416.640443,0.098816,-0.015015,-1.039413
1426433416.650260,0.090454,-0.026215,-1.002502
1426433416.660088,0.090530,-0.032059,-0.951096
1426433416.669921,0.093567,-0.040955,-0.890564
1426433416.679744,0.095963,-0.053284,-0.834045
1426433416.689566,0.094849,-0.087784,-0.796722
1426433416.699389,0.087524,-0.086273,-0.781097
1426433416.709207,0.070786,-0.059006,-0.790497
1426433416.719037,0.050781,-0.044189,-0.820236
1426433416.728860,0.045578,-0.038818,-0.851364
1426433416.738682,0.054474,-0.046173,-0.868729
1426433416.748496,0.072601,-0.056473,-0.870178
1426433416.758323,0.089478,-0.077393,-0.849823
1426433416.768149,0.094467,-0.107025,-0.802216
1426433416.777973,0.098343,-0.135132,-0.746017
1426433416.787801,0.104004,-0.151855,-0.695709
1426433416.797616,0.103638,-0.165054,-0.650635
1426433416.807425,0.094421,-0.175888,-0.614716
1426433416.817251,0.089203,-0.180695,-0.586594
1426433416.827079,0.075775,-0.176575,-0.563934
1426433416.836905,0.055542,-0.164459,-0.556885
1426433416.846724,0.035095,-0.148849,-0.567505
1426433416.856551,0.014160,-0.136993,-0.592026
1426433416.866368,-0.009354,-0.125717,-0.617310
1426433416.876205,-0.017609,-0.113876,-0.640076
1426433416.886015,-0.013611,-0.110779,-0.665741
1426433416.895851,-0.011414,-0.116196,-0.695374
1426433416.905666,-0.007248,-0.130966,-0.725235
1426433416.915483,-0.004410,-0.140259,-0.756851
1426433416.925307,0.005127,-0.149567,-0.787277
1426433416.935132,0.010574,-0.158173,-0.829575
1426433416.944956,0.018936,-0.159714,-0.897400
1426433416.954795,0.033279,-0.153320,-0.969284
1426433416.964601,0.043488,-0.151306,-1.040497
1426433416.974425,0.049042,-0.151215,-1.095444
1426433416.984243,0.040665,-0.147415,-1.139297
1426433416.994072,0.027222,-0.133957,-1.186340
1426433417.003897,0.023056,-0.118759,-1.240082
1426433417.013715,0.020798,-0.108597,-1.283020
1426433417.023538,0.010803,-0.124832,-1.312576
1426433417.033359,0.009186,-0.125748,-1.346329
1426433417.043190,-0.006348,-0.127991,-1.360840
1426433417.053011,-0.013870,-0.137497,-1.357391
1426433417.062827,-0.007721,-0.153366,-1.343246
1426433417.072655,-0.002045,-0.140747,-1.316330
1426433417.082488,-0.002716,-0.129929,-1.297684
1426433417.092299,-0.003311,-0.125183,-1.295593
1426433417.102133,0.008759,-0.120499,-1.304077
1426433417.111943,0.006775,-0.113602,-1.347382
1426433417.121765,0.007492,-0.095093,-1.428543
1426433417.131595,0.014816,-0.065598,-1.526779
1426433417.141395,0.017670,-0.034714,-1.611923
1426433417.151229,0.003754,-0.006882,-1.652084
1426433417.161062,-0.020508,0.028198,-1.627945
1426433417.170870,-0.029282,0.050430,-1.518097
1426433417.180679,-0.026001,0.033905,-1.325943
1426433417.190511,-0.029144,-0.013992,-1.104294
1426433417.200322,-0.045715,-0.053192,-0.894714
1426433417.210154,-0.068176,-0.103607,-0.727417
1426433417.219976,-0.084793,-0.146027,-0.630020
1426433417.229798,-0.097870,-0.184830,-0.606812
1426433417.239620,-0.098587,-0.208618,-0.658096
1426433417.249440,-0.081085,-0.188583,-0.767151
1426433417.259259,-0.051956,-0.134872,-0.882629
1426433417.269083,-0.040726,-0.083023,-0.948730
1426433417.278905,-0.042374,-0.043152,-0.978500
1426433417.288726,-0.041382,-0.022446,-0.986084
1426433417.298547,-0.030411,-0.003540,-0.980148
1426433417.308369,-0.029694,0.008011,-0.954163
1426433417.318191,-0.025406,0.015182,-0.928223
1426433417.328014,-0.022842,0.012283,-0.899582
1426433417.337837,-0.011337,0.007645,-0.875885
1426433417.347658,0.003754,-0.002380,-0.862549
1426433417.357480,0.015335,-0.015305,-0.847534
1426433417.367304,0.024704,-0.026550,-0.820389
1426433417.377124,0.023346,-0.028671,-0.780579
1426433417.386946,0.012604,-0.035736,-0.741394
1426433417.396768,-0.002182,-0.052780,-0.708221
1426433417.406593,-0.010864,-0.078262,-0.686691
1426433417.416415,-0.007111,-0.095428,-0.659897
1426433417.426238,0.002289,-0.111755,-0.629700
1426433417.436059,0.004150,-0.125977,-0.604294
1426433417.445884,-0.002869,-0.138351,-0.590775
1426433417.455706,-0.007080,-0.151382,-0.585770
1426433417.465537,-0.003891,-0.158539,-0.598236
1426433417.475348,0.004257,-0.167542,-0.636414
1426433417.485180,0.016296,-0.181046,-0.686386
1426433417.494994,0.023117,-0.192398,-0.733566
1426433417.504815,0.033417,-0.193375,-0.760971
1426433417.514636,0.047653,-0.190262,-0.783081
1426433417.524466,0.055511,-0.194870,-0.800720
1426433417.534278,0.061035,-0.208221,-0.814774
1426433417.544089,0.066391,-0.221848,-0.836578
1426433417.553919,0.063828,-0.226318,-0.865723
1426433417.563741,0.055450,-0.219910,-0.899734
1426433417.573558,0.038651,-0.199356,-0.941086
1426433417.583387,0.012360,-0.172226,-0.982712
1426433417.593201,-0.012604,-0.149475,-1.015457
1426433417.603031,-0.032516,-0.137970,-1.024445
1426433417.612845,-0.032959,-0.144424,-1.004868
1426433417.622662,-0.031815,-0.166107,-0.968872
1426433417.632488,-0.032959,-0.193665,-0.936523
1426433417.642295,-0.036469,-0.216629,-0.920578
1426433417.652139,-0.033356,-0.241547,-0.923203
1426433417.661935,-0.041977,-0.263153,-0.937454
1426433417.671762,-0.052841,-0.272598,-0.969879
1426433417.681587,-0.062759,-0.281021,-1.022736
1426433417.691419,-0.060745,-0.281876,-1.100281
1426433417.701231,-0.042191,-0.275879,-1.190887
1426433417.711066,-0.018982,-0.271484,-1.277847
1426433417.720875,0.004028,-0.279678,-1.351120
1426433417.730710,0.021255,-0.289413,-1.396317
1426433417.740533,0.036285,-0.290070,-1.404739
1426433417.750357,0.045074,-0.288437,-1.398743
1426433417.760179,0.047745,-0.293869,-1.386490
1426433417.770001,0.042908,-0.292206,-1.369400
1426433417.779824,0.034180,-0.278351,-1.350937
1426433417.789634,0.024414,-0.253067,-1.315002
1426433417.799465,0.004547,-0.224777,-1.289764
1426433417.809287,-0.014893,-0.195435,-1.291885
1426433417.819114,-0.011383,-0.164154,-1.340500
1426433417.828935,0.014542,-0.145782,-1.406845
1426433417.838766,0.040665,-0.132706,-1.483658
1426433417.848563,0.069427,-0.123199,-1.555664
1426433417.858390,0.089569,-0.111679,-1.601303
1426433417.868222,0.106491,-0.084015,-1.588730
1426433417.878045,0.115341,-0.057190,-1.507446
1426433417.887872,0.112228,-0.045227,-1.382538
1426433417.897668,0.111603,-0.040726,-1.225418
1426433417.907498,0.108429,-0.065689,-1.061539
1426433417.917319,0.116394,-0.117676,-0.906433
1426433417.927141,0.122620,-0.159012,-0.776474
1426433417.936975,0.134903,-0.189972,-0.673355
1426433417.946785,0.150482,-0.213730,-0.609940
1426433417.956619,0.161331,-0.224457,-0.601212
1426433417.966433,0.163467,-0.216553,-0.651093
1426433417.976250,0.178757,-0.185852,-0.739685
1426433417.986072,0.190079,-0.152313,-0.839188
1426433417.995895,0.196350,-0.129166,-0.933640
1426433418.005717,0.200653,-0.104797,-1.016342
1426433418.015538,0.195465,-0.075012,-1.072632
1426433418.025359,0.178818,-0.049454,-1.096863
1426433418.035181,0.153915,-0.029083,-1.079300
1426433418.045005,0.130707,-0.021729,-1.015579
1426433418.054824,0.107086,-0.023285,-0.932205
1426433418.064658,0.091629,-0.026016,-0.840393
1426433418.074467,0.086807,-0.027725,-0.753448
1426433418.084281,0.073471,-0.031815,-0.675949
1426433418.094117,0.069824,-0.043381,-0.611450
1426433418.103930,0.070770,-0.060928,-0.571625
1426433418.113761,0.077271,-0.084427,-0.553726
1426433418.123581,0.084030,-0.109283,-0.554688
1426433418.133407,0.087997,-0.129898,-0.572189
1426433418.143238,0.087433,-0.145248,-0.612747
1426433418.153050,0.087860,-0.154449,-0.661545
1426433418.162862,0.088242,-0.155426,-0.711761
1426433418.172695,0.089142,-0.151428,-0.751816
1426433418.182517,0.089371,-0.146103,-0.783768
1426433418.192342,0.089218,-0.139755,-0.807968
1426433418.202171,0.086426,-0.139069,-0.808136
1426433418.211988,0.083496,-0.141907,-0.800766
1426433418.221822,0.083954,-0.142883,-0.807007
1426433418.231634,0.088348,-0.142670,-0.820923
1426433418.241446,0.084351,-0.142593,-0.844406
1426433418.251279,0.082764,-0.136261,-0.870407
1426433418.261091,0.078049,-0.126465,-0.885391
1426433418.270932,0.063309,-0.115967,-0.893097
1426433418.280746,0.047318,-0.106949,-0.902710
1426433418.290566,0.026199,-0.097534,-0.902893
1426433418.300387,0.003860,-0.093842,-0.897583
1426433418.310211,-0.008591,-0.096710,-0.887558
1426433418.320032,-0.021683,-0.101456,-0.885910
1426433418.329855,-0.037384,-0.102768,-0.896469
1426433418.339678,-0.047165,-0.116867,-0.915894
1426433418.349501,-0.049362,-0.128525,-0.944092
1426433418.359323,-0.039963,-0.132614,-0.981934
1426433418.369147,-0.015884,-0.133240,-1.034225
1426433418.378970,0.020218,-0.134521,-1.119614
1426433418.388791,0.058731,-0.133301,-1.221878
1426433418.398621,0.078247,-0.132751,-1.328827
1426433418.408436,0.076279,-0.133453,-1.398041
1426433418.418258,0.067261,-0.133316,-1.422546
1426433418.428080,0.057220,-0.141663,-1.382614
1426433418.437903,0.045227,-0.144180,-1.281738
1426433418.447725,0.026596,-0.153885,-1.149078
1426433418.457548,0.011475,-0.170151,-1.030243
1426433418.467369,0.007339,-0.188110,-0.908920
1426433418.477191,0.001389,-0.209549,-0.809280
1426433418.487014,-0.010681,-0.230225,-0.747131
1426433418.496835,-0.018890,-0.248642,-0.719330
1426433418.506657,-0.023254,-0.263657,-0.716629
1426433418.516479,-0.024429,-0.262146,-0.739822
1426433418.526297,-0.014420,-0.237671,-0.785904
1426433418.536122,0.002228,-0.206421,-0.835602
1426433418.545945,0.000000,-0.160980,-0.866959
1426433418.555767,-0.000473,-0.110687,-0.900970
1426433418.565589,-0.005341,-0.064651,-0.949554
1426433418.575419,-0.014923,-0.035812,-0.978165
1426433418.585227,-0.027557,-0.017548,-0.977386
1426433418.595057,-0.037720,0.002350,-0.948868
1426433418.604879,-0.147263,-0.073059,-0.514908
1426433418.614700,-0.163025,-0.136002,-0.782730
1426433418.624535,-0.089691,-0.181900,-0.988785
1426433418.634346,-0.014252,-0.150375,-1.080765
1426433418.644156,0.038055,-0.100784,-1.255630
1426433418.653995,0.048248,-0.127899,-1.321182
1426433418.663809,0.017395,-0.150986,-1.282791
1426433418.673641,0.013702,-0.170761,-1.202545
1426433418.683456,0.061478,-0.194199,-1.107117
1426433418.693284,0.041672,-0.225464,-0.959351
1426433418.703116,0.001694,-0.236923,-0.816269
