-0.11404615,-0.21636799,-0.020251475,1.43022680862e+12,1.43022680863e+12,888888,0,10
-0.9443861,2.5167165,9.166787,1.43022680862e+12,1.43022680864e+12,777777,0,22
4.199997,-3.899994,-17.09999,1.43022680862e+12,1.43022680864e+12,999999,0,24
-0.05542464,0.047962997,-0.12577072,1.43022680867e+12,1.43022680872e+12,888888,52,52
-0.7984396,2.4089406,9.785002,1.43022680867e+12,1.43022680873e+12,777777,52,61
12.899994,3.5999908,-16.799988,1.43022680867e+12,1.43022680873e+12,999999,51,64
-0.09166361,0.16307494,-0.18226062,1.43022680872e+12,1.43022680874e+12,888888,101,16
-0.8842113,2.2112017,9.756412,1.43022680872e+12,1.43022680874e+12,777777,100,20
20.699997,12.899994,-15.899994,1.43022680872e+12,1.43022680874e+12,999999,100,21
0.18652327,-5.326322e-07,-0.058622036,1.43022680877e+12,1.4302268088e+12,888888,150,30
-0.9207353,1.9957997,9.685908,1.43022680877e+12,1.4302268088e+12,777777,150,35
20.699997,13.199997,-15.599991,1.43022680877e+12,1.43022680880e+12,999999,150,37
0.53505623,-0.07141213,0.30056942,1.43022680882e+12,1.43022680884e+12,888888,203,23
-0.30446684,2.3493645,10.078392,1.43022680882e+12,1.43022680885e+12,777777,202,27
21,12.599991,-16.199997,1.43022680882e+12,1.43022680885e+12,999999,202,28
0.42420802,-0.10445344,0.30909607,1.43022680887e+12,1.43022680888e+12,888888,250,15
0.19893631,3.1042447,10.131532,1.43022680887e+12,1.43022680889e+12,777777,250,26
21,11.699997,-16.199997,1.43022680887e+12,1.4302268089e+12,999999,250,27
0.6373781,-0.105519235,0.10765083,1.43022680892e+12,1.43022680893e+12,888888,299,11
-0.18546432,3.3382082,11.228002,1.43022680892e+12,1.43022680893e+12,777777,300,16
21.299988,10.199997,-16.199997,1.43022680892e+12,1.43022680894e+12,999999,299,21
0.12577018,-0.30056995,0.57875603,1.43022680897e+12,1.43022680898e+12,888888,349,8
-0.9716295,2.7307713,12.371324,1.43022680897e+12,1.43022680898e+12,777777,349,12
21.59999,9,-17.399994,1.43022680897e+12,1.43022680898e+12,999999,349,13
-0.48069844,-0.34213817,0.26433045,1.43022680902e+12,1.43022680902e+12,888888,400,2
-1.0256671,2.5090823,13.974191,1.43022680902e+12,1.43022680902e+12,777777,400,7
20.699997,8.399994,-17.399994,1.43022680902e+12,1.43022680903e+12,999999,400,9
-5.326322e-07,0.72797537,0.45192006,1.43022680907e+12,1.43022680907e+12,888888,451,1
-0.23336472,1.5805632,12.308904,1.43022680907e+12,1.43022680908e+12,777777,450,7
20.699997,7.5,-17.699997,1.43022680907e+12,1.43022680908e+12,999999,451,8
-0.778071,-0.15987755,0.11511141,1.43022680912e+12,1.43022680912e+12,888888,499,1
-1.4624588,1.1505075,8.870704,1.43022680912e+12,1.43022680912e+12,777777,499,5
20.699997,8.399994,-17.699997,1.43022680912e+12,1.43022680912e+12,999999,500,6
-0.5020157,-5.326322e-07,0.31229344,1.43022680916e+12,1.43022680916e+12,888888,545,1
-1.6046631,0.977617,9.482032,1.43022680916e+12,1.43022680917e+12,777777,545,6
20.09999,9,-18.299988,1.43022680916e+12,1.43022680917e+12,999999,545,7
-0.142824,0.30376682,0.27179158,1.43022680921e+12,1.43022680922e+12,888888,596,1
-0.8038284,1.309477,9.688602,1.43022680921e+12,1.43022680922e+12,777777,596,6
20.699997,9.899994,-18.59999,1.43022680922e+12,1.43022680922e+12,999999,597,7
-0.067148946,0.30483288,0.30056942,1.43022680926e+12,1.43022680926e+12,888888,646,1
-0.76281375,1.7794995,7.974517,1.43022680926e+12,1.43022680927e+12,777777,647,7
20.699997,11.099991,-18.299988,1.43022680926e+12,1.43022680927e+12,999999,646,9
0.030909447,0.052226186,0.2366184,1.43022680931e+12,1.43022680932e+12,888888,696,1
-0.85651886,1.9784359,6.972351,1.43022680931e+12,1.43022680932e+12,777777,696,8
21,11.699997,-18.59999,1.43022680931e+12,1.43022680932e+12,999999,696,9
0.10765083,-0.2685947,0.30056942,1.43022680936e+12,1.43022680936e+12,888888,746,1
-1.2067904,1.8721569,7.6592727,1.43022680936e+12,1.43022680937e+12,777777,747,7
21.59999,11.699997,-17.09999,1.43022680936e+12,1.43022680937e+12,999999,746,9
0.081004575,-0.25367275,0.37517866,1.43022680941e+12,1.43022680942e+12,888888,796,1
-1.3603711,1.73115,9.760154,1.43022680941e+12,1.43022680942e+12,777777,796,6
21.59999,11.099991,-16.799988,1.43022680941e+12,1.43022680942e+12,999999,795,8
0.09166281,-0.43060386,0.7450289,1.43022680947e+12,1.43022680947e+12,888888,851,1
-1.0520123,1.7226177,12.066109,1.43022680947e+12,1.43022680948e+12,777777,851,6
21.59999,10.199997,-17.09999,1.43022680947e+12,1.43022680948e+12,999999,850,8
0.061818894,0.20570895,0.5126737,1.43022680952e+12,1.43022680952e+12,888888,900,1
-0.3623964,2.1544697,12.95511,1.43022680952e+12,1.43022680952e+12,777777,900,6
21.299988,8.699997,-16.799988,1.43022680952e+12,1.43022680952e+12,999999,899,8
-0.24727744,0.07354346,0.060753096,1.43022680957e+12,1.43022680957e+12,888888,950,1
0.21570145,2.1775217,12.136911,1.43022680957e+12,1.43022680958e+12,777777,950,7
21.299988,8.399994,-16.5,1.43022680957e+12,1.43022680958e+12,999999,950,9
-0.48389637,0.16414073,-0.47430366,1.43022680962e+12,1.43022680962e+12,888888,1000,1
-0.036973115,1.4500346,11.888877,1.43022680962e+12,1.43022680962e+12,777777,1000,5
21.299988,8.399994,-16.799988,1.43022680962e+12,1.43022680962e+12,999999,1000,6
0.3613228,0.6054023,0.12257226,1.43022680966e+12,1.43022680966e+12,888888,1044,1
0.7050339,0.24578887,10.486743,1.43022680966e+12,1.43022680967e+12,777777,1045,5
21,8.699997,-16.799988,1.43022680966e+12,1.43022680967e+12,999999,1045,6
-5.326322e-07,-0.3165577,0.023448335,1.43022680971e+12,1.43022680972e+12,888888,1096,1
0.56118304,0.79439807,8.442144,1.43022680971e+12,1.43022680972e+12,777777,1096,6
20.399994,9.299988,-16.799988,1.43022680971e+12,1.43022680972e+12,999999,1096,8
-0.029844182,-0.01811988,-0.5489132,1.43022680977e+12,1.43022680977e+12,888888,1151,1
0.23037094,1.2115805,8.139923,1.43022680977e+12,1.43022680978e+12,777777,1151,7
20.699997,10.199997,-17.399994,1.43022680977e+12,1.43022680978e+12,999999,1151,8
-0.22169697,-0.21743378,-0.49242327,1.43022680982e+12,1.43022680982e+12,888888,1200,1
-0.39712417,1.2198133,8.321495,1.43022680982e+12,1.43022680982e+12,777777,1199,8
20.699997,10.799988,-17.09999,1.43022680982e+12,1.43022680983e+12,999999,1200,9
-0.16627286,0.06288496,-0.4124845,1.43022680987e+12,1.43022680987e+12,888888,1250,1
-0.7057823,1.0931767,8.943901,1.43022680987e+12,1.43022680987e+12,777777,1250,6
21.299988,11.699997,-17.699997,1.43022680987e+12,1.43022680988e+12,999999,1250,8
-5.326322e-07,0.36984968,-0.18439221,1.43022680992e+12,1.43022680992e+12,888888,1300,1
-0.6819818,1.2346326,8.709938,1.43022680992e+12,1.43022680992e+12,777777,1299,6
22.199997,12.599991,-18.299988,1.43022680992e+12,1.43022680992e+12,999999,1300,7
0.23022309,-0.16733865,0.17266738,1.43022680997e+12,1.43022680997e+12,888888,1350,1
-0.77972853,1.5874488,8.299641,1.43022680997e+12,1.43022680997e+12,777777,1350,6
22.5,13.199997,-18.59999,1.43022680997e+12,1.43022680998e+12,999999,1350,7
-0.122573055,-0.17266817,0.20464262,1.43022681002e+12,1.43022681002e+12,888888,1401,1
-0.25402176,2.1874013,10.335258,1.43022681002e+12,1.43022681002e+12,777777,1401,6
22.799988,13.199997,-18.59999,1.43022681002e+12,1.43022681003e+12,999999,1402,7
0.19718204,0.29843783,0.4210106,1.43022681007e+12,1.43022681007e+12,888888,1453,1
-0.03173401,2.4667203,13.564043,1.43022681007e+12,1.43022681008e+12,777777,1453,9
22.5,12,-18,1.43022681007e+12,1.43022681008e+12,999999,1453,10
-0.16627286,0.101255514,0.43486652,1.43022681012e+12,1.43022681012e+12,888888,1501,1
-0.2481839,2.3248155,13.219311,1.43022681012e+12,1.43022681013e+12,777777,1500,9
22.199997,12.599991,-17.699997,1.43022681012e+12,1.43022681013e+12,999999,1501,10
0.5116079,-0.54145205,0.20037943,1.43022681017e+12,1.43022681017e+12,888888,1551,1
-1.0066566,1.5537689,12.133319,1.43022681017e+12,1.43022681018e+12,777777,1551,7
21.899994,11.399994,-17.09999,1.43022681017e+12,1.43022681018e+12,999999,1551,8
0.65336585,0.3783766,0.6160608,1.43022681022e+12,1.43022681022e+12,888888,1599,1
-1.2476555,0.5412744,10.103539,1.43022681022e+12,1.43022681022e+12,777777,1600,4
22.5,10.5,-17.699997,1.43022681022e+12,1.43022681022e+12,999999,1600,5
-0.1705366,-5.326322e-07,0.06608235,1.43022681027e+12,1.43022681027e+12,888888,1649,1
-1.3341756,1.1094928,7.8929367,1.43022681027e+12,1.43022681027e+12,777777,1650,5
22.799988,10.199997,-17.399994,1.43022681027e+12,1.43022681027e+12,999999,1650,6
-0.34213817,-0.24514584,-0.29950416,1.43022681032e+12,1.43022681032e+12,888888,1700,1
-1.035846,1.0083032,8.390053,1.43022681032e+12,1.43022681032e+12,777777,1700,5
23.09999,9,-18,1.43022681032e+12,1.43022681032e+12,999999,1700,6
0.06288496,-0.23555313,-0.10338764,1.43022681037e+12,1.43022681037e+12,888888,1753,1
-0.5885761,1.0563533,9.424103,1.43022681037e+12,1.43022681038e+12,777777,1753,6
23.09999,9.299988,-18.59999,1.43022681037e+12,1.43022681038e+12,999999,1753,8
-0.16947451,0.5798245,0.18866232,1.43022681042e+12,1.43022681042e+12,888888,1801,1
0.016615449,1.6613951,8.850795,1.43022681042e+12,1.43022681043e+12,777777,1801,8
23.09999,9.899994,-18,1.43022681042e+12,1.43022681043e+12,999999,1801,10
-0.13003816,0.5275983,0.056496833,1.43022681047e+12,1.43022681047e+12,888888,1851,4
-0.23546036,2.0954924,8.192314,1.43022681047e+12,1.43022681048e+12,777777,1851,11
23.09999,10.199997,-18,1.43022681047e+12,1.43022681048e+12,999999,1851,13
-0.2845862,-5.326322e-07,-0.17266099,1.43022681052e+12,1.43022681052e+12,888888,1900,3
-1.0648856,2.105821,9.438922,1.43022681052e+12,1.43022681052e+12,777777,1900,7
24,11.399994,-17.09999,1.43022681052e+12,1.43022681053e+12,999999,1901,8
-0.26753265,-0.24301158,-0.04795661,1.43022681057e+12,1.43022681057e+12,888888,1951,1
-1.2722044,1.8450632,11.535013,1.43022681057e+12,1.43022681057e+12,777777,1951,4
24,11.699997,-16.5,1.43022681057e+12,1.43022681057e+12,999999,1951,5
0.20570469,-0.40182307,-0.07780026,1.43022681061e+12,1.43022681062e+12,888888,1996,1
-0.83631086,1.7979112,12.659774,1.43022681061e+12,1.43022681062e+12,777777,1996,5
24.299988,12,-16.5,1.43022681061e+12,1.43022681062e+12,999999,1995,8
-5.326322e-07,-0.36345252,-0.61392283,1.43022681067e+12,1.43022681067e+12,888888,2051,1
-0.35850447,1.3578264,12.021651,1.43022681067e+12,1.43022681068e+12,777777,2051,8
23.699997,12.299988,-16.799988,1.43022681067e+12,1.43022681068e+12,999999,2051,10
0.20037544,0.09059968,-0.44232097,1.43022681072e+12,1.43022681072e+12,888888,2100,1
-0.28051665,0.23561005,10.358909,1.43022681072e+12,1.43022681073e+12,777777,2100,9
22.5,12.299988,-18,1.43022681072e+12,1.43022681073e+12,999999,2101,10
0.1833219,-0.39862567,-0.24513865,1.43022681077e+12,1.43022681077e+12,888888,2152,1
-0.24204665,-0.29937744,8.776699,1.43022681077e+12,1.43022681078e+12,777777,2152,9
21.899994,12.299988,-18.299988,1.43022681077e+12,1.43022681078e+12,999999,2151,11
-0.059691828,-0.3186869,-0.29416773,1.43022681082e+12,1.43022681082e+12,888888,2200,1
0.3026706,-0.04445755,8.970845,1.43022681082e+12,1.43022681083e+12,777777,2201,8
21,12.299988,-18.59999,1.43022681082e+12,1.43022681083e+12,999999,2200,10
-0.056494433,0.07887511,-0.45937452,1.43022681087e+12,1.43022681087e+12,888888,2252,1
0.36434233,0.943488,8.9828205,1.43022681087e+12,1.43022681088e+12,777777,2252,12
21,12.299988,-18.899994,1.43022681087e+12,1.43022681088e+12,999999,2252,14
-0.11405014,-0.21316767,-0.24300706,1.43022681092e+12,1.43022681092e+12,888888,2300,3
-0.19863693,1.5349082,8.102201,1.43022681092e+12,1.43022681093e+12,777777,2300,15
20.399994,12.299988,-20.399994,1.43022681092e+12,1.43022681094e+12,999999,2301,16
0.11830507,-0.099121794,-0.07780026,1.43022681097e+12,1.43022681097e+12,888888,2350,1
-0.5933661,1.7197738,7.911648,1.43022681097e+12,1.43022681098e+12,777777,2350,10
20.399994,12.899994,-21,1.43022681097e+12,1.43022681098e+12,999999,2351,11
0.074605264,-0.26859206,0.13004056,1.43022681102e+12,1.43022681102e+12,888888,2399,1
-0.72389466,2.0314257,8.217012,1.43022681102e+12,1.43022681102e+12,777777,2399,7
19.799988,12.899994,-21,1.43022681102e+12,1.43022681103e+12,999999,2400,8
-0.21317433,-0.047961134,-0.07353707,1.43022681107e+12,1.43022681107e+12,888888,2451,1
-0.60489213,2.327061,9.789193,1.43022681107e+12,1.43022681108e+12,777777,2452,7
19.199997,13.199997,-21,1.43022681107e+12,1.43022681108e+12,999999,2451,9
-5.326322e-07,0.093797065,0.33361793,1.43022681112e+12,1.43022681112e+12,888888,2501,1
-0.9096584,1.6935782,12.582535,1.43022681112e+12,1.43022681114e+12,777777,2501,16
19.5,13.199997,-19.5,1.43022681112e+12,1.43022681114e+12,999999,2501,20
-0.060757622,0.44339582,0.79513067,1.43022681117e+12,1.43022681117e+12,888888,2550,2
-0.48544052,1.3211527,13.837524,1.43022681117e+12,1.43022681118e+12,777777,2551,10
19.5,12.899994,-19.199997,1.43022681117e+12,1.43022681118e+12,999999,2550,12
0.11404135,0.43273732,0.5510512,1.43022681122e+12,1.43022681122e+12,888888,2600,1
-0.21585113,1.2906162,12.829222,1.43022681122e+12,1.43022681122e+12,777777,2600,7
20.399994,12.899994,-18.59999,1.43022681122e+12,1.43022681123e+12,999999,2600,8
0.2067705,0.15561649,0.54359007,1.43022681126e+12,1.43022681127e+12,888888,2647,1
-0.2838098,0.82298857,10.292148,1.43022681126e+12,1.43022681127e+12,777777,2647,7
21,12,-18.299988,1.43022681126e+12,1.43022681127e+12,999999,2647,8
0.15454404,-0.09698993,0.06928693,1.43022681132e+12,1.43022681132e+12,888888,2700,1
-0.46897477,0.94648176,8.739427,1.43022681132e+12,1.43022681132e+12,777777,2700,7
21.59999,10.799988,-18.299988,1.43022681132e+12,1.43022681133e+12,999999,2700,10
-0.2568808,0.18865407,-0.03410444,1.43022681137e+12,1.43022681137e+12,888888,2750,1
-0.56567365,0.9286688,8.580008,1.43022681137e+12,1.43022681138e+12,777777,2749,8
21.59999,10.199997,-18.59999,1.43022681137e+12,1.43022681138e+12,999999,2750,9
-0.16521798,0.05329092,-0.14601873,1.43022681142e+12,1.43022681142e+12,888888,2800,1
-0.42676255,1.2570859,9.263337,1.43022681142e+12,1.43022681143e+12,777777,2800,8
21.59999,9.599991,-18.899994,1.43022681142e+12,1.43022681143e+12,999999,2800,10
-0.21851051,0.52333087,-0.033038642,1.43022681147e+12,1.43022681147e+12,888888,2850,1
-0.42227188,1.5129039,9.0269785,1.43022681147e+12,1.43022681148e+12,777777,2850,10
22.799988,10.799988,-18,1.43022681147e+12,1.43022681148e+12,999999,2851,11
-0.10233276,0.27285603,0.05542704,1.43022681152e+12,1.43022681152e+12,888888,2901,1
-0.70263886,1.5388,8.089777,1.43022681152e+12,1.43022681153e+12,777777,2901,7
23.09999,11.399994,-17.399994,1.43022681152e+12,1.43022681153e+12,999999,2901,9
-0.255815,0.351729,0.13323368,1.43022681157e+12,1.43022681157e+12,888888,2951,1
-1.4045292,1.2731025,8.696915,1.43022681157e+12,1.43022681158e+12,777777,2951,7
24,11.399994,-16.5,1.43022681157e+12,1.43022681158e+12,999999,2951,9
-0.15455948,-0.5744947,0.45298877,1.43022681162e+12,1.43022681162e+12,888888,2999,2
-1.7076489,1.269061,10.402168,1.43022681162e+12,1.43022681162e+12,777777,2999,8
24.59999,12.299988,-16.5,1.43022681162e+12,1.43022681163e+12,999999,3000,9
0.072466746,-0.34213924,0.16094628,1.43022681167e+12,1.43022681167e+12,888888,3049,1
-1.2198133,1.3913567,12.785362,1.43022681167e+12,1.43022681168e+12,777777,3050,8
23.699997,12,-17.699997,1.43022681167e+12,1.43022681168e+12,999999,3049,10
0.07672993,-0.31975642,-0.17692845,1.43022681172e+12,1.43022681172e+12,888888,3100,1
-0.27303222,1.3211527,12.807816,1.43022681172e+12,1.43022681172e+12,777777,3100,5
23.399994,12.299988,-18,1.43022681172e+12,1.43022681172e+12,999999,3100,7
-0.22277369,-5.326322e-07,-0.9432746,1.43022681177e+12,1.43022681177e+12,888888,3150,1
-0.028291168,1.2656181,11.576327,1.43022681177e+12,1.43022681177e+12,777777,3150,5
23.09999,12.599991,-18.59999,1.43022681177e+12,1.43022681178e+12,999999,3150,7
0.23234403,0.02664466,-0.35492533,1.43022681182e+12,1.43022681182e+12,888888,3200,1
-0.37871248,0.44921586,10.239607,1.43022681182e+12,1.43022681182e+12,777777,3200,6
22.799988,12.899994,-18.899994,1.43022681182e+12,1.43022681183e+12,999999,3200,8
-0.08741081,-0.42101222,-0.25047216,1.43022681187e+12,1.43022681187e+12,888888,3251,1
-0.02350113,0.084873505,9.595197,1.43022681187e+12,1.43022681188e+12,777777,3251,7
22.799988,13.199997,-18.899994,1.43022681187e+12,1.43022681188e+12,999999,3250,9
-0.03411829,0.21743192,-0.45618138,1.43022681192e+12,1.43022681192e+12,888888,3301,1
0.6611751,0.33245865,9.856703,1.43022681192e+12,1.43022681193e+12,777777,3300,8
22.5,13.199997,-20.399994,1.43022681192e+12,1.43022681193e+12,999999,3301,9
-0.083147615,0.042632416,-0.33041066,1.43022681197e+12,1.43022681197e+12,888888,3350,1
0.27258316,0.58707917,8.287516,1.43022681197e+12,1.43022681198e+12,777777,3351,6
21.899994,12.599991,-22.199997,1.43022681197e+12,1.43022681198e+12,999999,3350,8
0.13748357,-5.326322e-07,-0.2376818,1.43022681202e+12,1.43022681202e+12,888888,3400,1
-0.29309052,0.696801,6.9148703,1.43022681202e+12,1.43022681202e+12,777777,3400,6
21.899994,12.299988,-21.899994,1.43022681202e+12,1.43022681202e+12,999999,3401,6
-0.07994969,-0.26326653,-0.020248547,1.43022681207e+12,1.43022681207e+12,888888,3451,1
-0.75053924,0.7845186,7.3100486,1.43022681207e+12,1.43022681208e+12,777777,3450,8
21,12,-21.299988,1.43022681207e+12,1.43022681208e+12,999999,3450,9
-0.023459787,-0.08420356,-0.08739696,1.43022681212e+12,1.43022681212e+12,888888,3500,3
-0.60040146,1.2771442,9.552685,1.43022681212e+12,1.43022681213e+12,777777,3500,11
21,12.299988,-19.799988,1.43022681212e+12,1.43022681213e+12,999999,3500,12
-0.18866658,-0.089533076,0.035175566,1.43022681217e+12,1.43022681217e+12,888888,3549,1
-0.63527894,1.4703923,11.861933,1.43022681217e+12,1.43022681217e+12,777777,3549,6
20.699997,13.799988,-18.299988,1.43022681217e+12,1.43022681218e+12,999999,3549,11
0.19503927,0.10018865,0.5595738,1.43022681222e+12,1.43022681222e+12,888888,3603,1
0.15223342,1.4645544,13.732742,1.43022681222e+12,1.43022681223e+12,777777,3603,7
20.09999,13.799988,-18,1.43022681222e+12,1.43022681223e+12,999999,3603,8
-0.05650136,0.19291726,0.28778225,1.43022681227e+12,1.43022681227e+12,888888,3650,1
0.3927832,1.3934523,13.21452,1.43022681227e+12,1.43022681228e+12,777777,3650,9
20.699997,14.399994,-18.299988,1.43022681227e+12,1.43022681228e+12,999999,3650,10
0.311217,0.23768313,0.44659373,1.43022681232e+12,1.43022681232e+12,888888,3701,1
-0.49082932,0.48873368,11.417657,1.43022681232e+12,1.43022681233e+12,777777,3700,9
21.59999,13.799988,-18.299988,1.43022681232e+12,1.43022681233e+12,999999,3700,10
0.1598661,0.08846409,0.35279906,1.43022681237e+12,1.43022681237e+12,888888,3749,1
-1.4903009,0.26090744,9.360335,1.43022681237e+12,1.43022681238e+12,777777,3750,9
22.199997,12.899994,-17.699997,1.43022681237e+12,1.43022681238e+12,999999,3750,10
-0.037315946,-5.326322e-07,0.16414367,1.43022681242e+12,1.43022681242e+12,888888,3800,3
-1.6305592,0.3634442,8.784931,1.43022681242e+12,1.43022681243e+12,777777,3800,9
22.799988,12,-17.699997,1.43022681242e+12,1.43022681243e+12,999999,3801,10
-5.326322e-07,0.23768313,0.24088451,1.43022681247e+12,1.43022681247e+12,888888,3851,2
-1.3222004,0.5721103,9.058113,1.43022681247e+12,1.43022681248e+12,777777,3851,12
23.09999,11.699997,-17.699997,1.43022681247e+12,1.43022681248e+12,999999,3851,13
0.21955393,0.3058976,0.32295543,1.43022681252e+12,1.43022681252e+12,888888,3900,1
-0.6914122,0.9900412,7.993228,1.43022681252e+12,1.43022681253e+12,777777,3900,9
23.399994,11.399994,-17.699997,1.43022681252e+12,1.43022681253e+12,999999,3901,10
-5.326322e-07,0.26965865,0.15774836,1.43022681257e+12,1.43022681257e+12,888888,3950,1
-0.2944377,1.3382171,7.0394115,1.43022681257e+12,1.43022681257e+12,777777,3950,6
22.799988,10.799988,-16.799988,1.43022681257e+12,1.43022681258e+12,999999,3950,7
-5.326322e-07,0.43699703,0.16627526,1.43022681262e+12,1.43022681262e+12,888888,4000,1
-0.61073,1.4465919,7.7198963,1.43022681262e+12,1.43022681263e+12,777777,4000,9
23.699997,11.099991,-16.799988,1.43022681262e+12,1.43022681263e+12,999999,4000,10
-0.03411829,0.18225902,0.07248059,1.43022681267e+12,1.43022681267e+12,888888,4050,1
-0.94079363,1.6488212,8.962912,1.43022681267e+12,1.43022681267e+12,777777,4050,5
24.899994,10.799988,-16.5,1.43022681267e+12,1.43022681267e+12,999999,4050,6
0.34211925,-0.30589947,0.06181783,1.43022681272e+12,1.43022681272e+12,888888,4101,1
-1.3850697,2.0402572,11.377391,1.43022681272e+12,1.43022681273e+12,777777,4100,10
25.199997,10.5,-16.5,1.43022681272e+12,1.43022681273e+12,999999,4101,11
0.16945134,-0.12150726,-5.326322e-07,1.43022681277e+12,1.43022681277e+12,888888,4150,1
-1.3495935,1.906735,12.484788,1.43022681277e+12,1.43022681277e+12,777777,4150,4
26.399994,10.199997,-16.799988,1.43022681277e+12,1.43022681277e+12,999999,4150,5
0.07139322,-0.3304136,-0.6203261,1.43022681282e+12,1.43022681282e+12,888888,4197,2
-0.8424481,1.744622,12.506942,1.43022681282e+12,1.43022681282e+12,777777,4198,6
26.09999,9.599991,-16.799988,1.43022681282e+12,1.43022681282e+12,999999,4198,7
-0.294193,-0.43806496,-0.81750846,1.43022681287e+12,1.43022681287e+12,888888,4251,1
-0.87014055,1.1755055,12.590468,1.43022681287e+12,1.43022681288e+12,777777,4251,8
24.899994,9.899994,-16.799988,1.43022681287e+12,1.43022681288e+12,999999,4251,9
0.21528329,-0.20784108,-0.6245893,1.43022681292e+12,1.43022681292e+12,888888,4301,1
-0.9523196,1.002166,12.103231,1.43022681292e+12,1.43022681293e+12,777777,4301,9
24.299988,10.199997,-17.09999,1.43022681292e+12,1.43022681293e+12,999999,4301,11
0.40500447,-0.20251183,-0.19824971,1.43022681297e+12,1.43022681297e+12,888888,4351,1
-0.4805008,0.74604857,9.563014,1.43022681297e+12,1.43022681298e+12,777777,4351,7
23.09999,10.199997,-17.09999,1.43022681297e+12,1.43022681298e+12,999999,4351,9
0.1289492,-0.19931445,-0.55850697,1.43022681302e+12,1.43022681302e+12,888888,4400,2
0.103285216,0.74350387,8.107889,1.43022681302e+12,1.43022681303e+12,777777,4400,9
22.199997,10.799988,-17.399994,1.43022681302e+12,1.43022681303e+12,999999,4401,10
-0.22278115,0.02131674,-0.5467827,1.43022681307e+12,1.43022681307e+12,888888,4450,1
-0.18606308,0.9285191,8.315059,1.43022681307e+12,1.43022681308e+12,777777,4449,8
21.59999,10.799988,-18,1.43022681307e+12,1.43022681308e+12,999999,4450,9
-0.10127442,-0.25473854,-0.14282507,1.43022681312e+12,1.43022681312e+12,888888,4500,1
-0.5798941,1.2385244,8.929831,1.43022681312e+12,1.43022681313e+12,777777,4500,10
21,11.399994,-18,1.43022681312e+12,1.43022681313e+12,999999,4499,12
-5.326322e-07,-0.06395155,0.039435025,1.43022681317e+12,1.43022681317e+12,888888,4550,1
-0.33904496,1.6084054,9.163045,1.43022681317e+12,1.43022681318e+12,777777,4550,7
20.699997,12.299988,-18.59999,1.43022681317e+12,1.43022681318e+12,999999,4551,8
-0.020268254,-0.24832006,0.073522955,1.43022681322e+12,1.43022681322e+12,888888,4600,2
0.00089813233,1.9425105,8.5836,1.43022681322e+12,1.43022681323e+12,777777,4601,10
20.699997,12.599991,-18.899994,1.43022681322e+12,1.43022681323e+12,999999,4601,13
-0.11726084,-0.19076435,-5.326322e-07,1.43022681327e+12,1.43022681327e+12,888888,4650,2
0.15627502,2.1803658,9.0623045,1.43022681327e+12,1.43022681328e+12,777777,4651,9
20.399994,13.199997,-18.59999,1.43022681327e+12,1.43022681328e+12,999999,4650,11
-0.07782396,-0.24938586,-0.0746303,1.43022681332e+12,1.43022681332e+12,888888,4699,1
0.06436615,2.2281165,10.650053,1.43022681332e+12,1.43022681333e+12,777777,4700,9
20.09999,12.899994,-19.199997,1.43022681332e+12,1.43022681333e+12,999999,4700,10
-0.04691451,-0.10549633,0.109761916,1.43022681337e+12,1.43022681337e+12,888888,4750,1
-0.43619293,2.17842,13.04133,1.43022681337e+12,1.43022681338e+12,777777,4750,9
19.5,12.899994,-19.5,1.43022681337e+12,1.43022681338e+12,999999,4750,10
-0.29312563,-0.028755216,-0.04158899,1.43022681342e+12,1.43022681342e+12,888888,4801,1
-0.52795213,2.1433928,13.937367,1.43022681342e+12,1.43022681343e+12,777777,4801,9
18.899994,13.799988,-20.09999,1.43022681342e+12,1.43022681343e+12,999999,4801,11
-5.326322e-07,0.4359552,0.20995164,1.43022681347e+12,1.43022681347e+12,888888,4850,2
-0.676593,1.3735437,13.092823,1.43022681347e+12,1.43022681347e+12,777777,4849,6
18.899994,13.799988,-20.399994,1.43022681347e+12,1.43022681348e+12,999999,4850,7
0.61071503,-0.02449176,0.77485204,1.43022681352e+12,1.43022681352e+12,888888,4901,1
-0.671803,0.63647646,10.004296,1.43022681352e+12,1.43022681352e+12,777777,4901,6
19.5,14.099991,-20.399994,1.43022681352e+12,1.43022681353e+12,999999,4901,7
0.119358085,0.37307024,0.25578305,1.43022681357e+12,1.43022681357e+12,888888,4949,1
-0.3649411,0.77583665,8.462652,1.43022681357e+12,1.43022681357e+12,777777,4950,5
20.399994,13.799988,-20.09999,1.43022681357e+12,1.43022681357e+12,999999,4949,7
-0.035189945,0.1460443,0.14280295,1.43022681362e+12,1.43022681362e+12,888888,5001,1
-0.23965164,0.8804691,8.0370865,1.43022681362e+12,1.43022681362e+12,777777,5000,6
21.299988,12.899994,-20.09999,1.43022681362e+12,1.43022681363e+12,999999,5001,7
-0.11832664,0.17908587,0.09057651,1.43022681367e+12,1.43022681367e+12,888888,5050,1
-0.4288582,0.975222,8.286319,1.43022681367e+12,1.43022681368e+12,777777,5049,8
21.299988,12,-21.299988,1.43022681367e+12,1.43022681368e+12,999999,5050,9
0.038353514,0.17375635,0.22913678,1.43022681372e+12,1.43022681372e+12,888888,5100,1
-0.41912842,1.2280463,8.350535,1.43022681372e+12,1.43022681373e+12,777777,5100,11
21.299988,11.699997,-21.899994,1.43022681372e+12,1.43022681373e+12,999999,5099,13
-0.060770407,-0.03088681,0.07139083,1.43022681377e+12,1.43022681377e+12,888888,5150,1
-0.43020537,1.603765,8.12211,1.43022681377e+12,1.43022681377e+12,777777,5150,6
21.299988,11.699997,-21.299988,1.43022681377e+12,1.43022681378e+12,999999,5151,7
-0.05649976,-0.10655787,-5.326322e-07,1.43022681382e+12,1.43022681382e+12,888888,5197,2
-0.42406815,1.7197738,9.301806,1.43022681382e+12,1.43022681382e+12,777777,5198,6
21,12.299988,-21.59999,1.43022681382e+12,1.43022681382e+12,999999,5197,8
0.24087226,-0.925131,0.09163378,1.43022681387e+12,1.43022681387e+12,888888,5251,1
-0.44113266,1.7407302,10.966196,1.43022681387e+12,1.43022681388e+12,777777,5251,9
20.699997,12,-20.399994,1.43022681387e+12,1.43022681388e+12,999999,5250,11
-0.42208627,0.09382157,-0.050124153,1.43022681392e+12,1.43022681392e+12,888888,5300,1
-0.22812562,1.7765057,12.847783,1.43022681392e+12,1.43022681392e+12,777777,5301,4
20.09999,11.399994,-19.199997,1.43022681392e+12,1.43022681392e+12,999999,5300,6
-0.04797285,-0.2962796,-0.1545776,1.43022681396e+12,1.43022681396e+12,888888,5346,1
0.2880011,1.7955163,12.511882,1.43022681396e+12,1.43022681397e+12,777777,5346,6
19.5,11.399994,-19.5,1.43022681396e+12,1.43022681397e+12,999999,5347,7
-0.2824599,0.2664892,-0.798351,1.43022681402e+12,1.43022681402e+12,888888,5401,1
0.46134064,1.3834232,11.463162,1.43022681402e+12,1.43022681402e+12,777777,5401,6
18.899994,11.699997,-18.899994,1.43022681402e+12,1.43022681403e+12,999999,5401,8
0.13748516,0.32617706,-0.50950587,1.43022681407e+12,1.43022681407e+12,888888,5450,1
0.062719576,0.89932984,10.469528,1.43022681407e+12,1.43022681407e+12,777777,5450,6
19.799988,12,-18.899994,1.43022681407e+12,1.43022681408e+12,999999,5450,8
0.43805486,-0.1619825,-0.15777525,1.43022681412e+12,1.43022681412e+12,888888,5501,1
0.065114595,0.62480074,9.580228,1.43022681412e+12,1.43022681412e+12,777777,5501,4
19.799988,12,-18.899994,1.43022681412e+12,1.43022681412e+12,999999,5500,6
-0.22597001,0.1535094,-0.64913195,1.43022681417e+12,1.43022681417e+12,888888,5551,1
0.23695725,0.82598233,9.29028,1.43022681417e+12,1.43022681418e+12,777777,5551,6
20.399994,12.599991,-18.899994,1.43022681417e+12,1.43022681418e+12,999999,5551,7
-0.2206405,-5.326322e-07,-0.45301542,1.43022681422e+12,1.43022681422e+12,888888,5600,1
-0.10762619,1.0819501,9.019644,1.43022681422e+12,1.43022681422e+12,777777,5600,6
20.399994,12.899994,-18.899994,1.43022681422e+12,1.43022681423e+12,999999,5600,8
-0.08954134,0.13432425,-0.053321812,1.43022681427e+12,1.43022681427e+12,888888,5650,1
-0.3903882,1.1696677,8.540191,1.43022681427e+12,1.43022681428e+12,777777,5650,7
20.399994,14.099991,-18.899994,1.43022681427e+12,1.43022681428e+12,999999,5649,9
-0.03410471,-0.08205226,0.10121104,1.43022681432e+12,1.43022681432e+12,888888,5701,1
-0.40296203,1.4516813,7.6169105,1.43022681432e+12,1.43022681433e+12,777777,5701,7
20.399994,14.399994,-19.5,1.43022681432e+12,1.43022681433e+12,999999,5701,9
-0.059685167,-0.30481502,0.1395816,1.43022681437e+12,1.43022681437e+12,888888,5751,1
-0.28216323,1.8513501,8.153395,1.43022681437e+12,1.43022681437e+12,777777,5751,5
20.699997,15.299988,-19.199997,1.43022681437e+12,1.43022681438e+12,999999,5750,7
0.033043437,-0.27070767,-0.020295952,1.43022681442e+12,1.43022681442e+12,888888,5801,1
-0.23965164,2.1041744,10.653196,1.43022681442e+12,1.43022681442e+12,777777,5801,5
20.09999,15.299988,-19.5,1.43022681442e+12,1.43022681443e+12,999999,5801,7
-5.326322e-07,0.34535366,0.22165197,1.43022681447e+12,1.43022681447e+12,888888,5851,1
-0.404908,1.8001566,13.103152,1.43022681447e+12,1.43022681448e+12,777777,5851,8
20.09999,14.699997,-19.5,1.43022681447e+12,1.43022681448e+12,999999,5851,10
-0.1662702,0.18014714,0.058577027,1.43022681452e+12,1.43022681452e+12,888888,5900,1
-0.44891647,1.4976356,13.560451,1.43022681452e+12,1.43022681453e+12,777777,5900,8
20.399994,14.699997,-19.199997,1.43022681452e+12,1.43022681453e+12,999999,5900,10
0.09059968,0.37946105,0.34635663,1.43022681457e+12,1.43022681457e+12,888888,5950,1
-0.68437684,0.70533323,12.734468,1.43022681457e+12,1.43022681457e+12,777777,5950,6
20.399994,15,-19.5,1.43022681457e+12,1.43022681458e+12,999999,5950,8
0.12683864,-5.326322e-07,0.4806537,1.43022681462e+12,1.43022681462e+12,888888,6000,1
-0.77149564,0.11570938,10.818752,1.43022681462e+12,1.43022681462e+12,777777,6000,5
21,14.399994,-18.899994,1.43022681462e+12,1.43022681462e+12,999999,6000,6
-5.326322e-07,0.15136875,0.14810851,1.43022681467e+12,1.43022681467e+12,888888,6051,1
-0.4472699,0.22363494,9.833501,1.43022681467e+12,1.43022681467e+12,777777,6050,6
21.59999,13.5,-19.5,1.43022681467e+12,1.43022681468e+12,999999,6050,8
0.0586239,0.12685461,0.020206468,1.43022681472e+12,1.43022681472e+12,888888,6100,1
-0.45041335,0.4487668,8.460406,1.43022681472e+12,1.43022681472e+12,777777,6100,7
21.59999,12.899994,-20.699997,1.43022681472e+12,1.43022681473e+12,999999,6101,8
0.18013115,0.24729554,0.11826486,1.43022681477e+12,1.43022681477e+12,888888,6150,2
-0.5986052,0.51807266,6.680009,1.43022681477e+12,1.43022681477e+12,777777,6150,5
21.899994,12.599991,-20.09999,1.43022681477e+12,1.43022681477e+12,999999,6150,6
-5.326322e-07,-5.326322e-07,0.08522329,1.43022681482e+12,1.43022681482e+12,888888,6200,1
-0.75622743,0.69350785,5.6523957,1.43022681482e+12,1.43022681482e+12,777777,6201,4
21.899994,12.299988,-20.09999,1.43022681482e+12,1.43022681482e+12,999999,6201,5
-0.0639377,-0.16197878,-5.326322e-07,1.43022681487e+12,1.43022681487e+12,888888,6251,1
-0.8105644,1.1777508,7.0700974,1.43022681487e+12,1.43022681488e+12,777777,6250,8
21.899994,12.599991,-18.59999,1.43022681487e+12,1.43022681488e+12,999999,6251,9
-0.15346919,-0.06818385,-0.10557889,1.43022681492e+12,1.43022681492e+12,888888,6300,1
-0.70802766,1.6167879,10.108629,1.43022681492e+12,1.43022681493e+12,777777,6301,8
22.5,13.199997,-17.09999,1.43022681492e+12,1.43022681493e+12,999999,6300,10
-0.056476593,-0.2152713,0.10119586,1.43022681497e+12,1.43022681497e+12,888888,6353,1
-0.8963361,1.4608122,12.393328,1.43022681497e+12,1.43022681498e+12,777777,6353,8
22.199997,13.199997,-18.59999,1.43022681497e+12,1.43022681498e+12,999999,6353,10
0.09380825,-0.6671914,0.094800815,1.43022681502e+12,1.43022681502e+12,888888,6400,1
-0.43289977,1.4817686,13.37798,1.43022681502e+12,1.43022681502e+12,777777,6399,6
22.199997,13.5,-18.899994,1.43022681502e+12,1.43022681502e+12,999999,6400,7
-0.04368623,-0.28668317,-0.70778435,1.43022681507e+12,1.43022681507e+12,888888,6450,1
0.16091537,1.5667919,13.821957,1.43022681507e+12,1.43022681507e+12,777777,6450,6
21.899994,13.5,-19.5,1.43022681507e+12,1.43022681508e+12,999999,6450,8
0.31017572,0.1023522,-0.3347367,1.43022681512e+12,1.43022681512e+12,888888,6500,1
0.042212218,0.93450665,11.681707,1.43022681512e+12,1.43022681513e+12,777777,6500,12
21,13.5,-19.799988,1.43022681512e+12,1.43022681513e+12,999999,6500,14
0.47538278,-0.41032147,-0.034167025,1.43022681517e+12,1.43022681517e+12,888888,6551,1
0.07005432,0.5960605,9.092392,1.43022681517e+12,1.43022681518e+12,777777,6551,6
20.09999,13.5,-19.199997,1.43022681517e+12,1.43022681518e+12,999999,6550,8
0.12578402,-0.60856986,-0.24733709,1.43022681522e+12,1.43022681522e+12,888888,6600,1
0.4701723,0.9937834,8.931477,1.43022681522e+12,1.43022681522e+12,777777,6600,5
18.59999,13.199997,-19.5,1.43022681522e+12,1.43022681522e+12,999999,6600,6
-0.37836328,0.31232435,-0.51486546,1.43022681527e+12,1.43022681527e+12,888888,6650,1
0.41448808,1.591191,9.594149,1.43022681527e+12,1.43022681527e+12,777777,6650,5
18,14.099991,-19.5,1.43022681527e+12,1.43022681528e+12,999999,6650,7
0.039449938,-0.15132001,-0.09278879,1.43022681532e+12,1.43022681532e+12,888888,6700,1
0.006436615,1.7280066,8.665629,1.43022681532e+12,1.43022681532e+12,777777,6700,6
17.699997,13.799988,-19.799988,1.43022681532e+12,1.43022681533e+12,999999,6701,7
-0.09696969,-5.326322e-07,0.051078364,1.43022681537e+12,1.43022681537e+12,888888,6749,1
-0.031883698,1.6512163,7.7061253,1.43022681537e+12,1.43022681537e+12,777777,6750,6
17.699997,13.5,-19.799988,1.43022681537e+12,1.43022681538e+12,999999,6749,8
-0.23020098,-0.16942552,-5.326322e-07,1.43022681542e+12,1.43022681542e+12,888888,6801,1
0.18217117,1.8401234,8.212971,1.43022681542e+12,1.43022681542e+12,777777,6800,7
18,13.799988,-19.799988,1.43022681542e+12,1.43022681543e+12,999999,6801,8
-0.055402007,-0.15663569,0.059605274,1.43022681547e+12,1.43022681547e+12,888888,6850,1
0.3570076,2.0818708,10.168954,1.43022681547e+12,1.43022681547e+12,777777,6850,6
17.399994,13.5,-21,1.43022681547e+12,1.43022681548e+12,999999,6850,8
0.2302388,-0.05004719,0.13313462,1.43022681552e+12,1.43022681552e+12,888888,6900,2
0.407303,1.9240988,11.226355,1.43022681552e+12,1.43022681552e+12,777777,6901,6
17.699997,13.799988,-20.699997,1.43022681552e+12,1.43022681553e+12,999999,6901,7
0.14283918,-0.2355052,0.5328285,1.43022681557e+12,1.43022681557e+12,888888,6951,1
0.475112,1.3921051,11.232641,1.43022681557e+12,1.43022681557e+12,777777,6951,5
17.09999,13.799988,-21,1.43022681557e+12,1.43022681558e+12,999999,6951,6
-0.3367932,-5.326322e-07,-0.33583927,1.43022681562e+12,1.43022681562e+12,888888,7000,1
0.637674,1.165177,12.4668255,1.43022681562e+12,1.43022681562e+12,777777,7000,5
17.09999,13.799988,-21,1.43022681562e+12,1.43022681562e+12,999999,7000,6
0.14816843,0.73228645,0.2674317,1.43022681567e+12,1.43022681567e+12,888888,7048,2
-0.25536895,0.41643402,12.578643,1.43022681567e+12,1.43022681567e+12,777777,7048,6
17.699997,13.799988,-21,1.43022681567e+12,1.43022681567e+12,999999,7048,8
0.18547319,0.05120833,0.60637194,1.43022681572e+12,1.43022681572e+12,888888,7100,1
-0.92043597,0.30820906,10.592722,1.43022681572e+12,1.43022681572e+12,777777,7100,5
17.699997,13.799988,-21.299988,1.43022681572e+12,1.43022681572e+12,999999,7100,7
-0.1385451,0.21428354,0.257839,1.43022681577e+12,1.43022681577e+12,888888,7151,1
-0.07918534,0.9460327,10.274633,1.43022681577e+12,1.43022681577e+12,777777,7151,5
18.59999,14.099991,-21.299988,1.43022681577e+12,1.43022681578e+12,999999,7151,7
-0.025565015,0.5766727,-0.048059672,1.43022681582e+12,1.43022681582e+12,888888,7200,1
0.22797592,1.3220508,9.486972,1.43022681582e+12,1.43022681582e+12,777777,7200,6
19.799988,14.099991,-21,1.43022681582e+12,1.43022681583e+12,999999,7200,8
-0.11189884,0.43811238,-5.326322e-07,1.43022681587e+12,1.43022681587e+12,888888,7252,1
-0.052989807,1.2975018,7.5384736,1.43022681587e+12,1.43022681587e+12,777777,7252,4
21,13.799988,-20.399994,1.43022681587e+12,1.43022681588e+12,999999,7252,5
-0.17158668,0.18763727,0.019089006,1.43022681591e+12,1.43022681592e+12,888888,7296,1
-0.38963974,1.4112653,6.9837275,1.43022681591e+12,1.43022681592e+12,777777,7296,6
22.199997,13.199997,-20.09999,1.43022681591e+12,1.43022681592e+12,999999,7296,8
-0.1374793,-0.08522036,0.06705201,1.43022681597e+12,1.43022681597e+12,888888,7351,1
-0.42945695,1.5030245,8.442594,1.43022681597e+12,1.43022681598e+12,777777,7351,7
22.799988,13.199997,-19.799988,1.43022681597e+12,1.43022681598e+12,999999,7351,8
-5.326322e-07,-0.026583673,-0.033127595,1.43022681602e+12,1.43022681602e+12,888888,7400,1
-0.23261628,1.4205459,10.499915,1.43022681602e+12,1.43022681602e+12,777777,7400,6
22.799988,13.199997,-19.5,1.43022681602e+12,1.43022681602e+12,999999,7400,7
-5.326322e-07,-0.29303455,-0.20577846,1.43022681607e+12,1.43022681607e+12,888888,7451,1
-0.13157639,1.0475217,11.977792,1.43022681607e+12,1.43022681608e+12,777777,7451,6
22.5,13.5,-19.199997,1.43022681607e+12,1.43022681608e+12,999999,7451,8
0.042660378,-0.62131625,-0.47437263,1.43022681612e+12,1.43022681612e+12,888888,7502,1
-0.21989273,0.4430786,13.129348,1.43022681612e+12,1.43022681615e+12,777777,7502,28
21.59999,13.799988,-19.799988,1.43022681612e+12,1.43022681616e+12,999999,7501,38
-0.16731176,0.49249706,-0.92416114,1.43022681617e+12,1.43022681622e+12,888888,7549,56
-0.14624588,0.084873505,13.057347,1.43022681617e+12,1.43022681623e+12,777777,7549,64
21.299988,14.399994,-20.09999,1.43022681617e+12,1.43022681625e+12,999999,7549,80
0.4242349,-5.326322e-07,-0.3134293,1.43022681622e+12,1.43022681625e+12,888888,7600,30
-0.29683274,-0.07364685,10.632689,1.43022681622e+12,1.43022681625e+12,777777,7601,32
21,14.399994,-20.399994,1.43022681622e+12,1.43022681625e+12,999999,7601,35
0.44342005,-0.25572976,-0.22176595,1.43022681627e+12,1.43022681628e+12,888888,7649,12
-0.026494903,0.09205856,9.309291,1.43022681627e+12,1.43022681628e+12,777777,7649,18
20.399994,14.099991,-20.399994,1.43022681627e+12,1.43022681629e+12,999999,7649,19
-0.26750174,-0.15127634,-0.49995282,1.43022681632e+12,1.43022681632e+12,888888,7700,1
0.1619632,0.63782364,9.284593,1.43022681632e+12,1.43022681632e+12,777777,7700,4
20.09999,14.399994,-19.799988,1.43022681632e+12,1.43022681632e+12,999999,7700,5
-0.2898848,-5.326322e-07,-0.4157506,1.43022681637e+12,1.43022681637e+12,888888,7750,1
-0.20327729,1.1798465,9.0832615,1.43022681637e+12,1.43022681637e+12,777777,7751,4
19.799988,14.099991,-18.899994,1.43022681637e+12,1.43022681637e+12,999999,7751,5
-0.25258005,0.115185715,-5.326322e-07,1.43022681642e+12,1.43022681642e+12,888888,7800,1
-0.50759447,1.364263,8.50711,1.43022681642e+12,1.43022681642e+12,777777,7800,5
19.199997,14.399994,-20.09999,1.43022681642e+12,1.43022681642e+12,999999,7800,6
-0.2152753,0.1567542,0.23335204,1.43022681647e+12,1.43022681647e+12,888888,7848,1
-0.26449996,1.4212945,7.4311466,1.43022681647e+12,1.43022681647e+12,777777,7848,5
18.899994,14.399994,-21.59999,1.43022681647e+12,1.43022681647e+12,999999,7848,6
0.2803451,-0.25466397,0.46144378,1.43022681652e+12,1.43022681652e+12,888888,7902,2
0.05598358,1.3680053,6.8855314,1.43022681652e+12,1.43022681653e+12,777777,7902,7
19.5,15,-21.59999,1.43022681652e+12,1.43022681653e+12,999999,7902,9
-0.08630719,0.061893463,0.021247765,1.43022681657e+12,1.43022681657e+12,888888,7950,1
-0.0119750975,1.8365309,7.938292,1.43022681657e+12,1.43022681657e+12,777777,7950,5
19.5,15,-21.899994,1.43022681657e+12,1.43022681658e+12,999999,7951,6
0.45301276,-0.34206387,0.11610823,1.43022681662e+12,1.43022681662e+12,888888,8000,1
0.24294479,1.9622694,10.269844,1.43022681662e+12,1.43022681662e+12,777777,8000,6
20.09999,15.899994,-20.699997,1.43022681662e+12,1.43022681663e+12,999999,8001,7
-5.326322e-07,-0.18858136,0.061749917,1.43022681667e+12,1.43022681667e+12,888888,8050,1
-0.105530545,1.8332378,12.479998,1.43022681667e+12,1.43022681667e+12,777777,8051,4
20.09999,15.899994,-19.5,1.43022681667e+12,1.43022681667e+12,999999,8050,6
-0.3133337,-0.14274943,-0.10665401,1.43022681672e+12,1.43022681672e+12,888888,8100,1
0.14280304,1.2660671,14.589111,1.43022681672e+12,1.43022681672e+12,777777,8100,4
19.5,15.599991,-19.799988,1.43022681672e+12,1.43022681672e+12,999999,8100,5
0.537215,0.57350165,0.07027683,1.43022681677e+12,1.43022681677e+12,888888,8151,1
0.28500733,0.84634,15.246844,1.43022681677e+12,1.43022681677e+12,777777,8150,6
19.199997,15.599991,-19.199997,1.43022681677e+12,1.43022681678e+12,999999,8151,7
0.54147816,-5.326322e-07,0.21843007,1.43022681682e+12,1.43022681682e+12,888888,8200,1
-0.5803432,0.9807605,11.097921,1.43022681682e+12,1.43022681683e+12,777777,8199,9
18.59999,14.699997,-19.5,1.43022681682e+12,1.43022681683e+12,999999,8200,10
-0.16838102,0.17593668,0.019109245,1.43022681687e+12,1.43022681687e+12,888888,8253,1
-1.025218,1.1181748,9.611214,1.43022681687e+12,1.43022681688e+12,777777,8252,10
18.59999,14.699997,-19.199997,1.43022681687e+12,1.43022681688e+12,999999,8252,12
0.33789736,0.27292928,-0.055500545,1.43022681692e+12,1.43022681692e+12,888888,8300,2
-0.61941195,1.2296928,9.636661,1.43022681692e+12,1.43022681692e+12,777777,8301,5
19.5,14.399994,-19.199997,1.43022681692e+12,1.43022681692e+12,999999,8300,7
0.29313174,0.7557593,0.44011986,1.43022681697e+12,1.43022681697e+12,888888,8351,1
-0.89648575,0.8601114,8.578212,1.43022681697e+12,1.43022681697e+12,777777,8350,6
20.399994,13.799988,-19.5,1.43022681697e+12,1.43022681698e+12,999999,8351,7
0.80900335,-0.5360507,0.44544885,1.43022681702e+12,1.43022681702e+12,888888,8400,1
-1.1210189,1.0419831,6.646329,1.43022681702e+12,1.43022681702e+12,777777,8400,6
21.899994,13.199997,-19.799988,1.43022681702e+12,1.43022681703e+12,999999,8400,8
0.20146868,0.60867214,0.22588399,1.43022681707e+12,1.43022681707e+12,888888,8450,2
-1.2528946,1.6536113,7.360793,1.43022681707e+12,1.43022681708e+12,777777,8449,10
23.699997,11.699997,-19.799988,1.43022681707e+12,1.43022681708e+12,999999,8450,11
0.3965194,-0.26319328,0.289835,1.43022681712e+12,1.43022681712e+12,888888,8500,1
-1.111289,2.1176462,7.9403877,1.43022681712e+12,1.43022681712e+12,777777,8499,8
24,9.899994,-19.199997,1.43022681712e+12,1.43022681713e+12,999999,8500,9
