-5.326322e-07,-0.036194757,0.056323193,1.42643800852e+12,1.42643800853e+12,888888,0,9
-0.6146219,3.264711,8.760383,1.42643800852e+12,1.42643800854e+12,777777,-1,22
12,-15.599991,-31.5,1.42643800852e+12,1.42643800854e+12,999999,0,24
-5.326322e-07,-0.019123627,0.04027472,1.42643800857e+12,1.42643800860e+12,888888,49,38
-0.64036834,3.336412,8.769215,1.42643800857e+12,1.42643800862e+12,777777,50,52
21.59999,-8.699997,-33.299988,1.42643800857e+12,1.42643800862e+12,999999,50,53
-0.019152656,-0.03934581,-5.326322e-07,1.42643800862e+12,1.42643800866e+12,888888,98,44
-0.64979875,3.3278797,8.772208,1.42643800862e+12,1.42643800867e+12,777777,99,52
30,-2.0999908,-33.299988,1.42643800862e+12,1.42643800868e+12,999999,99,61
-0.02018756,0.024615865,-5.326322e-07,1.42643800867e+12,1.42643800871e+12,888888,148,46
-0.646805,3.3362622,8.779992,1.42643800867e+12,1.42643800872e+12,777777,148,53
30.299988,-2.0999908,-33,1.42643800867e+12,1.42643800872e+12,999999,148,56
-0.03293771,-0.05847716,0.030642597,1.42643800872e+12,1.42643800875e+12,888888,198,36
-0.7232959,3.4025743,8.630004,1.42643800872e+12,1.42643800876e+12,777777,197,49
30.899994,-1.7999878,-32.09999,1.42643800872e+12,1.42643800877e+12,999999,198,50
-0.03289643,-0.054170296,0.06895989,1.42643800876e+12,1.4264380088e+12,888888,246,32
-0.85786605,3.489843,8.579109,1.42643800876e+12,1.4264380088e+12,777777,246,38
31.199997,-2.399994,-31.799988,1.42643800876e+12,1.4264380088e+12,999999,247,39
-5.326322e-07,-0.048826396,0.07960109,1.42643800882e+12,1.42643800885e+12,888888,297,32
-0.9327104,3.5543587,8.649913,1.42643800882e+12,1.42643800885e+12,777777,297,38
30.59999,-2.699997,-32.09999,1.42643800882e+12,1.42643800886e+12,999999,298,42
-5.326322e-07,-0.055163387,0.034771297,1.42643800887e+12,1.42643800888e+12,888888,348,19
-0.83945435,3.5944753,8.719518,1.42643800886e+12,1.4264380089e+12,777777,347,30
30.299988,-3.2999878,-32.399994,1.42643800887e+12,1.4264380089e+12,999999,348,31
0.06407699,-0.077465765,-0.017463678,1.42643800892e+12,1.42643800892e+12,888888,397,6
-0.53423905,3.5865417,8.860075,1.42643800892e+12,1.42643800893e+12,777777,397,15
30,-3,-32.699997,1.42643800892e+12,1.42643800893e+12,999999,397,16
0.0843282,-0.052951097,-0.11765366,1.42643800896e+12,1.42643800897e+12,888888,447,1
0.004191284,3.567232,8.731343,1.42643800897e+12,1.42643800897e+12,777777,448,6
28.799988,-3.2999878,-32.09999,1.42643800897e+12,1.42643800897e+12,999999,448,7
0.12376455,-0.16486539,-0.17520937,1.42643800902e+12,1.42643800902e+12,888888,497,1
0.123343505,3.461402,8.276439,1.42643800902e+12,1.42643800902e+12,777777,498,4
28.799988,-3.2999878,-31.799988,1.42643800902e+12,1.42643800902e+12,999999,497,6
0.018245583,-0.24693576,-0.1890658,1.42643800906e+12,1.42643800906e+12,888888,544,1
-0.025147704,3.3290772,8.0017605,1.42643800906e+12,1.42643800907e+12,777777,544,4
29.09999,-2.699997,-32.09999,1.42643800906e+12,1.42643800907e+12,999999,545,5
-0.28232437,-0.20110434,-0.2924529,1.42643800911e+12,1.42643800911e+12,888888,594,1
-0.041314088,3.3563204,8.017478,1.42643800911e+12,1.42643800912e+12,777777,595,4
29.09999,-2.699997,-32.09999,1.42643800911e+12,1.42643800912e+12,999999,594,6
-0.3665266,-0.2224211,-0.32123077,1.42643800916e+12,1.42643800916e+12,888888,646,1
0.08771759,3.5350487,9.085207,1.42643800916e+12,1.42643800917e+12,777777,647,5
29.399994,-1.199997,-33.299988,1.42643800916e+12,1.42643800917e+12,999999,646,7
-0.25141466,-0.03376569,-0.17520937,1.42643800922e+12,1.42643800922e+12,888888,697,1
0.08083191,3.8555324,9.020542,1.42643800922e+12,1.42643800922e+12,777777,698,6
29.09999,0,-33.59999,1.42643800922e+12,1.42643800922e+12,999999,698,7
-0.112854116,-0.39295742,-0.06436115,1.42643800926e+12,1.42643800926e+12,888888,744,1
0.024099885,4.2152343,8.153694,1.42643800926e+12,1.42643800927e+12,777777,744,7
28.799988,0.8999939,-34.5,1.42643800926e+12,1.42643800927e+12,999999,744,8
-0.1064588,-0.34073097,-0.089941606,1.42643800932e+12,1.42643800932e+12,888888,797,1
0.23561005,4.3159747,8.647218,1.42643800932e+12,1.42643800932e+12,777777,797,6
28.199997,1.7999878,-34.5,1.42643800932e+12,1.42643800932e+12,999999,797,7
-0.07341776,-0.6157199,-0.08780975,1.42643800937e+12,1.42643800937e+12,888888,848,1
0.11930191,4.5931983,9.298364,1.42643800937e+12,1.42643800937e+12,777777,848,5
27.899994,2.0999908,-33.899994,1.42643800937e+12,1.42643800937e+12,999999,848,6
-0.065956645,-0.1627338,-5.326322e-07,1.42643800942e+12,1.42643800942e+12,888888,897,1
-0.26210496,5.096901,10.2403555,1.42643800942e+12,1.42643800942e+12,777777,898,5
27.299988,2.399994,-34.5,1.42643800942e+12,1.42643800942e+12,999999,897,7
0.12589641,0.042975165,0.10617464,1.42643800947e+12,1.42643800947e+12,888888,948,1
-1.5723304,6.412665,9.608369,1.42643800947e+12,1.42643800947e+12,777777,948,4
26.09999,2.0999908,-35.699997,1.42643800947e+12,1.42643800947e+12,999999,948,5
-0.13630298,-0.16486539,-0.23063348,1.42643800952e+12,1.42643800952e+12,888888,997,1
-1.6982186,7.432494,10.374177,1.42643800952e+12,1.42643800952e+12,777777,998,4
26.09999,2.399994,-36,1.42643800952e+12,1.42643800952e+12,999999,998,5
1.1832196,1.019294,0.23194508,1.42643800956e+12,1.42643800956e+12,888888,1044,1
-1.5364051,5.959557,13.675113,1.42643800956e+12,1.42643800957e+12,777777,1045,3
26.09999,2.0999908,-35.699997,1.42643800956e+12,1.42643800957e+12,999999,1044,5
0.9903004,-0.06360987,0.92048436,1.42643800961e+12,1.42643800962e+12,888888,1096,1
-1.8196161,4.1496706,14.020294,1.42643800961e+12,1.42643800962e+12,777777,1096,4
26.399994,1.199997,-35.699997,1.42643800961e+12,1.42643800962e+12,999999,1096,5
0.13762072,0.62386334,0.30015957,1.42643800967e+12,1.42643800967e+12,888888,1148,1
-0.14654526,2.9008176,15.165563,1.42643800967e+12,1.42643800967e+12,777777,1148,8
27,0.2999878,-34.199997,1.42643800967e+12,1.42643800968e+12,999999,1148,9
-0.36546054,-0.47183013,-0.038780686,1.42643800972e+12,1.42643800972e+12,888888,1198,1
0.4459227,0.8002359,12.905862,1.42643800972e+12,1.42643800972e+12,777777,1198,9
27.299988,-1.199997,-33.299988,1.42643800972e+12,1.42643800973e+12,999999,1198,10
-0.8237762,0.7816093,-0.2242387,1.42643800976e+12,1.42643800976e+12,888888,1245,1
0.5289999,-1.5304174,10.124645,1.42643800976e+12,1.42643800977e+12,777777,1246,6
27,-2.0999908,-33.59999,1.42643800976e+12,1.42643800977e+12,999999,1246,7
0.9785761,-5.326322e-07,0.56129265,1.42643800982e+12,1.42643800982e+12,888888,1298,1
1.4576688,-1.6566051,6.1098447,1.42643800982e+12,1.42643800982e+12,777777,1298,6
27.899994,-2.0999908,-33.59999,1.42643800982e+12,1.42643800982e+12,999999,1298,7
0.3177492,0.90844554,-0.62819576,1.42643800986e+12,1.42643800986e+12,888888,1344,1
2.8065138,0.83152086,4.979695,1.42643800986e+12,1.42643800987e+12,777777,1344,5
29.09999,-2.399994,-32.399994,1.42643800986e+12,1.42643800987e+12,999999,1344,6
0.6332409,0.024855815,0.55596364,1.42643800991e+12,1.42643800991e+12,888888,1394,1
1.0756631,3.6229162,7.110364,1.42643800991e+12,1.42643800992e+12,777777,1394,5
30.59999,-2.0999908,-32.699997,1.42643800991e+12,1.42643800992e+12,999999,1394,6
-0.36226287,-0.5816128,0.3204105,1.42643800997e+12,1.42643800997e+12,888888,1449,1
-0.8640033,6.1715164,7.1030293,1.42643800997e+12,1.42643800997e+12,777777,1449,5
31.199997,-2.0999908,-32.399994,1.42643800997e+12,1.42643800997e+12,999999,1449,7
-0.7811422,-1.2328471,0.6284416,1.42643801002e+12,1.42643801002e+12,888888,1497,1
-0.9909393,6.069728,6.591842,1.42643801002e+12,1.42643801002e+12,777777,1498,5
31.199997,-1.7999878,-32.699997,1.42643801002e+12,1.42643801002e+12,999999,1497,7
-0.27379745,0.98305476,0.09445061,1.42643801007e+12,1.42643801007e+12,888888,1548,1
-0.9607022,5.4025655,5.7092776,1.42643801007e+12,1.42643801007e+12,777777,1548,7
30.299988,-1.7999878,-33.59999,1.42643801007e+12,1.42643801008e+12,999999,1548,9
1.2439729,0.39364025,1.0441227,1.42643801012e+12,1.42643801012e+12,888888,1598,1
-2.123185,4.8225217,4.9394283,1.42643801012e+12,1.42643801012e+12,777777,1598,7
29.399994,-2.699997,-34.5,1.42643801012e+12,1.42643801012e+12,999999,1599,8
0.9711153,-0.8672608,1.4502119,1.42643801017e+12,1.42643801017e+12,888888,1648,1
-1.0750644,5.859415,9.201365,1.42643801017e+12,1.42643801017e+12,777777,1648,7
29.09999,-3.899994,-34.799988,1.42643801017e+12,1.42643801018e+12,999999,1648,9
0.13975231,0.2945158,0.75314593,1.42643801022e+12,1.42643801022e+12,888888,1698,1
0.33934432,5.8627086,15.85952,1.42643801022e+12,1.42643801022e+12,777777,1697,6
28.5,-6.599991,-34.5,1.42643801022e+12,1.42643801022e+12,999999,1698,7
-0.3665266,-0.5197936,0.42912766,1.42643801026e+12,1.42643801027e+12,888888,1747,1
0.9261241,3.0274544,13.287119,1.42643801026e+12,1.42643801027e+12,777777,1747,5
28.5,-8.699997,-34.199997,1.42643801026e+12,1.42643801027e+12,999999,1747,6
-1.0827776,-0.4398549,-0.9969799,1.42643801032e+12,1.42643801032e+12,888888,1799,1
1.3308824,0.50759447,8.252938,1.42643801032e+12,1.42643801032e+12,777777,1799,5
27.899994,-8.699997,-33.59999,1.42643801032e+12,1.42643801032e+12,999999,1799,6
0.2825763,-0.39615506,-1.0119019,1.42643801037e+12,1.42643801037e+12,888888,1849,1
1.714834,-1.5648459,5.272785,1.42643801037e+12,1.42643801037e+12,777777,1849,5
27.299988,-8.399994,-33.899994,1.42643801037e+12,1.42643801038e+12,999999,1849,8
0.07153783,-0.3620477,-0.91277796,1.42643801042e+12,1.42643801042e+12,888888,1898,1
2.2517674,0.100141756,6.1255617,1.42643801042e+12,1.42643801042e+12,777777,1897,7
26.699997,-6.599991,-34.199997,1.42643801042e+12,1.42643801042e+12,999999,1898,9
0.0811308,0.28705522,-1.0683918,1.42643801047e+12,1.42643801047e+12,888888,1948,1
3.0124855,3.8101766,8.067024,1.42643801047e+12,1.42643801047e+12,777777,1948,5
26.09999,-5.099991,-35.09999,1.42643801047e+12,1.42643801047e+12,999999,1948,6
-1.0721189,-1.7199405,-1.0246919,1.42643801052e+12,1.42643801052e+12,888888,1997,1
1.2135265,6.389014,8.111033,1.42643801052e+12,1.42643801052e+12,777777,1997,6
25.199997,-4.5,-36.59999,1.42643801052e+12,1.42643801052e+12,999999,1998,7
-0.34947306,-0.8139683,-0.3809186,1.42643801057e+12,1.42643801057e+12,888888,2050,1
1.2578343,6.8138304,13.701009,1.42643801057e+12,1.42643801058e+12,777777,2049,8
23.699997,-3,-37.199997,1.42643801057e+12,1.42643801058e+12,999999,2050,9
0.43392694,-0.4814228,0.20103563,1.42643801062e+12,1.42643801062e+12,888888,2098,1
-0.53558624,6.2358823,8.568481,1.42643801062e+12,1.42643801062e+12,777777,2098,6
22.199997,-2.399994,-37.5,1.42643801062e+12,1.42643801062e+12,999999,2098,7
0.57142144,1.5820626,1.0494522,1.42643801067e+12,1.42643801067e+12,888888,2149,1
-4.861291,6.538852,4.826114,1.42643801067e+12,1.42643801068e+12,777777,2150,9
21.299988,-2.0999908,-37.799988,1.42643801067e+12,1.42643801068e+12,999999,2149,11
1.0329344,0.018461032,2.4126744,1.42643801072e+12,1.42643801072e+12,888888,2197,1
-3.2668066,5.928721,6.898704,1.42643801072e+12,1.42643801072e+12,777777,2197,6
21,-3.2999878,-36.59999,1.42643801072e+12,1.42643801072e+12,999999,2198,7
0.546907,1.395539,0.5154612,1.42643801076e+12,1.42643801077e+12,888888,2247,1
1.3569282,4.8714695,14.297817,1.42643801077e+12,1.42643801077e+12,777777,2248,6
21.899994,-5.699997,-36.299988,1.42643801077e+12,1.42643801077e+12,999999,2248,7
0.23674463,-0.090256125,0.74248743,1.42643801082e+12,1.42643801082e+12,888888,2299,1
2.2131476,1.8684146,11.501781,1.42643801082e+12,1.42643801082e+12,777777,2299,4
23.09999,-7.5,-35.699997,1.42643801082e+12,1.42643801082e+12,999999,2299,6
-1.3662935,-0.19364324,-0.90105313,1.42643801087e+12,1.42643801087e+12,888888,2349,1
2.3619382,0.32063323,8.599467,1.42643801087e+12,1.42643801087e+12,777777,2350,6
23.699997,-8.399994,-35.399994,1.42643801087e+12,1.42643801088e+12,999999,2349,8
0.94127166,-0.09878304,-5.326322e-07,1.42643801092e+12,1.42643801092e+12,888888,2399,1
2.4867787,-1.3561798,7.6116714,1.42643801092e+12,1.42643801092e+12,777777,2399,7
24.899994,-8.399994,-36.299988,1.42643801092e+12,1.42643801093e+12,999999,2400,8
-5.326322e-07,-0.30982098,-0.9820577,1.42643801097e+12,1.42643801097e+12,888888,2448,1
3.6868331,1.3647121,7.206015,1.42643801097e+12,1.42643801097e+12,777777,2448,7
24.899994,-8.099991,-36,1.42643801097e+12,1.42643801098e+12,999999,2448,9
0.5671582,-0.36417928,-1.2751665,1.42643801102e+12,1.42643801102e+12,888888,2498,1
4.1222777,6.3512926,12.028986,1.42643801102e+12,1.42643801102e+12,777777,2498,7
25.199997,-7.5,-36,1.42643801102e+12,1.42643801102e+12,999999,2499,8
0.97431296,-5.326322e-07,-0.072888054,1.42643801107e+12,1.42643801107e+12,888888,2549,1
0.48199767,6.070925,7.901768,1.42643801107e+12,1.42643801108e+12,777777,2549,10
24.59999,-8.399994,-36.299988,1.42643801107e+12,1.42643801108e+12,999999,2549,12
-2.3319535,-1.9395059,0.6241779,1.42643801112e+12,1.42643801112e+12,888888,2599,1
-0.7668553,4.8677273,4.483776,1.42643801112e+12,1.42643801113e+12,777777,2599,10
23.09999,-8.099991,-36,1.42643801112e+12,1.42643801113e+12,999999,2598,12
0.48721945,0.5556494,0.5826099,1.42643801116e+12,1.42643801117e+12,888888,2647,1
0.2773732,5.041965,6.302045,1.42643801117e+12,1.42643801117e+12,777777,2648,7
21.899994,-7.799988,-36.899994,1.42643801117e+12,1.42643801118e+12,999999,2648,9
1.2226557,0.7613583,0.4024814,1.42643801122e+12,1.42643801122e+12,888888,2699,1
-0.87672687,5.7535853,4.262686,1.42643801122e+12,1.42643801122e+12,777777,2699,8
20.699997,-8.399994,-37.199997,1.42643801122e+12,1.42643801123e+12,999999,2699,10
0.88904494,0.25507945,0.8735869,1.42643801127e+12,1.42643801127e+12,888888,2749,1
-0.54217255,6.410569,6.1313996,1.42643801127e+12,1.42643801128e+12,777777,2750,8
20.09999,-8.399994,-36.59999,1.42643801127e+12,1.42643801128e+12,999999,2749,10
0.07686708,0.7837409,0.36837402,1.42643801132e+12,1.42643801132e+12,888888,2799,1
1.8300943,5.781727,11.723321,1.42643801132e+12,1.42643801132e+12,777777,2800,7
20.699997,-10.199997,-36,1.42643801132e+12,1.42643801133e+12,999999,2799,9
-0.8237762,0.04937048,0.2660522,1.42643801137e+12,1.42643801137e+12,888888,2849,1
2.1121078,3.1726525,11.993809,1.42643801137e+12,1.42643801137e+12,777777,2850,6
21.899994,-11.399994,-34.5,1.42643801137e+12,1.42643801138e+12,999999,2849,8
-1.5975829,-0.20536807,-0.5450593,1.42643801142e+12,1.42643801142e+12,888888,2898,1
2.4810905,0.2814148,9.251961,1.42643801142e+12,1.42643801142e+12,777777,2899,6
22.799988,-10.5,-34.5,1.42643801142e+12,1.42643801142e+12,999999,2899,8
-0.028652152,-0.17658968,-0.5663766,1.42643801147e+12,1.42643801147e+12,888888,2949,1
2.6771827,-0.8866063,8.236322,1.42643801147e+12,1.42643801147e+12,777777,2949,5
23.399994,-9.599991,-34.799988,1.42643801147e+12,1.42643801147e+12,999999,2949,6
0.12483035,-0.70951486,-0.67083,1.42643801152e+12,1.42643801152e+12,888888,2998,1
3.8477485,1.1376343,7.5651183,1.42643801152e+12,1.42643801152e+12,777777,2998,5
23.399994,-7.799988,-35.399994,1.42643801152e+12,1.42643801152e+12,999999,2998,7
-0.52320623,-0.4984764,-1.1280797,1.42643801157e+12,1.42643801157e+12,888888,3048,1
2.844834,3.6745586,9.745335,1.42643801156e+12,1.42643801157e+12,777777,3047,6
23.09999,-6.299988,-36.299988,1.42643801157e+12,1.42643801157e+12,999999,3048,7
-1.0913045,-0.96212125,0.21169388,1.42643801162e+12,1.42643801162e+12,888888,3099,1
1.2413685,4.6955853,9.720785,1.42643801162e+12,1.42643801162e+12,777777,3099,6
21.59999,-4.5,-36.899994,1.42643801162e+12,1.42643801162e+12,999999,3099,7
-0.974061,-1.3149177,0.025170067,1.42643801167e+12,1.42643801167e+12,888888,3148,1
1.1798465,5.5729113,9.58876,1.42643801167e+12,1.42643801167e+12,777777,3148,5
20.09999,-3,-37.5,1.42643801167e+12,1.42643801167e+12,999999,3148,7
-0.017993648,0.67822164,0.034762774,1.42643801172e+12,1.42643801172e+12,888888,3197,1
-0.7644603,6.817423,7.9083543,1.42643801172e+12,1.42643801172e+12,777777,3197,6
19.199997,-1.7999878,-38.399994,1.42643801172e+12,1.42643801172e+12,999999,3198,7
1.6127571,0.90737975,0.7403556,1.42643801176e+12,1.42643801177e+12,888888,3247,4
-2.603087,7.2796617,5.356611,1.42643801177e+12,1.42643801178e+12,777777,3248,9
18.899994,-1.199997,-38.399994,1.42643801176e+12,1.42643801178e+12,999999,3247,11
1.5317525,0.21457702,1.533348,1.42643801182e+12,1.42643801182e+12,888888,3297,1
-0.40251297,6.101462,6.753656,1.42643801182e+12,1.42643801182e+12,777777,3297,5
19.199997,-3.2999878,-38.09999,1.42643801182e+12,1.42643801182e+12,999999,3297,6
0.60233116,0.5098177,0.6998534,1.42643801186e+12,1.42643801187e+12,888888,3347,1
2.7234366,4.017196,11.689491,1.42643801186e+12,1.42643801187e+12,777777,3347,5
19.799988,-5.399994,-38.09999,1.42643801187e+12,1.42643801187e+12,999999,3348,6
-0.38784334,-0.543242,1.4107752,1.42643801192e+12,1.42643801192e+12,888888,3397,4
2.259701,1.2458593,11.581716,1.42643801192e+12,1.42643801192e+12,777777,3398,7
19.199997,-8.099991,-37.5,1.42643801192e+12,1.42643801192e+12,999999,3397,9
-1.6135709,-0.13608754,-0.38518205,1.42643801197e+12,1.42643801197e+12,888888,3448,4
3.9366636,0.1088237,12.071796,1.42643801197e+12,1.42643801198e+12,777777,3448,11
18.299988,-9,-37.5,1.42643801197e+12,1.42643801198e+12,999999,3448,12
0.36997592,0.564176,-0.56211287,1.42643801202e+12,1.42643801202e+12,888888,3500,6
4.3589354,-0.37796402,11.441009,1.42643801202e+12,1.42643801203e+12,777777,3500,16
18.299988,-8.699997,-37.5,1.42643801202e+12,1.42643801204e+12,999999,3500,17
0.7920523,0.7048679,-1.8155528,1.42643801207e+12,1.42643801207e+12,888888,3549,4
4.8614407,-0.26734406,6.527476,1.42643801207e+12,1.42643801208e+12,777777,3549,9
19.5,-7.5,-36.899994,1.42643801207e+12,1.42643801208e+12,999999,3548,13
0.2719178,0.3467425,-1.9114791,1.42643801212e+12,1.42643801212e+12,888888,3599,1
5.117109,0.9172925,5.5390816,1.42643801212e+12,1.42643801212e+12,777777,3599,5
21,-6.599991,-36,1.42643801212e+12,1.42643801212e+12,999999,3600,6
-1.1499261,-1.2925346,-1.4265175,1.42643801217e+12,1.42643801217e+12,888888,3648,1
1.0413845,5.2837124,8.125703,1.42643801217e+12,1.42643801217e+12,777777,3648,5
22.199997,-6,-35.399994,1.42643801217e+12,1.42643801217e+12,999999,3648,6
-0.5487867,-0.8224949,1.0654399,1.42643801222e+12,1.42643801222e+12,888888,3698,2
-0.3065625,6.7846413,11.246862,1.42643801222e+12,1.42643801222e+12,777777,3698,9
21.899994,-5.399994,-34.799988,1.42643801222e+12,1.42643801223e+12,999999,3699,10
-0.20558326,0.36912557,-0.040912278,1.42643801227e+12,1.42643801227e+12,888888,3748,2
0.3686833,7.3643856,8.691376,1.42643801227e+12,1.42643801227e+12,777777,3749,7
21,-4.799988,-35.09999,1.42643801227e+12,1.42643801228e+12,999999,3748,9
0.6513602,0.9542769,0.19677219,1.42643801232e+12,1.42643801232e+12,888888,3797,3
-1.7582437,6.331234,6.562204,1.42643801232e+12,1.42643801232e+12,777777,3797,8
20.399994,-3.2999878,-36,1.42643801232e+12,1.42643801232e+12,999999,3797,9
1.6010327,0.8881943,1.4576727,1.42643801237e+12,1.42643801237e+12,888888,3848,3
-2.1761746,4.9061975,5.85732,1.42643801236e+12,1.42643801238e+12,777777,3847,10
21.59999,-4.199997,-36,1.42643801236e+12,1.42643801238e+12,999999,3847,11
0.3070907,-0.230948,0.5367785,1.42643801242e+12,1.42643801242e+12,888888,3897,5
1.2388239,4.7918353,10.155481,1.42643801242e+12,1.42643801243e+12,777777,3898,11
22.5,-6,-35.699997,1.42643801242e+12,1.42643801243e+12,999999,3898,12
-0.43367502,0.36166447,0.03263118,1.42643801247e+12,1.42643801247e+12,888888,3948,1
3.6543508,2.9659324,12.054882,1.42643801247e+12,1.42643801247e+12,777777,3948,7
23.399994,-7.799988,-34.799988,1.42643801247e+12,1.42643801247e+12,999999,3948,8
-1.4686154,-0.9045656,0.17332359,1.42643801251e+12,1.42643801251e+12,888888,3992,1
1.5867004,1.189726,9.683962,1.42643801251e+12,1.42643801252e+12,777777,3993,7
24,-8.399994,-34.199997,1.42643801251e+12,1.42643801252e+12,999999,3993,8
-0.094734766,0.1516918,-0.044109937,1.42643801257e+12,1.42643801257e+12,888888,4048,1
1.5717316,0.26255402,9.004375,1.42643801257e+12,1.42643801257e+12,777777,4049,4
23.09999,-7.199997,-34.5,1.42643801257e+12,1.42643801257e+12,999999,4049,5
0.6993237,-0.6061272,-0.45872578,1.42643801261e+12,1.42643801261e+12,888888,4095,1
2.416425,0.93660235,6.917415,1.42643801261e+12,1.42643801262e+12,777777,4096,4
22.799988,-5.399994,-35.09999,1.42643801261e+12,1.42643801262e+12,999999,4096,5
-5.326322e-07,0.23696008,-1.9722325,1.42643801266e+12,1.42643801267e+12,888888,4147,1
3.849994,3.6452198,10.411899,1.42643801266e+12,1.42643801267e+12,777777,4147,4
22.199997,-3.899994,-36,1.42643801267e+12,1.42643801267e+12,999999,4148,5
0.26552248,0.9553427,-1.0811819,1.42643801272e+12,1.42643801272e+12,888888,4199,1
2.3352938,4.2219706,10.014774,1.42643801272e+12,1.42643801272e+12,777777,4198,6
23.09999,-3.899994,-36.299988,1.42643801272e+12,1.42643801272e+12,999999,4199,8
-1.8821651,-1.0836283,-0.6793564,1.42643801277e+12,1.42643801277e+12,888888,4249,1
-1.3953983,3.7988005,6.440956,1.42643801277e+12,1.42643801277e+12,777777,4249,6
23.399994,-3.2999878,-36.59999,1.42643801277e+12,1.42643801277e+12,999999,4248,8
-0.21730755,0.36059868,0.6796022,1.42643801282e+12,1.42643801282e+12,888888,4300,1
-0.5062473,2.5628207,7.664811,1.42643801282e+12,1.42643801282e+12,777777,4300,6
24.299988,-1.7999878,-37.5,1.42643801282e+12,1.42643801283e+12,999999,4300,8
0.06514279,0.35953286,-0.046241798,1.42643801287e+12,1.42643801287e+12,888888,4348,3
-0.38155654,3.2332764,4.204307,1.42643801286e+12,1.42643801288e+12,777777,4347,11
25.199997,-0.2999878,-37.5,1.42643801286e+12,1.42643801288e+12,999999,4347,12
0.5266558,1.0629935,0.4845518,1.42643801292e+12,1.42643801292e+12,888888,4398,1
-1.6121476,2.9529095,3.188819,1.42643801292e+12,1.42643801292e+12,777777,4399,5
25.199997,0.2999878,-37.5,1.42643801292e+12,1.42643801292e+12,999999,4399,6
0.91888857,0.05256787,1.2455684,1.42643801296e+12,1.42643801296e+12,888888,4444,1
-1.325344,4.3248067,6.9157686,1.42643801296e+12,1.42643801297e+12,777777,4445,4
25.5,-0.2999878,-37.199997,1.42643801296e+12,1.42643801297e+12,999999,4445,5
0.32307872,0.6654318,0.71690696,1.42643801302e+12,1.42643801302e+12,888888,4498,1
-0.09834549,5.783523,13.645175,1.42643801302e+12,1.42643801302e+12,777777,4498,4
25.799988,-1.7999878,-36,1.42643801302e+12,1.42643801302e+12,999999,4498,5
0.029969884,-0.29383323,1.4853847,1.42643801307e+12,1.42643801307e+12,888888,4548,1
0.7006929,4.9970584,14.931899,1.42643801307e+12,1.42643801307e+12,777777,4548,4
25.799988,-4.199997,-35.09999,1.42643801307e+12,1.42643801307e+12,999999,4548,5
-1.1350044,-0.09132192,-0.041978076,1.42643801312e+12,1.42643801312e+12,888888,4599,1
2.0886068,3.7880228,13.021871,1.42643801312e+12,1.42643801312e+12,777777,4599,4
25.799988,-4.799988,-35.399994,1.42643801312e+12,1.42643801312e+12,999999,4598,6
-0.6127377,-0.040161002,-0.47577932,1.42643801317e+12,1.42643801317e+12,888888,4648,1
1.825903,1.2057426,9.698332,1.42643801317e+12,1.42643801317e+12,777777,4648,6
26.399994,-4.199997,-36,1.42643801317e+12,1.42643801317e+12,999999,4648,8
0.30389306,0.13570431,-0.58129805,1.42643801322e+12,1.42643801322e+12,888888,4698,1
1.2326866,-0.28725266,5.704188,1.42643801322e+12,1.42643801322e+12,777777,4698,6
26.699997,-3.899994,-36.299988,1.42643801322e+12,1.42643801322e+12,999999,4698,8
-0.7257181,0.9734621,-1.1110258,1.42643801327e+12,1.42643801327e+12,888888,4748,1
2.2950275,0.9153465,6.007607,1.42643801327e+12,1.42643801327e+12,777777,4748,7
27.59999,-2.0999908,-36.899994,1.42643801327e+12,1.42643801328e+12,999999,4748,9
-0.57756454,-1.4502805,-0.469384,1.42643801332e+12,1.42643801332e+12,888888,4798,4
1.011746,2.4771986,10.389745,1.42643801332e+12,1.42643801333e+12,777777,4798,10
28.799988,-0.59999084,-36.59999,1.42643801332e+12,1.42643801333e+12,999999,4798,11
-0.13417138,0.06216031,0.38862523,1.42643801337e+12,1.42643801337e+12,888888,4849,1
1.648971,3.21711,14.301709,1.42643801337e+12,1.42643801337e+12,777777,4849,5
28.199997,0.2999878,-36.299988,1.42643801337e+12,1.42643801337e+12,999999,4849,6
-0.4134238,-0.46650115,-0.48537204,1.42643801342e+12,1.42643801342e+12,888888,4897,4
1.9648142,4.0260277,12.011621,1.42643801342e+12,1.42643801342e+12,777777,4898,8
27.899994,2.0999908,-37.199997,1.42643801342e+12,1.42643801342e+12,999999,4897,10
-0.1906613,0.36059868,0.28736946,1.42643801347e+12,1.42643801347e+12,888888,4948,1
-0.019758912,2.431843,7.4354877,1.42643801347e+12,1.42643801347e+12,777777,4948,6
27,3.2999878,-37.5,1.42643801347e+12,1.42643801347e+12,999999,4948,7
0.647097,0.35313755,0.404613,1.42643801352e+12,1.42643801352e+12,888888,4998,1
-1.1572435,1.789379,4.001928,1.42643801352e+12,1.42643801352e+12,777777,4998,8
27,2.699997,-37.5,1.42643801352e+12,1.42643801353e+12,999999,4998,10
0.50000954,0.9660015,0.61778307,1.42643801357e+12,1.42643801357e+12,888888,5048,1
-1.1937675,1.4977853,3.198249,1.42643801357e+12,1.42643801357e+12,777777,5049,7
27.899994,1.7999878,-37.199997,1.42643801357e+12,1.42643801358e+12,999999,5048,9
0.62471396,-0.026304841,0.75314593,1.42643801362e+12,1.42643801362e+12,888888,5099,1
-0.52450925,1.7539028,6.1695704,1.42643801362e+12,1.42643801362e+12,777777,5099,7
29.399994,0.2999878,-36.299988,1.42643801362e+12,1.42643801363e+12,999999,5099,9
0.30176145,0.40962747,0.4152715,1.42643801367e+12,1.42643801367e+12,888888,5149,1
-0.7711963,2.0020866,9.832005,1.42643801367e+12,1.42643801369e+12,777777,5150,19
30,-1.199997,-35.399994,1.42643801367e+12,1.42643801369e+12,999999,5149,21
-0.37398717,-0.39722085,0.23407695,1.42643801372e+12,1.42643801372e+12,888888,5197,10
-0.77553725,2.2227278,10.32957,1.42643801372e+12,1.42643801373e+12,777777,5197,17
30.59999,-2.399994,-36,1.42643801372e+12,1.42643801373e+12,999999,5198,18
-0.33561662,0.37338877,0.18717921,1.42643801376e+12,1.42643801377e+12,888888,5247,1
-0.50609756,1.8200651,10.859617,1.42643801377e+12,1.42643801377e+12,777777,5248,5
30.299988,-2.699997,-36.299988,1.42643801376e+12,1.42643801377e+12,999999,5247,7
-0.060627393,-5.326322e-07,0.51972467,1.42643801381e+12,1.42643801382e+12,888888,5296,1
-1.0144404,1.6000228,9.440119,1.42643801381e+12,1.42643801382e+12,777777,5296,7
30,-2.0999908,-36.899994,1.42643801381e+12,1.42643801382e+12,999999,5296,8
0.25486398,0.15488972,0.5367785,1.42643801386e+12,1.42643801389e+12,888888,5347,22
-0.11361374,1.7765057,8.122858,1.42643801386e+12,1.42643801389e+12,777777,5347,29
30,-2.399994,-37.199997,1.42643801386e+12,1.42643801392e+12,999999,5347,51
0.3955564,-0.12756088,0.46856403,1.42643801392e+12,1.42643801395e+12,888888,5397,32
0.4540059,2.05822,7.2691836,1.42643801392e+12,1.42643801395e+12,777777,5397,39
30,-3.2999878,-37.199997,1.42643801392e+12,1.42643801396e+12,999999,5398,40
-0.0478373,-0.4132086,-0.48750362,1.42643801396e+12,1.42643801398e+12,888888,5447,16
0.8677455,2.047143,8.270601,1.42643801396e+12,1.42643801399e+12,777777,5447,22
29.699997,-3.899994,-36.899994,1.42643801396e+12,1.42643801399e+12,999999,5447,23
-5.326322e-07,0.11971655,-0.39370894,1.42643801402e+12,1.42643801402e+12,888888,5499,1
0.79454774,1.463806,9.9396305,1.42643801402e+12,1.42643801402e+12,777777,5499,6
30,-4.5,-36.899994,1.42643801402e+12,1.42643801403e+12,999999,5499,9
-0.13203926,-0.31728208,-0.299914,1.42643801407e+12,1.42643801407e+12,888888,5548,1
0.6397696,1.902843,8.772358,1.42643801407e+12,1.42643801407e+12,777777,5549,4
29.09999,-5.099991,-37.5,1.42643801407e+12,1.42643801407e+12,999999,5549,5
-0.047832504,0.20925389,0.3129422,1.42643801411e+12,1.42643801411e+12,888888,5595,1
0.57764876,2.0916004,8.014783,1.42643801411e+12,1.42643801412e+12,777777,5595,6
29.399994,-4.799988,-37.5,1.42643801411e+12,1.42643801412e+12,999999,5595,8
0.08753038,-5.326322e-07,0.3182712,1.42643801417e+12,1.42643801417e+12,888888,5648,1
0.34862503,2.7599607,8.118816,1.42643801417e+12,1.42643801417e+12,777777,5648,6
29.399994,-5.099991,-36.59999,1.42643801417e+12,1.42643801417e+12,999999,5648,7
-0.4176822,-0.0891842,0.12748419,1.42643801422e+12,1.42643801422e+12,888888,5697,1
0.087268524,2.8139982,9.045989,1.42643801422e+12,1.42643801422e+12,777777,5697,8
29.399994,-5.399994,-35.699997,1.42643801422e+12,1.42643801423e+12,999999,5697,11
0.1877201,-5.326322e-07,-5.326322e-07,1.42643801427e+12,1.42643801427e+12,888888,5748,1
0.89079756,2.926115,10.085876,1.42643801427e+12,1.42643801428e+12,777777,5748,9
30,-5.399994,-34.799988,1.42643801427e+12,1.42643801428e+12,999999,5748,11
0.056620937,0.11332736,-0.19866623,1.42643801432e+12,1.42643801432e+12,888888,5797,1
0.8370593,2.6710455,9.867929,1.42643801432e+12,1.42643801432e+12,777777,5797,5
30,-5.399994,-34.5,1.42643801432e+12,1.42643801432e+12,999999,5798,7
